/* Generated by generate_fonts.py; do not edit. */
/* Source: InterVariable.ttf; sha256=4989b125924991b90d05b2d16e0e388c48f7d5bb8b30539bbf9c755278d0ccaf; Regular, 28px. */
#include "wind_font_internal.h"

static const wind_font_glyph_t wind_font_inter_28_glyphs[] = {
    {32, 0, 8, 0, 0, 0, 8},
    {33, 0, 8, 21, 0, -21, 8},
    {34, 168, 13, 21, 0, -21, 13},
    {35, 441, 18, 21, 0, -21, 18},
    {36, 819, 18, 28, 0, -25, 18},
    {37, 1323, 28, 21, 0, -21, 28},
    {38, 1911, 18, 21, 0, -21, 18},
    {39, 2289, 9, 21, 0, -21, 9},
    {40, 2478, 10, 27, 0, -23, 10},
    {41, 2748, 10, 27, 0, -23, 10},
    {42, 3018, 14, 21, 0, -21, 14},
    {43, 3312, 19, 15, 0, -15, 19},
    {44, 3597, 8, 8, 0, -3, 8},
    {45, 3661, 13, 11, 0, -11, 13},
    {46, 3804, 8, 4, 0, -4, 8},
    {47, 3836, 10, 25, 0, -22, 10},
    {48, 4086, 18, 21, 0, -21, 18},
    {49, 4464, 11, 21, 0, -21, 11},
    {50, 4695, 17, 21, 0, -21, 17},
    {51, 5052, 17, 21, 0, -21, 17},
    {52, 5409, 18, 21, 0, -21, 18},
    {53, 5787, 16, 21, 0, -21, 16},
    {54, 6123, 18, 21, 0, -21, 18},
    {55, 6501, 15, 21, 0, -21, 15},
    {56, 6816, 18, 21, 0, -21, 18},
    {57, 7194, 18, 21, 0, -21, 18},
    {58, 7572, 8, 15, 0, -15, 8},
    {59, 7692, 9, 20, 0, -15, 9},
    {60, 7872, 18, 16, 0, -16, 18},
    {61, 8160, 18, 13, 0, -13, 18},
    {62, 8394, 18, 16, 0, -16, 18},
    {63, 8682, 15, 21, 0, -21, 15},
    {64, 8997, 28, 26, 0, -20, 28},
    {65, 9725, 18, 21, 0, -21, 18},
    {66, 10103, 18, 21, 0, -21, 18},
    {67, 10481, 21, 21, 0, -21, 21},
    {68, 10922, 20, 21, 0, -21, 20},
    {69, 11342, 16, 21, 0, -21, 16},
    {70, 11678, 16, 21, 0, -21, 16},
    {71, 12014, 21, 21, 0, -21, 21},
    {72, 12455, 20, 21, 0, -21, 20},
    {73, 12875, 7, 21, 0, -21, 7},
    {74, 13022, 15, 21, 0, -21, 15},
    {75, 13337, 18, 21, 0, -21, 18},
    {76, 13715, 15, 21, 0, -21, 15},
    {77, 14030, 25, 21, 0, -21, 25},
    {78, 14555, 20, 21, 0, -21, 20},
    {79, 14975, 22, 21, 0, -21, 22},
    {80, 15437, 18, 21, 0, -21, 18},
    {81, 15815, 22, 23, 0, -21, 22},
    {82, 16321, 18, 21, 0, -21, 18},
    {83, 16699, 18, 21, 0, -21, 18},
    {84, 17077, 17, 21, 0, -21, 17},
    {85, 17434, 20, 21, 0, -21, 20},
    {86, 17854, 19, 21, 0, -21, 19},
    {87, 18253, 28, 21, 0, -21, 28},
    {88, 18841, 19, 21, 0, -21, 19},
    {89, 19240, 19, 21, 0, -21, 19},
    {90, 19639, 18, 21, 0, -21, 18},
    {91, 20017, 10, 27, 0, -23, 10},
    {92, 20287, 10, 25, 0, -22, 10},
    {93, 20537, 11, 27, 0, -23, 11},
    {94, 20834, 13, 21, 0, -21, 13},
    {95, 21107, 13, 3, 0, -1, 13},
    {96, 21146, 9, 22, 0, -22, 9},
    {97, 21344, 16, 16, 0, -16, 16},
    {98, 21600, 17, 21, 0, -21, 17},
    {99, 21957, 16, 16, 0, -16, 16},
    {100, 22213, 17, 21, 0, -21, 17},
    {101, 22570, 16, 16, 0, -16, 16},
    {102, 22826, 11, 22, 0, -22, 11},
    {103, 23068, 17, 22, 0, -16, 17},
    {104, 23442, 17, 21, 0, -21, 17},
    {105, 23799, 7, 22, 0, -22, 7},
    {106, 23953, 7, 28, 0, -22, 7},
    {107, 24149, 15, 21, 0, -21, 15},
    {108, 24464, 7, 21, 0, -21, 7},
    {109, 24611, 25, 16, 0, -16, 25},
    {110, 25011, 17, 16, 0, -16, 17},
    {111, 25283, 16, 16, 0, -16, 16},
    {112, 25539, 17, 22, 0, -16, 17},
    {113, 25913, 17, 22, 0, -16, 17},
    {114, 26287, 10, 16, 0, -16, 10},
    {115, 26447, 15, 16, 0, -16, 15},
    {116, 26687, 9, 20, 0, -20, 9},
    {117, 26867, 17, 16, 0, -16, 17},
    {118, 27139, 16, 16, 0, -16, 16},
    {119, 27395, 23, 16, 0, -16, 23},
    {120, 27763, 15, 16, 0, -16, 15},
    {121, 28003, 16, 22, 0, -16, 16},
    {122, 28355, 16, 16, 0, -16, 16},
    {123, 28611, 12, 27, 0, -23, 12},
    {124, 28935, 10, 35, 0, -28, 10},
    {125, 29285, 12, 27, 0, -23, 12},
    {126, 29609, 18, 12, 0, -12, 18},
    {176, 29825, 13, 22, 0, -22, 13},
    {192, 30111, 18, 27, 0, -27, 18},
    {193, 30597, 18, 28, 0, -28, 18},
    {196, 31101, 18, 27, 0, -27, 18},
    {199, 31587, 21, 27, 0, -21, 21},
    {200, 32154, 16, 27, 0, -27, 16},
    {201, 32586, 16, 28, 0, -28, 16},
    {203, 33034, 16, 27, 0, -27, 16},
    {204, 33466, 8, 27, -1, -27, 7},
    {205, 33682, 7, 28, 0, -28, 7},
    {207, 33878, 9, 27, -1, -27, 7},
    {209, 34121, 20, 27, 0, -27, 20},
    {210, 34661, 22, 27, 0, -27, 22},
    {211, 35255, 22, 28, 0, -28, 22},
    {214, 35871, 22, 27, 0, -27, 22},
    {217, 36465, 20, 28, 0, -28, 20},
    {218, 37025, 20, 28, 0, -28, 20},
    {220, 37585, 20, 27, 0, -27, 20},
    {224, 38125, 16, 22, 0, -22, 16},
    {225, 38477, 16, 23, 0, -23, 16},
    {228, 38845, 16, 22, 0, -22, 16},
    {231, 39197, 15, 22, 0, -16, 15},
    {232, 39527, 16, 22, 0, -22, 16},
    {233, 39879, 16, 23, 0, -23, 16},
    {235, 40247, 16, 22, 0, -22, 16},
    {236, 40599, 8, 22, -1, -22, 7},
    {237, 40775, 7, 22, 0, -22, 7},
    {239, 40929, 9, 22, -1, -22, 7},
    {241, 41127, 17, 22, 0, -22, 17},
    {242, 41501, 16, 22, 0, -22, 16},
    {243, 41853, 16, 23, 0, -23, 16},
    {246, 42221, 16, 22, 0, -22, 16},
    {249, 42573, 17, 22, 0, -22, 17},
    {250, 42947, 17, 22, 0, -22, 17},
    {252, 43321, 17, 22, 0, -22, 17},
    {8230, 43695, 24, 4, 0, -4, 24},
    {8242, 43791, 6, 21, 0, -21, 6},
    {8243, 43917, 12, 21, 0, -21, 12},
};

static const uint8_t wind_font_inter_28_bitmap[] = {
    0x00, 0x00, 0x7c, 0xff, 0xff, 0x00, 0x00, 0x00, 0x00, 0x00, 0x7c, 0xff, 0xff, 0x00, 0x00, 0x00,
    0x00, 0x00, 0x7c, 0xff, 0xff, 0x00, 0x00, 0x00, 0x00, 0x00, 0x7c, 0xff, 0xff, 0x00, 0x00, 0x00,
    0x00, 0x00, 0x7c, 0xff, 0xff, 0x00, 0x00, 0x00, 0x00, 0x00, 0x7c, 0xff, 0xff, 0x00, 0x00, 0x00,
    0x00, 0x00, 0x7c, 0xff, 0xff, 0x00, 0x00, 0x00, 0x00, 0x00, 0x7c, 0xff, 0xff, 0x00, 0x00, 0x00,
    0x00, 0x00, 0x7c, 0xff, 0xff, 0x00, 0x00, 0x00, 0x00, 0x00, 0x7c, 0xff, 0xff, 0x00, 0x00, 0x00,
    0x00, 0x00, 0x7c, 0xff, 0xff, 0x00, 0x00, 0x00, 0x00, 0x00, 0x7c, 0xff, 0xff, 0x00, 0x00, 0x00,
    0x00, 0x00, 0x7c, 0xff, 0xff, 0x00, 0x00, 0x00, 0x00, 0x00, 0x7c, 0xff, 0xff, 0x00, 0x00, 0x00,
    0x00, 0x00, 0x00, 0x00, 0x00, 0x00, 0x00, 0x00, 0x00, 0x00, 0x00, 0x00, 0x00, 0x00, 0x00, 0x00,
    0x00, 0x00, 0x00, 0x00, 0x00, 0x00, 0x00, 0x00, 0x00, 0x00, 0x49, 0xe3, 0xe4, 0x49, 0x00, 0x00,
    0x00, 0x00, 0xe4, 0xff, 0xff, 0xe3, 0x00, 0x00, 0x00, 0x00, 0xe4, 0xff, 0xff, 0xe4, 0x00, 0x00,
    0x00, 0x00, 0x49, 0xe3, 0xe4, 0x49, 0x00, 0x00, 0x00, 0x00, 0x00, 0xff, 0xff, 0x7c, 0x00, 0x7c,
    0xff, 0xff, 0x00, 0x00, 0x00, 0x00, 0x00, 0x00, 0xff, 0xff, 0x7c, 0x00, 0x7c, 0xff, 0xff, 0x00,
    0x00, 0x00, 0x00, 0x00, 0x00, 0xff, 0xff, 0x7c, 0x00, 0x7c, 0xff, 0xff, 0x00, 0x00, 0x00, 0x00,
    0x00, 0x00, 0xff, 0xff, 0x7c, 0x00, 0x7c, 0xff, 0xff, 0x00, 0x00, 0x00, 0x00, 0x00, 0x00, 0xff,
    0xff, 0x7c, 0x00, 0x7c, 0xff, 0xff, 0x00, 0x00, 0x00, 0x00, 0x00, 0x00, 0xff, 0xff, 0x7c, 0x00,
    0x7c, 0xff, 0xff, 0x00, 0x00, 0x00, 0x00, 0x00, 0x00, 0xff, 0xff, 0x7c, 0x00, 0x7c, 0xff, 0xff,
    0x00, 0x00, 0x00, 0x00, 0x00, 0x00, 0xff, 0xff, 0x7c, 0x00, 0x7c, 0xff, 0xff, 0x00, 0x00, 0x00,
    0x00, 0x00, 0x00, 0x00, 0x00, 0x00, 0x00, 0x00, 0x00, 0x00, 0x00, 0x00, 0x00, 0x00, 0x00, 0x00,
    0x00, 0x00, 0x00, 0x00, 0x00, 0x00, 0x00, 0x00, 0x00, 0x00, 0x00, 0x00, 0x00, 0x00, 0x00, 0x00,
    0x00, 0x00, 0x00, 0x00, 0x00, 0x00, 0x00, 0x00, 0x00, 0x00, 0x00, 0x00, 0x00, 0x00, 0x00, 0x00,
    0x00, 0x00, 0x00, 0x00, 0x00, 0x00, 0x00, 0x00, 0x00, 0x00, 0x00, 0x00, 0x00, 0x00, 0x00, 0x00,
    0x00, 0x00, 0x00, 0x00, 0x00, 0x00, 0x00, 0x00, 0x00, 0x00, 0x00, 0x00, 0x00, 0x00, 0x00, 0x00,
    0x00, 0x00, 0x00, 0x00, 0x00, 0x00, 0x00, 0x00, 0x00, 0x00, 0x00, 0x00, 0x00, 0x00, 0x00, 0x00,
    0x00, 0x00, 0x00, 0x00, 0x00, 0x00, 0x00, 0x00, 0x00, 0x00, 0x00, 0x00, 0x00, 0x00, 0x00, 0x00,
    0x00, 0x00, 0x00, 0x00, 0x00, 0x00, 0x00, 0x00, 0x00, 0x00, 0x00, 0x00, 0x00, 0x00, 0x00, 0x00,
    0x00, 0x00, 0x00, 0x00, 0x00, 0x00, 0x00, 0x00, 0x00, 0x00, 0x00, 0x00, 0x00, 0x00, 0x00, 0x00,
    0x00, 0x00, 0x00, 0x00, 0x00, 0x00, 0x00, 0x00, 0x00, 0x00, 0x00, 0x00, 0x00, 0x00, 0x00, 0x00,
    0x00, 0x00, 0x00, 0x00, 0x00, 0x00, 0x00, 0x00, 0x00, 0x00, 0x00, 0x00, 0x00, 0x00, 0x29, 0xff,
    0xe7, 0x00, 0x00, 0x00, 0x00, 0x05, 0xfb, 0xff, 0x13, 0x00, 0x00, 0x00, 0x00, 0x00, 0x00, 0x00,
    0x51, 0xff, 0xbe, 0x00, 0x00, 0x00, 0x00, 0x29, 0xff, 0xea, 0x00, 0x00, 0x00, 0x00, 0x00, 0x00,
    0x00, 0x00, 0x7a, 0xff, 0x96, 0x00, 0x00, 0x00, 0x00, 0x52, 0xff, 0xc1, 0x00, 0x00, 0x00, 0x00,
    0x00, 0x00, 0x00, 0x00, 0xa3, 0xff, 0x6d, 0x00, 0x00, 0x00, 0x00, 0x7b, 0xff, 0x98, 0x00, 0x00,
    0x00, 0x00, 0x00, 0x00, 0x00, 0x00, 0xcc, 0xff, 0x45, 0x00, 0x00, 0x00, 0x00, 0xa4, 0xff, 0x70,
    0x00, 0x00, 0x00, 0x00, 0x00, 0x27, 0x28, 0x28, 0xff, 0xff, 0x44, 0x28, 0x28, 0x28, 0x28, 0xf5,
    0xff, 0x6f, 0x28, 0x28, 0x08, 0x00, 0x17, 0xff, 0xff, 0xff, 0xff, 0xff, 0xff, 0xff, 0xff, 0xff,
    0xff, 0xff, 0xff, 0xff, 0xff, 0xff, 0x23, 0x00, 0x40, 0xff, 0xff, 0xff, 0xff, 0xff, 0xff, 0xff,
    0xff, 0xff, 0xff, 0xff, 0xff, 0xff, 0xff, 0xfa, 0x03, 0x00, 0x00, 0x00, 0x00, 0x6f, 0xff, 0xa2,
    0x00, 0x00, 0x00, 0x00, 0x48, 0xff, 0xcd, 0x00, 0x00, 0x00, 0x00, 0x00, 0x00, 0x00, 0x00, 0x97,
    0xff, 0x7a, 0x00, 0x00, 0x00, 0x00, 0x71, 0xff, 0xa4, 0x00, 0x00, 0x00, 0x00, 0x00, 0x00, 0x00,
    0x00, 0xc0, 0xff, 0x51, 0x00, 0x00, 0x00, 0x00, 0x9a, 0xff, 0x7b, 0x00, 0x00, 0x00, 0x00, 0x00,
    0x00, 0x00, 0x00, 0xe9, 0xff, 0x29, 0x00, 0x00, 0x00, 0x00, 0xc3, 0xff, 0x52, 0x00, 0x00, 0x00,
    0x00, 0x00, 0x00, 0x00, 0x11, 0xff, 0xfb, 0x05, 0x00, 0x00, 0x00, 0x00, 0xec, 0xff, 0x2a, 0x00,
    0x00, 0x00, 0x00, 0x44, 0xff, 0xff, 0xff, 0xff, 0xff, 0xff, 0xff, 0xff, 0xff, 0xff, 0xff, 0xff,
    0xff, 0xff, 0xf9, 0x03, 0x00, 0x6a, 0xff, 0xff, 0xff, 0xff, 0xff, 0xff, 0xff, 0xff, 0xff, 0xff,
    0xff, 0xff, 0xff, 0xff, 0xd5, 0x00, 0x00, 0x24, 0x48, 0x48, 0xd4, 0xff, 0xce, 0x48, 0x48, 0x48,
    0x48, 0xaf, 0xff, 0xf7, 0x48, 0x48, 0x35, 0x00, 0x00, 0x00, 0x00, 0x00, 0xb5, 0xff, 0x5e, 0x00,
    0x00, 0x00, 0x00, 0x90, 0xff, 0x87, 0x00, 0x00, 0x00, 0x00, 0x00, 0x00, 0x00, 0x00, 0xdd, 0xff,
    0x35, 0x00, 0x00, 0x00, 0x00, 0xb9, 0xff, 0x5e, 0x00, 0x00, 0x00, 0x00, 0x00, 0x00, 0x00, 0x08,
    0xfd, 0xff, 0x0d, 0x00, 0x00, 0x00, 0x00, 0xe2, 0xff, 0x35, 0x00, 0x00, 0x00, 0x00, 0x00, 0x00,
    0x00, 0x2f, 0xff, 0xe4, 0x00, 0x00, 0x00, 0x00, 0x0c, 0xfe, 0xff, 0x0d, 0x00, 0x00, 0x00, 0x00,
    0x00, 0x00, 0x00, 0x58, 0xff, 0xbc, 0x00, 0x00, 0x00, 0x00, 0x34, 0xff, 0xe4, 0x00, 0x00, 0x00,
    0x00, 0x00, 0x00, 0x00, 0x00, 0x00, 0x00, 0x00, 0x00, 0x00, 0x00, 0x80, 0x6c, 0x00, 0x00, 0x00,
    0x00, 0x00, 0x00, 0x00, 0x00, 0x00, 0x00, 0x00, 0x00, 0x00, 0x00, 0x00, 0x00, 0xff, 0xd8, 0x00,
    0x00, 0x00, 0x00, 0x00, 0x00, 0x00, 0x00, 0x00, 0x00, 0x00, 0x00, 0x00, 0x00, 0x00, 0x00, 0xff,
    0xd8, 0x00, 0x00, 0x00, 0x00, 0x00, 0x00, 0x00, 0x00, 0x00, 0x00, 0x00, 0x00, 0x00, 0x00, 0x00,
    0x00, 0xff, 0xd8, 0x00, 0x00, 0x00, 0x00, 0x00, 0x00, 0x00, 0x00, 0x00, 0x00, 0x00, 0x00, 0x00,
    0x4b, 0xa3, 0xdc, 0xff, 0xff, 0xd7, 0x95, 0x36, 0x00, 0x00, 0x00, 0x00, 0x00, 0x00, 0x00, 0x00,
    0x17, 0xbc, 0xff, 0xff, 0xff, 0xff, 0xff, 0xff, 0xff, 0xfe, 0x9d, 0x06, 0x00, 0x00, 0x00, 0x00,
    0x00, 0x0c, 0xd1, 0xff, 0xff, 0xc5, 0x71, 0xff, 0xff, 0x88, 0xe9, 0xff, 0xff, 0xa9, 0x00, 0x00,
    0x00, 0x00, 0x00, 0x79, 0xff, 0xff, 0x6b, 0x00, 0x00, 0xff, 0xd8, 0x00, 0x08, 0xac, 0xff, 0xff,
    0x42, 0x00, 0x00, 0x00, 0x00, 0xd3, 0xff, 0xb9, 0x00, 0x00, 0x00, 0xff, 0xd8, 0x00, 0x00, 0x0e,
    0xf3, 0xff, 0x91, 0x00, 0x00, 0x00, 0x00, 0xf5, 0xff, 0x85, 0x00, 0x00, 0x00, 0xff, 0xd8, 0x00,
    0x00, 0x00, 0x52, 0x68, 0x45, 0x00, 0x00, 0x00, 0x00, 0xed, 0xff, 0xb0, 0x00, 0x00, 0x00, 0xff,
    0xd8, 0x00, 0x00, 0x00, 0x00, 0x00, 0x00, 0x00, 0x00, 0x00, 0x00, 0xab, 0xff, 0xff, 0x68, 0x00,
    0x00, 0xff, 0xd8, 0x00, 0x00, 0x00, 0x00, 0x00, 0x00, 0x00, 0x00, 0x00, 0x00, 0x2a, 0xf4, 0xff,
    0xff, 0xc7, 0x65, 0xff, 0xd8, 0x00, 0x00, 0x00, 0x00, 0x00, 0x00, 0x00, 0x00, 0x00, 0x00, 0x00,
    0x3b, 0xe4, 0xff, 0xff, 0xff, 0xff, 0xff, 0x7e, 0x25, 0x00, 0x00, 0x00, 0x00, 0x00, 0x00, 0x00,
    0x00, 0x00, 0x00, 0x0c, 0x78, 0xdb, 0xff, 0xff, 0xff, 0xff, 0xff, 0xc0, 0x39, 0x00, 0x00, 0x00,
    0x00, 0x00, 0x00, 0x00, 0x00, 0x00, 0x00, 0x00, 0x2c, 0xff, 0xff, 0xfe, 0xff, 0xff, 0xfe, 0x71,
    0x00, 0x00, 0x00, 0x00, 0x00, 0x00, 0x00, 0x00, 0x00, 0x00, 0x00, 0xff, 0xd8, 0x1c, 0x7b, 0xf0,
    0xff, 0xfe, 0x46, 0x00, 0x00, 0x00, 0x00, 0x00, 0x00, 0x00, 0x00, 0x00, 0x00, 0xff, 0xd8, 0x00,
    0x00, 0x25, 0xf0, 0xff, 0xbd, 0x00, 0x00, 0x00, 0x00, 0x00, 0x00, 0x00, 0x00, 0x00, 0x00, 0xff,
    0xd8, 0x00, 0x00, 0x00, 0x95, 0xff, 0xef, 0x00, 0x00, 0x00, 0x55, 0xac, 0xac, 0x15, 0x00, 0x00,
    0x00, 0xff, 0xd8, 0x00, 0x00, 0x00, 0x8d, 0xff, 0xf1, 0x00, 0x00, 0x00, 0x55, 0xff, 0xff, 0x64,
    0x00, 0x00, 0x00, 0xff, 0xd8, 0x00, 0x00, 0x03, 0xd7, 0xff, 0xca, 0x00, 0x00, 0x00, 0x0b, 0xea,
    0xff, 0xec, 0x37, 0x00, 0x00, 0xff, 0xd8, 0x00, 0x09, 0xa1, 0xff, 0xff, 0x68, 0x00, 0x00, 0x00,
    0x00, 0x5a, 0xfe, 0xff, 0xfd, 0xad, 0x67, 0xff, 0xff, 0x8a, 0xe4, 0xff, 0xff, 0xc2, 0x06, 0x00,
    0x00, 0x00, 0x00, 0x00, 0x5d, 0xf0, 0xff, 0xff, 0xff, 0xff, 0xff, 0xff, 0xff, 0xff, 0xad, 0x11,
    0x00, 0x00, 0x00, 0x00, 0x00, 0x00, 0x00, 0x16, 0x77, 0xc1, 0xe5, 0xff, 0xff, 0xd6, 0x99, 0x40,
    0x00, 0x00, 0x00, 0x00, 0x00, 0x00, 0x00, 0x00, 0x00, 0x00, 0x00, 0x00, 0x00, 0xff, 0xd8, 0x00,
    0x00, 0x00, 0x00, 0x00, 0x00, 0x00, 0x00, 0x00, 0x00, 0x00, 0x00, 0x00, 0x00, 0x00, 0x00, 0xff,
    0xd8, 0x00, 0x00, 0x00, 0x00, 0x00, 0x00, 0x00, 0x00, 0x00, 0x00, 0x00, 0x00, 0x00, 0x00, 0x00,
    0x00, 0x80, 0x6c, 0x00, 0x00, 0x00, 0x00, 0x00, 0x00, 0x00, 0x00, 0x00, 0x00, 0x00, 0x00, 0x36,
    0xb9, 0xf0, 0xf1, 0xbe, 0x3b, 0x00, 0x00, 0x00, 0x00, 0x00, 0x00, 0x00, 0x00, 0x06, 0xd5, 0xff,
    0x46, 0x00, 0x00, 0x00, 0x00, 0x00, 0x00, 0x00, 0x00, 0x00, 0x33, 0xf8, 0xff, 0xff, 0xff, 0xff,
    0xfa, 0x38, 0x00, 0x00, 0x00, 0x00, 0x00, 0x00, 0x00, 0x84, 0xff, 0x9a, 0x00, 0x00, 0x00, 0x00,
    0x00, 0x00, 0x00, 0x00, 0x00, 0x00, 0xb8, 0xff, 0xf5, 0x6b, 0x67, 0xf3, 0xff, 0xb9, 0x00, 0x00,
    0x00, 0x00, 0x00, 0x00, 0x2f, 0xfb, 0xe1, 0x0e, 0x00, 0x00, 0x00, 0x00, 0x00, 0x00, 0x00, 0x00,
    0x00, 0x00, 0xf2, 0xff, 0x98, 0x00, 0x00, 0x96, 0xff, 0xf2, 0x00, 0x00, 0x00, 0x00, 0x00, 0x04,
    0xce, 0xff, 0x45, 0x00, 0x00, 0x00, 0x00, 0x00, 0x00, 0x00, 0x00, 0x00, 0x00, 0x00, 0xff, 0xff,
    0x7c, 0x00, 0x00, 0x7c, 0xff, 0xff, 0x00, 0x00, 0x00, 0x00, 0x00, 0x7b, 0xff, 0x99, 0x00, 0x00,
    0x00, 0x00, 0x00, 0x00, 0x00, 0x00, 0x00, 0x00, 0x00, 0x00, 0xf2, 0xff, 0x96, 0x00, 0x00, 0x97,
    0xff, 0xf2, 0x00, 0x00, 0x00, 0x00, 0x29, 0xf8, 0xe0, 0x0d, 0x00, 0x00, 0x00, 0x00, 0x00, 0x00,
    0x00, 0x00, 0x00, 0x00, 0x00, 0x00, 0xb9, 0xff, 0xf3, 0x68, 0x67, 0xf3, 0xff, 0xb9, 0x00, 0x00,
    0x00, 0x02, 0xc6, 0xfe, 0x43, 0x00, 0x00, 0x00, 0x00, 0x00, 0x00, 0x00, 0x00, 0x00, 0x00, 0x00,
    0x00, 0x00, 0x37, 0xf9, 0xff, 0xff, 0xff, 0xff, 0xf9, 0x37, 0x00, 0x00, 0x00, 0x71, 0xff, 0x97,
    0x00, 0x00, 0x00, 0x00, 0x00, 0x00, 0x00, 0x00, 0x00, 0x00, 0x00, 0x00, 0x00, 0x00, 0x00, 0x38,
    0xba, 0xf1, 0xf2, 0xbd, 0x39, 0x00, 0x00, 0x00, 0x23, 0xf5, 0xdf, 0x0c, 0x00, 0x00, 0x00, 0x00,
    0x00, 0x00, 0x00, 0x00, 0x00, 0x00, 0x00, 0x00, 0x00, 0x00, 0x00, 0x00, 0x00, 0x00, 0x00, 0x00,
    0x00, 0x00, 0x00, 0x01, 0xbf, 0xfe, 0x42, 0x00, 0x00, 0x00, 0x00, 0x00, 0x00, 0x00, 0x00, 0x00,
    0x00, 0x00, 0x00, 0x00, 0x00, 0x00, 0x00, 0x00, 0x00, 0x00, 0x00, 0x00, 0x00, 0x00, 0x00, 0x68,
    0xff, 0x95, 0x00, 0x00, 0x00, 0x00, 0x00, 0x00, 0x00, 0x00, 0x00, 0x00, 0x00, 0x00, 0x00, 0x00,
    0x00, 0x00, 0x00, 0x00, 0x00, 0x00, 0x00, 0x00, 0x00, 0x00, 0x1d, 0xf2, 0xde, 0x0c, 0x00, 0x00,
    0x0b, 0x77, 0xbc, 0xca, 0xa6, 0x3e, 0x00, 0x00, 0x00, 0x00, 0x00, 0x00, 0x00, 0x00, 0x00, 0x00,
    0x00, 0x00, 0x00, 0x00, 0x00, 0x00, 0xb6, 0xfe, 0x40, 0x00, 0x00, 0x0c, 0xcf, 0xff, 0xff, 0xff,
    0xff, 0xfe, 0x66, 0x00, 0x00, 0x00, 0x00, 0x00, 0x00, 0x00, 0x00, 0x00, 0x00, 0x00, 0x00, 0x00,
    0x00, 0x5f, 0xff, 0x93, 0x00, 0x00, 0x00, 0x88, 0xff, 0xf2, 0x3d, 0x11, 0xa0, 0xff, 0xf6, 0x14,
    0x00, 0x00, 0x00, 0x00, 0x00, 0x00, 0x00, 0x00, 0x00, 0x00, 0x00, 0x00, 0x18, 0xee, 0xdd, 0x0b,
    0x00, 0x00, 0x00, 0xde, 0xff, 0x9d, 0x00, 0x00, 0x20, 0xff, 0xff, 0x5c, 0x00, 0x00, 0x00, 0x00,
    0x00, 0x00, 0x00, 0x00, 0x00, 0x00, 0x00, 0x00, 0xae, 0xfe, 0x3f, 0x00, 0x00, 0x00, 0x00, 0xfc,
    0xff, 0x7d, 0x00, 0x00, 0x01, 0xff, 0xff, 0x78, 0x00, 0x00, 0x00, 0x00, 0x00, 0x00, 0x00, 0x00,
    0x00, 0x00, 0x00, 0x56, 0xff, 0x92, 0x00, 0x00, 0x00, 0x00, 0x00, 0xfe, 0xff, 0x81, 0x00, 0x00,
    0x05, 0xff, 0xff, 0x7a, 0x00, 0x00, 0x00, 0x00, 0x00, 0x00, 0x00, 0x00, 0x00, 0x00, 0x13, 0xe9,
    0xdc, 0x0a, 0x00, 0x00, 0x00, 0x00, 0x00, 0xe7, 0xff, 0xaf, 0x00, 0x00, 0x36, 0xff, 0xff, 0x62,
    0x00, 0x00, 0x00, 0x00, 0x00, 0x00, 0x00, 0x00, 0x00, 0x00, 0xa5, 0xfe, 0x3d, 0x00, 0x00, 0x00,
    0x00, 0x00, 0x00, 0x9e, 0xff, 0xfd, 0x81, 0x59, 0xd1, 0xff, 0xfd, 0x1d, 0x00, 0x00, 0x00, 0x00,
    0x00, 0x00, 0x00, 0x00, 0x00, 0x4c, 0xff, 0x90, 0x00, 0x00, 0x00, 0x00, 0x00, 0x00, 0x00, 0x1c,
    0xea, 0xff, 0xff, 0xff, 0xff, 0xff, 0x85, 0x00, 0x00, 0x00, 0x00, 0x00, 0x00, 0x00, 0x00, 0x00,
    0x0f, 0xe4, 0xdb, 0x0a, 0x00, 0x00, 0x00, 0x00, 0x00, 0x00, 0x00, 0x00, 0x20, 0xa4, 0xea, 0xf6,
    0xd2, 0x67, 0x00, 0x00, 0x00, 0x00, 0x00, 0x00, 0x00, 0x00, 0x00, 0x28, 0x9e, 0xe3, 0xf8, 0xe4,
    0xa3, 0x2c, 0x00, 0x00, 0x00, 0x00, 0x00, 0x00, 0x00, 0x00, 0x00, 0x00, 0x46, 0xf6, 0xff, 0xff,
    0xff, 0xff, 0xff, 0xf8, 0x4e, 0x00, 0x00, 0x00, 0x00, 0x00, 0x00, 0x00, 0x00, 0x09, 0xeb, 0xff,
    0xf7, 0x84, 0x50, 0x76, 0xed, 0xff, 0xf0, 0x0e, 0x00, 0x00, 0x00, 0x00, 0x00, 0x00, 0x00, 0x52,
    0xff, 0xff, 0x5a, 0x00, 0x00, 0x00, 0x48, 0xff, 0xff, 0x5b, 0x00, 0x00, 0x00, 0x00, 0x00, 0x00,
    0x00, 0x73, 0xff, 0xff, 0x09, 0x00, 0x00, 0x00, 0x0a, 0xff, 0xff, 0x74, 0x00, 0x00, 0x00, 0x00,
    0x00, 0x00, 0x00, 0x66, 0xff, 0xff, 0x1b, 0x00, 0x00, 0x00, 0x38, 0xff, 0xff, 0x51, 0x00, 0x00,
    0x00, 0x00, 0x00, 0x00, 0x00, 0x27, 0xff, 0xff, 0x83, 0x00, 0x00, 0x14, 0xd8, 0xff, 0xda, 0x07,
    0x00, 0x00, 0x00, 0x00, 0x00, 0x00, 0x00, 0x00, 0xb4, 0xff, 0xfa, 0x30, 0x33, 0xde, 0xff, 0xf8,
    0x3d, 0x00, 0x00, 0x00, 0x00, 0x00, 0x00, 0x00, 0x00, 0x00, 0x1f, 0xef, 0xff, 0xff, 0xff, 0xff,
    0xee, 0x3e, 0x00, 0x00, 0x00, 0x00, 0x00, 0x00, 0x00, 0x00, 0x00, 0x00, 0x00, 0x5b, 0xff, 0xff,
    0xff, 0xcd, 0x21, 0x00, 0x00, 0x00, 0x00, 0x00, 0x00, 0x00, 0x00, 0x00, 0x00, 0x00, 0x27, 0xd8,
    0xff, 0xff, 0xff, 0x93, 0x00, 0x00, 0x00, 0x00, 0x00, 0x00, 0x00, 0x00, 0x00, 0x00, 0x00, 0x3a,
    0xf0, 0xff, 0xf0, 0xf7, 0xff, 0xff, 0x60, 0x00, 0x00, 0x00, 0x00, 0x00, 0x00, 0x00, 0x00, 0x00,
    0x1c, 0xef, 0xff, 0xdf, 0x28, 0x09, 0xcb, 0xff, 0xf8, 0x39, 0x00, 0x00, 0x88, 0xff, 0xf7, 0x00,
    0x00, 0x00, 0x9d, 0xff, 0xf6, 0x27, 0x00, 0x00, 0x1b, 0xe7, 0xff, 0xe8, 0x1d, 0x00, 0xa6, 0xff,
    0xe5, 0x00, 0x00, 0x00, 0xe6, 0xff, 0xa2, 0x00, 0x00, 0x00, 0x00, 0x38, 0xf8, 0xff, 0xce, 0x0e,
    0xea, 0xff, 0xb5, 0x00, 0x00, 0x00, 0xf8, 0xff, 0x84, 0x00, 0x00, 0x00, 0x00, 0x00, 0x5f, 0xff,
    0xff, 0xff, 0xff, 0xff, 0x69, 0x00, 0x00, 0x00, 0xdb, 0xff, 0xb3, 0x00, 0x00, 0x00, 0x00, 0x00,
    0x00, 0x8d, 0xff, 0xff, 0xff, 0xe5, 0x0b, 0x00, 0x00, 0x00, 0x8c, 0xff, 0xfd, 0x4d, 0x00, 0x00,
    0x00, 0x00, 0x00, 0x44, 0xff, 0xff, 0xff, 0x97, 0x00, 0x00, 0x00, 0x00, 0x18, 0xe5, 0xff, 0xfd,
    0xa4, 0x5c, 0x4f, 0x6e, 0xbc, 0xff, 0xff, 0xff, 0xff, 0xf4, 0x2f, 0x00, 0x00, 0x00, 0x00, 0x2f,
    0xdb, 0xff, 0xff, 0xff, 0xff, 0xff, 0xff, 0xff, 0xf0, 0x7a, 0xef, 0xff, 0xe1, 0x16, 0x00, 0x00,
    0x00, 0x00, 0x0a, 0x6b, 0xbf, 0xe6, 0xfa, 0xea, 0xbe, 0x74, 0x0f, 0x00, 0x48, 0xfc, 0xff, 0xc4,
    0x06, 0x00, 0x00, 0x00, 0xff, 0xff, 0x7c, 0x00, 0x00, 0x00, 0x00, 0x00, 0x00, 0xff, 0xff, 0x7c,
    0x00, 0x00, 0x00, 0x00, 0x00, 0x00, 0xff, 0xff, 0x7c, 0x00, 0x00, 0x00, 0x00, 0x00, 0x00, 0xff,
    0xff, 0x7c, 0x00, 0x00, 0x00, 0x00, 0x00, 0x00, 0xff, 0xff, 0x7c, 0x00, 0x00, 0x00, 0x00, 0x00,
    0x00, 0xff, 0xff, 0x7c, 0x00, 0x00, 0x00, 0x00, 0x00, 0x00, 0xff, 0xff, 0x7c, 0x00, 0x00, 0x00,
    0x00, 0x00, 0x00, 0xff, 0xff, 0x7c, 0x00, 0x00, 0x00, 0x00, 0x00, 0x00, 0x00, 0x00, 0x00, 0x00,
    0x00, 0x00, 0x00, 0x00, 0x00, 0x00, 0x00, 0x00, 0x00, 0x00, 0x00, 0x00, 0x00, 0x00, 0x00, 0x00,
    0x00, 0x00, 0x00, 0x00, 0x00, 0x00, 0x00, 0x00, 0x00, 0x00, 0x00, 0x00, 0x00, 0x00, 0x00, 0x00,
    0x00, 0x00, 0x00, 0x00, 0x00, 0x00, 0x00, 0x00, 0x00, 0x00, 0x00, 0x00, 0x00, 0x00, 0x00, 0x00,
    0x00, 0x00, 0x00, 0x00, 0x00, 0x00, 0x00, 0x00, 0x00, 0x00, 0x00, 0x00, 0x00, 0x00, 0x00, 0x00,
    0x00, 0x00, 0x00, 0x00, 0x00, 0x00, 0x00, 0x00, 0x00, 0x00, 0x00, 0x00, 0x00, 0x00, 0x00, 0x00,
    0x00, 0x00, 0x00, 0x00, 0x00, 0x00, 0x00, 0x00, 0x00, 0x00, 0x00, 0x00, 0x00, 0x00, 0x00, 0x00,
    0x00, 0x00, 0x00, 0x00, 0x00, 0x00, 0x00, 0x00, 0x00, 0x00, 0x00, 0x00, 0x00, 0x00, 0x00, 0x00,
    0x00, 0x00, 0x00, 0x00, 0x4e, 0x80, 0x66, 0x00, 0x00, 0x00, 0x00, 0x00, 0x00, 0x0f, 0xef, 0xff,
    0x78, 0x00, 0x00, 0x00, 0x00, 0x00, 0x00, 0x7c, 0xff, 0xf6, 0x12, 0x00, 0x00, 0x00, 0x00, 0x00,
    0x01, 0xe0, 0xff, 0xa7, 0x00, 0x00, 0x00, 0x00, 0x00, 0x00, 0x43, 0xff, 0xff, 0x4b, 0x00, 0x00,
    0x00, 0x00, 0x00, 0x00, 0x93, 0xff, 0xf2, 0x05, 0x00, 0x00, 0x00, 0x00, 0x00, 0x00, 0xdc, 0xff,
    0xaf, 0x00, 0x00, 0x00, 0x00, 0x00, 0x00, 0x1d, 0xff, 0xff, 0x69, 0x00, 0x00, 0x00, 0x00, 0x00,
    0x00, 0x54, 0xff, 0xff, 0x30, 0x00, 0x00, 0x00, 0x00, 0x00, 0x00, 0x88, 0xff, 0xf6, 0x04, 0x00,
    0x00, 0x00, 0x00, 0x00, 0x00, 0xae, 0xff, 0xd0, 0x00, 0x00, 0x00, 0x00, 0x00, 0x00, 0x00, 0xd1,
    0xff, 0xae, 0x00, 0x00, 0x00, 0x00, 0x00, 0x00, 0x00, 0xe9, 0xff, 0x92, 0x00, 0x00, 0x00, 0x00,
    0x00, 0x00, 0x00, 0xf6, 0xff, 0x86, 0x00, 0x00, 0x00, 0x00, 0x00, 0x00, 0x00, 0xfb, 0xff, 0x7e,
    0x00, 0x00, 0x00, 0x00, 0x00, 0x00, 0x00, 0xec, 0xff, 0x89, 0x00, 0x00, 0x00, 0x00, 0x00, 0x00,
    0x00, 0xdb, 0xff, 0x9b, 0x00, 0x00, 0x00, 0x00, 0x00, 0x00, 0x00, 0xc4, 0xff, 0xbe, 0x00, 0x00,
    0x00, 0x00, 0x00, 0x00, 0x00, 0x94, 0xff, 0xe9, 0x00, 0x00, 0x00, 0x00, 0x00, 0x00, 0x00, 0x60,
    0xff, 0xff, 0x23, 0x00, 0x00, 0x00, 0x00, 0x00, 0x00, 0x29, 0xff, 0xff, 0x65, 0x00, 0x00, 0x00,
    0x00, 0x00, 0x00, 0x00, 0xd9, 0xff, 0xb3, 0x00, 0x00, 0x00, 0x00, 0x00, 0x00, 0x00, 0x80, 0xff,
    0xf7, 0x0f, 0x00, 0x00, 0x00, 0x00, 0x00, 0x00, 0x27, 0xff, 0xff, 0x69, 0x00, 0x00, 0x00, 0x00,
    0x00, 0x00, 0x00, 0xb7, 0xff, 0xcd, 0x00, 0x00, 0x00, 0x00, 0x00, 0x00, 0x00, 0x39, 0xff, 0xff,
    0x3d, 0x00, 0x00, 0x00, 0x00, 0x00, 0x00, 0x00, 0xbb, 0xff, 0xaf, 0x00, 0x00, 0x28, 0x80, 0x7f,
    0x0c, 0x00, 0x00, 0x00, 0x00, 0x00, 0x00, 0x0c, 0xf0, 0xff, 0x7a, 0x00, 0x00, 0x00, 0x00, 0x00,
    0x00, 0x00, 0x8e, 0xff, 0xed, 0x09, 0x00, 0x00, 0x00, 0x00, 0x00, 0x00, 0x2e, 0xff, 0xff, 0x5b,
    0x00, 0x00, 0x00, 0x00, 0x00, 0x00, 0x00, 0xd3, 0xff, 0xbb, 0x00, 0x00, 0x00, 0x00, 0x00, 0x00,
    0x00, 0x7f, 0xff, 0xfb, 0x0f, 0x00, 0x00, 0x00, 0x00, 0x00, 0x00, 0x38, 0xff, 0xff, 0x56, 0x00,
    0x00, 0x00, 0x00, 0x00, 0x00, 0x02, 0xee, 0xff, 0x97, 0x00, 0x00, 0x00, 0x00, 0x00, 0x00, 0x00,
    0xb9, 0xff, 0xce, 0x00, 0x00, 0x00, 0x00, 0x00, 0x00, 0x00, 0x83, 0xff, 0xfb, 0x08, 0x00, 0x00,
    0x00, 0x00, 0x00, 0x00, 0x58, 0xff, 0xff, 0x29, 0x00, 0x00, 0x00, 0x00, 0x00, 0x00, 0x35, 0xff,
    0xff, 0x4c, 0x00, 0x00, 0x00, 0x00, 0x00, 0x00, 0x18, 0xff, 0xff, 0x64, 0x00, 0x00, 0x00, 0x00,
    0x00, 0x00, 0x0b, 0xff, 0xff, 0x71, 0x00, 0x00, 0x00, 0x00, 0x00, 0x00, 0x03, 0xff, 0xff, 0x77,
    0x00, 0x00, 0x00, 0x00, 0x00, 0x00, 0x0e, 0xff, 0xff, 0x67, 0x00, 0x00, 0x00, 0x00, 0x00, 0x00,
    0x21, 0xff, 0xff, 0x55, 0x00, 0x00, 0x00, 0x00, 0x00, 0x00, 0x46, 0xff, 0xff, 0x3f, 0x00, 0x00,
    0x00, 0x00, 0x00, 0x00, 0x72, 0xff, 0xfe, 0x10, 0x00, 0x00, 0x00, 0x00, 0x00, 0x00, 0xab, 0xff,
    0xd8, 0x00, 0x00, 0x00, 0x00, 0x00, 0x00, 0x02, 0xe9, 0xff, 0xa1, 0x00, 0x00, 0x00, 0x00, 0x00,
    0x00, 0x3b, 0xff, 0xff, 0x52, 0x00, 0x00, 0x00, 0x00, 0x00, 0x00, 0x8e, 0xff, 0xf1, 0x08, 0x00,
    0x00, 0x00, 0x00, 0x00, 0x05, 0xea, 0xff, 0xa0, 0x00, 0x00, 0x00, 0x00, 0x00, 0x00, 0x53, 0xff,
    0xff, 0x33, 0x00, 0x00, 0x00, 0x00, 0x00, 0x00, 0xc2, 0xff, 0xb4, 0x00, 0x00, 0x00, 0x00, 0x00,
    0x00, 0x33, 0xff, 0xff, 0x36, 0x00, 0x00, 0x00, 0x00, 0x00, 0x00, 0x00, 0x00, 0x00, 0x00, 0x00,
    0xff, 0xd8, 0x00, 0x00, 0x00, 0x00, 0x00, 0x00, 0x00, 0x00, 0x00, 0x00, 0x00, 0x00, 0xff, 0xd8,
    0x00, 0x00, 0x00, 0x00, 0x00, 0x00, 0x00, 0x00, 0x9e, 0x31, 0x00, 0x00, 0xff, 0xd8, 0x00, 0x00,
    0x48, 0x87, 0x00, 0x00, 0x00, 0x50, 0xff, 0xfa, 0x7c, 0x03, 0xff, 0xd8, 0x0b, 0x97, 0xff, 0xfd,
    0x2a, 0x00, 0x00, 0x0b, 0x7d, 0xf2, 0xff, 0xc7, 0xff, 0xec, 0xdc, 0xff, 0xe7, 0x68, 0x04, 0x00,
    0x00, 0x00, 0x00, 0x15, 0x93, 0xfa, 0xff, 0xff, 0xf2, 0x7e, 0x0b, 0x00, 0x00, 0x00, 0x00, 0x00,
    0x00, 0x11, 0x8a, 0xf7, 0xff, 0xff, 0xee, 0x75, 0x08, 0x00, 0x00, 0x00, 0x00, 0x08, 0x74, 0xee,
    0xff, 0xc8, 0xff, 0xec, 0xdc, 0xff, 0xe2, 0x5f, 0x02, 0x00, 0x00, 0x51, 0xff, 0xfa, 0x7d, 0x03,
    0xff, 0xd8, 0x0b, 0x98, 0xff, 0xfd, 0x2b, 0x00, 0x00, 0x00, 0x9f, 0x31, 0x00, 0x00, 0xff, 0xd8,
    0x00, 0x00, 0x49, 0x89, 0x00, 0x00, 0x00, 0x00, 0x00, 0x00, 0x00, 0x00, 0xff, 0xd8, 0x00, 0x00,
    0x00, 0x00, 0x00, 0x00, 0x00, 0x00, 0x00, 0x00, 0x00, 0x00, 0xff, 0xd8, 0x00, 0x00, 0x00, 0x00,
    0x00, 0x00, 0x00, 0x00, 0x00, 0x00, 0x00, 0x00, 0x00, 0x00, 0x00, 0x00, 0x00, 0x00, 0x00, 0x00,
    0x00, 0x00, 0x00, 0x00, 0x00, 0x00, 0x00, 0x00, 0x00, 0x00, 0x00, 0x00, 0x00, 0x00, 0x00, 0x00,
    0x00, 0x00, 0x00, 0x00, 0x00, 0x00, 0x00, 0x00, 0x00, 0x00, 0x00, 0x00, 0x00, 0x00, 0x00, 0x00,
    0x00, 0x00, 0x00, 0x00, 0x00, 0x00, 0x00, 0x00, 0x00, 0x00, 0x00, 0x00, 0x00, 0x00, 0x00, 0x00,
    0x00, 0x00, 0x00, 0x00, 0x00, 0x00, 0x00, 0x00, 0x00, 0x00, 0x00, 0x00, 0x00, 0x00, 0x00, 0x00,
    0x00, 0x00, 0x00, 0x00, 0x00, 0x00, 0x00, 0x00, 0x00, 0x00, 0x00, 0x00, 0x00, 0x00, 0x00, 0x00,
    0x00, 0x00, 0x00, 0x00, 0x00, 0x00, 0x00, 0x00, 0x00, 0x00, 0x00, 0x00, 0x00, 0x00, 0x00, 0x00,
    0x00, 0x00, 0x00, 0x00, 0x00, 0x00, 0x00, 0x00, 0x00, 0x00, 0x00, 0x00, 0x00, 0x00, 0x00, 0x00,
    0x00, 0x00, 0x00, 0x00, 0x00, 0x00, 0x00, 0x00, 0xff, 0xff, 0x7c, 0x00, 0x00, 0x00, 0x00, 0x00,
    0x00, 0x00, 0x00, 0x00, 0x00, 0x00, 0x00, 0x00, 0x00, 0x00, 0x00, 0xff, 0xff, 0x7c, 0x00, 0x00,
    0x00, 0x00, 0x00, 0x00, 0x00, 0x00, 0x00, 0x00, 0x00, 0x00, 0x00, 0x00, 0x00, 0x00, 0xff, 0xff,
    0x7c, 0x00, 0x00, 0x00, 0x00, 0x00, 0x00, 0x00, 0x00, 0x00, 0x00, 0x00, 0x00, 0x00, 0x00, 0x00,
    0x00, 0xff, 0xff, 0x7c, 0x00, 0x00, 0x00, 0x00, 0x00, 0x00, 0x00, 0x00, 0x00, 0x00, 0x00, 0x00,
    0x00, 0x00, 0x00, 0x00, 0xff, 0xff, 0x7c, 0x00, 0x00, 0x00, 0x00, 0x00, 0x00, 0x00, 0x00, 0x00,
    0x00, 0x24, 0x48, 0x48, 0x48, 0x48, 0x48, 0xff, 0xff, 0xc4, 0x48, 0x48, 0x48, 0x48, 0x48, 0x00,
    0x00, 0x00, 0x00, 0x00, 0x80, 0xff, 0xff, 0xff, 0xff, 0xff, 0xff, 0xff, 0xff, 0xff, 0xff, 0xff,
    0xff, 0xff, 0x00, 0x00, 0x00, 0x00, 0x00, 0x80, 0xff, 0xff, 0xff, 0xff, 0xff, 0xff, 0xff, 0xff,
    0xff, 0xff, 0xff, 0xff, 0xff, 0x00, 0x00, 0x00, 0x00, 0x00, 0x00, 0x00, 0x00, 0x00, 0x00, 0x00,
    0xff, 0xff, 0x7c, 0x00, 0x00, 0x00, 0x00, 0x00, 0x00, 0x00, 0x00, 0x00, 0x00, 0x00, 0x00, 0x00,
    0x00, 0x00, 0x00, 0xff, 0xff, 0x7c, 0x00, 0x00, 0x00, 0x00, 0x00, 0x00, 0x00, 0x00, 0x00, 0x00,
    0x00, 0x00, 0x00, 0x00, 0x00, 0x00, 0xff, 0xff, 0x7c, 0x00, 0x00, 0x00, 0x00, 0x00, 0x00, 0x00,
    0x00, 0x00, 0x00, 0x00, 0x00, 0x00, 0x00, 0x00, 0x00, 0xff, 0xff, 0x7c, 0x00, 0x00, 0x00, 0x00,
    0x00, 0x00, 0x00, 0x00, 0x00, 0x00, 0x00, 0x00, 0x00, 0x00, 0x00, 0x00, 0xff, 0xff, 0x7c, 0x00,
    0x00, 0x00, 0x00, 0x00, 0x00, 0x00, 0x00, 0x00, 0x00, 0x00, 0x00, 0x00, 0x00, 0x00, 0x00, 0x80,
    0x80, 0x3e, 0x00, 0x00, 0x00, 0x00, 0x00, 0x00, 0x00, 0x00, 0x00, 0x00, 0x00, 0x00, 0x00, 0x00,
    0x00, 0x00, 0x00, 0x00, 0x00, 0x00, 0x00, 0x00, 0x00, 0x00, 0x00, 0x00, 0x00, 0x00, 0x00, 0x20,
    0xff, 0xff, 0xa1, 0x00, 0x00, 0x00, 0x00, 0x46, 0xff, 0xff, 0x5d, 0x00, 0x00, 0x00, 0x00, 0x6d,
    0xff, 0xff, 0x1a, 0x00, 0x00, 0x00, 0x00, 0x93, 0xff, 0xd5, 0x00, 0x00, 0x00, 0x00, 0x00, 0xba,
    0xff, 0x91, 0x00, 0x00, 0x00, 0x00, 0x00, 0xe0, 0xff, 0x4d, 0x00, 0x00, 0x00, 0x00, 0x08, 0xfd,
    0xfb, 0x0d, 0x00, 0x00, 0x00, 0x00, 0x2d, 0xff, 0xc5, 0x00, 0x00, 0x00, 0x00, 0x00, 0x00, 0x48,
    0x48, 0x48, 0x48, 0x48, 0x48, 0x48, 0x48, 0x48, 0x00, 0x00, 0x00, 0x00, 0xff, 0xff, 0xff, 0xff,
    0xff, 0xff, 0xff, 0xff, 0xff, 0x00, 0x00, 0x00, 0x00, 0xff, 0xff, 0xff, 0xff, 0xff, 0xff, 0xff,
    0xff, 0xff, 0x00, 0x00, 0x00, 0x00, 0x00, 0x00, 0x00, 0x00, 0x00, 0x00, 0x00, 0x00, 0x00, 0x00,
    0x00, 0x00, 0x00, 0x00, 0x00, 0x00, 0x00, 0x00, 0x00, 0x00, 0x00, 0x00, 0x00, 0x00, 0x00, 0x00,
    0x00, 0x00, 0x00, 0x00, 0x00, 0x00, 0x00, 0x00, 0x00, 0x00, 0x00, 0x00, 0x00, 0x00, 0x00, 0x00,
    0x00, 0x00, 0x00, 0x00, 0x00, 0x00, 0x00, 0x00, 0x00, 0x00, 0x00, 0x00, 0x00, 0x00, 0x00, 0x00,
    0x00, 0x00, 0x00, 0x00, 0x00, 0x00, 0x00, 0x00, 0x00, 0x00, 0x00, 0x00, 0x00, 0x00, 0x00, 0x00,
    0x00, 0x00, 0x00, 0x00, 0x00, 0x00, 0x00, 0x00, 0x00, 0x00, 0x00, 0x00, 0x00, 0x00, 0x00, 0x00,
    0x00, 0x00, 0x00, 0x00, 0x00, 0x00, 0x00, 0x00, 0x00, 0x00, 0x00, 0x00, 0x00, 0x00, 0x4b, 0xe4,
    0xe4, 0x49, 0x00, 0x00, 0x00, 0x00, 0xe5, 0xff, 0xff, 0xe4, 0x00, 0x00, 0x00, 0x00, 0xe4, 0xff,
    0xff, 0xe2, 0x00, 0x00, 0x00, 0x00, 0x49, 0xe4, 0xe3, 0x47, 0x00, 0x00, 0x00, 0x00, 0x00, 0x00,
    0x00, 0x00, 0x02, 0xef, 0xff, 0x55, 0x00, 0x00, 0x00, 0x00, 0x00, 0x00, 0x35, 0xff, 0xfe, 0x14,
    0x00, 0x00, 0x00, 0x00, 0x00, 0x00, 0x78, 0xff, 0xcf, 0x00, 0x00, 0x00, 0x00, 0x00, 0x00, 0x00,
    0xbb, 0xff, 0x8c, 0x00, 0x00, 0x00, 0x00, 0x00, 0x00, 0x07, 0xf6, 0xff, 0x49, 0x00, 0x00, 0x00,
    0x00, 0x00, 0x00, 0x42, 0xff, 0xfa, 0x0b, 0x00, 0x00, 0x00, 0x00, 0x00, 0x00, 0x85, 0xff, 0xc2,
    0x00, 0x00, 0x00, 0x00, 0x00, 0x00, 0x00, 0xc8, 0xff, 0x7f, 0x00, 0x00, 0x00, 0x00, 0x00, 0x00,
    0x0e, 0xfc, 0xff, 0x3c, 0x00, 0x00, 0x00, 0x00, 0x00, 0x00, 0x4f, 0xff, 0xf3, 0x05, 0x00, 0x00,
    0x00, 0x00, 0x00, 0x00, 0x92, 0xff, 0xb5, 0x00, 0x00, 0x00, 0x00, 0x00, 0x00, 0x00, 0xd5, 0xff,
    0x72, 0x00, 0x00, 0x00, 0x00, 0x00, 0x00, 0x18, 0xff, 0xff, 0x2f, 0x00, 0x00, 0x00, 0x00, 0x00,
    0x00, 0x5b, 0xff, 0xeb, 0x01, 0x00, 0x00, 0x00, 0x00, 0x00, 0x00, 0x9f, 0xff, 0xa9, 0x00, 0x00,
    0x00, 0x00, 0x00, 0x00, 0x00, 0xe1, 0xff, 0x65, 0x00, 0x00, 0x00, 0x00, 0x00, 0x00, 0x25, 0xff,
    0xff, 0x22, 0x00, 0x00, 0x00, 0x00, 0x00, 0x00, 0x68, 0xff, 0xdf, 0x00, 0x00, 0x00, 0x00, 0x00,
    0x00, 0x00, 0xab, 0xff, 0x9c, 0x00, 0x00, 0x00, 0x00, 0x00, 0x00, 0x01, 0xec, 0xff, 0x59, 0x00,
    0x00, 0x00, 0x00, 0x00, 0x00, 0x32, 0xff, 0xff, 0x16, 0x00, 0x00, 0x00, 0x00, 0x00, 0x00, 0x75,
    0xff, 0xd2, 0x00, 0x00, 0x00, 0x00, 0x00, 0x00, 0x00, 0xb8, 0xff, 0x8f, 0x00, 0x00, 0x00, 0x00,
    0x00, 0x00, 0x06, 0xf5, 0xff, 0x4c, 0x00, 0x00, 0x00, 0x00, 0x00, 0x00, 0x3e, 0xff, 0xfb, 0x0d,
    0x00, 0x00, 0x00, 0x00, 0x00, 0x00, 0x00, 0x00, 0x00, 0x00, 0x00, 0x06, 0x6c, 0xc6, 0xf1, 0xfa,
    0xe0, 0x9d, 0x2c, 0x00, 0x00, 0x00, 0x00, 0x00, 0x00, 0x00, 0x00, 0x00, 0x1c, 0xd1, 0xff, 0xff,
    0xff, 0xff, 0xff, 0xff, 0xfa, 0x6c, 0x00, 0x00, 0x00, 0x00, 0x00, 0x00, 0x00, 0x0b, 0xd4, 0xff,
    0xff, 0xbd, 0x69, 0x56, 0x86, 0xf2, 0xff, 0xff, 0x5a, 0x00, 0x00, 0x00, 0x00, 0x00, 0x00, 0x85,
    0xff, 0xff, 0x7f, 0x00, 0x00, 0x00, 0x00, 0x1c, 0xe4, 0xff, 0xed, 0x12, 0x00, 0x00, 0x00, 0x00,
    0x0c, 0xf1, 0xff, 0xbb, 0x00, 0x00, 0x00, 0x00, 0x00, 0x00, 0x40, 0xff, 0xff, 0x79, 0x00, 0x00,
    0x00, 0x00, 0x4e, 0xff, 0xff, 0x46, 0x00, 0x00, 0x00, 0x00, 0x00, 0x00, 0x00, 0xcd, 0xff, 0xc9,
    0x00, 0x00, 0x00, 0x00, 0x8e, 0xff, 0xf0, 0x01, 0x00, 0x00, 0x00, 0x00, 0x00, 0x00, 0x00, 0x79,
    0xff, 0xfb, 0x0d, 0x00, 0x00, 0x00, 0xc6, 0xff, 0xbe, 0x00, 0x00, 0x00, 0x00, 0x00, 0x00, 0x00,
    0x00, 0x44, 0xff, 0xff, 0x41, 0x00, 0x00, 0x00, 0xdd, 0xff, 0x99, 0x00, 0x00, 0x00, 0x00, 0x00,
    0x00, 0x00, 0x00, 0x1e, 0xff, 0xff, 0x58, 0x00, 0x00, 0x00, 0xef, 0xff, 0x8a, 0x00, 0x00, 0x00,
    0x00, 0x00, 0x00, 0x00, 0x00, 0x0f, 0xff, 0xff, 0x6a, 0x00, 0x00, 0x00, 0xfc, 0xff, 0x7f, 0x00,
    0x00, 0x00, 0x00, 0x00, 0x00, 0x00, 0x00, 0x04, 0xff, 0xff, 0x77, 0x00, 0x00, 0x00, 0xef, 0xff,
    0x8a, 0x00, 0x00, 0x00, 0x00, 0x00, 0x00, 0x00, 0x00, 0x0f, 0xff, 0xff, 0x6a, 0x00, 0x00, 0x00,
    0xdd, 0xff, 0x98, 0x00, 0x00, 0x00, 0x00, 0x00, 0x00, 0x00, 0x00, 0x1e, 0xff, 0xff, 0x58, 0x00,
    0x00, 0x00, 0xc8, 0xff, 0xbc, 0x00, 0x00, 0x00, 0x00, 0x00, 0x00, 0x00, 0x00, 0x43, 0xff, 0xff,
    0x42, 0x00, 0x00, 0x00, 0x92, 0xff, 0xef, 0x01, 0x00, 0x00, 0x00, 0x00, 0x00, 0x00, 0x00, 0x78,
    0xff, 0xfc, 0x0e, 0x00, 0x00, 0x00, 0x53, 0xff, 0xff, 0x43, 0x00, 0x00, 0x00, 0x00, 0x00, 0x00,
    0x00, 0xcb, 0xff, 0xcb, 0x00, 0x00, 0x00, 0x00, 0x0f, 0xf4, 0xff, 0xb8, 0x00, 0x00, 0x00, 0x00,
    0x00, 0x00, 0x3f, 0xff, 0xff, 0x7c, 0x00, 0x00, 0x00, 0x00, 0x00, 0x8d, 0xff, 0xff, 0x7b, 0x00,
    0x00, 0x00, 0x00, 0x1c, 0xe3, 0xff, 0xf0, 0x15, 0x00, 0x00, 0x00, 0x00, 0x00, 0x0d, 0xd9, 0xff,
    0xff, 0xbb, 0x68, 0x55, 0x86, 0xf1, 0xff, 0xff, 0x61, 0x00, 0x00, 0x00, 0x00, 0x00, 0x00, 0x00,
    0x20, 0xd6, 0xff, 0xff, 0xff, 0xff, 0xff, 0xff, 0xfc, 0x73, 0x00, 0x00, 0x00, 0x00, 0x00, 0x00,
    0x00, 0x00, 0x00, 0x08, 0x71, 0xc8, 0xf3, 0xfa, 0xe1, 0xa0, 0x2f, 0x00, 0x00, 0x00, 0x00, 0x00,
    0x00, 0x00, 0x00, 0x00, 0x53, 0xf2, 0xff, 0xff, 0x7c, 0x00, 0x00, 0x00, 0x00, 0x04, 0x8d, 0xff,
    0xff, 0xff, 0xff, 0x7c, 0x00, 0x00, 0x00, 0x1a, 0xc3, 0xff, 0xff, 0xc1, 0xff, 0xff, 0x7c, 0x00,
    0x00, 0x00, 0xe8, 0xff, 0xff, 0x8a, 0x03, 0xff, 0xff, 0x7c, 0x00, 0x00, 0x00, 0xff, 0xf1, 0x51,
    0x00, 0x00, 0xff, 0xff, 0x7c, 0x00, 0x00, 0x00, 0xd2, 0x25, 0x00, 0x00, 0x00, 0xff, 0xff, 0x7c,
    0x00, 0x00, 0x00, 0x0a, 0x00, 0x00, 0x00, 0x00, 0xff, 0xff, 0x7c, 0x00, 0x00, 0x00, 0x00, 0x00,
    0x00, 0x00, 0x00, 0xff, 0xff, 0x7c, 0x00, 0x00, 0x00, 0x00, 0x00, 0x00, 0x00, 0x00, 0xff, 0xff,
    0x7c, 0x00, 0x00, 0x00, 0x00, 0x00, 0x00, 0x00, 0x00, 0xff, 0xff, 0x7c, 0x00, 0x00, 0x00, 0x00,
    0x00, 0x00, 0x00, 0x00, 0xff, 0xff, 0x7c, 0x00, 0x00, 0x00, 0x00, 0x00, 0x00, 0x00, 0x00, 0xff,
    0xff, 0x7c, 0x00, 0x00, 0x00, 0x00, 0x00, 0x00, 0x00, 0x00, 0xff, 0xff, 0x7c, 0x00, 0x00, 0x00,
    0x00, 0x00, 0x00, 0x00, 0x00, 0xff, 0xff, 0x7c, 0x00, 0x00, 0x00, 0x00, 0x00, 0x00, 0x00, 0x00,
    0xff, 0xff, 0x7c, 0x00, 0x00, 0x00, 0x00, 0x00, 0x00, 0x00, 0x00, 0xff, 0xff, 0x7c, 0x00, 0x00,
    0x00, 0x00, 0x00, 0x00, 0x00, 0x00, 0xff, 0xff, 0x7c, 0x00, 0x00, 0x00, 0x00, 0x00, 0x00, 0x00,
    0x00, 0xff, 0xff, 0x7c, 0x00, 0x00, 0x00, 0x00, 0x00, 0x00, 0x00, 0x00, 0xff, 0xff, 0x7c, 0x00,
    0x00, 0x00, 0x00, 0x00, 0x00, 0x00, 0x00, 0xff, 0xff, 0x7c, 0x00, 0x00, 0x00, 0x00, 0x00, 0x00,
    0x00, 0x00, 0xff, 0xff, 0x7c, 0x00, 0x00, 0x00, 0x00, 0x00, 0x00, 0x04, 0x60, 0xbe, 0xe7, 0xf7,
    0xdc, 0x9d, 0x32, 0x00, 0x00, 0x00, 0x00, 0x00, 0x00, 0x00, 0x00, 0x1b, 0xc8, 0xff, 0xff, 0xff,
    0xff, 0xff, 0xff, 0xfc, 0x78, 0x00, 0x00, 0x00, 0x00, 0x00, 0x00, 0x07, 0xcb, 0xff, 0xff, 0xac,
    0x5e, 0x50, 0x7b, 0xe2, 0xff, 0xff, 0x60, 0x00, 0x00, 0x00, 0x00, 0x00, 0x68, 0xff, 0xff, 0x6a,
    0x00, 0x00, 0x00, 0x00, 0x0f, 0xd0, 0xff, 0xea, 0x07, 0x00, 0x00, 0x00, 0x00, 0xc5, 0xff, 0xcd,
    0x00, 0x00, 0x00, 0x00, 0x00, 0x00, 0x43, 0xff, 0xff, 0x4c, 0x00, 0x00, 0x00, 0x00, 0xec, 0xff,
    0x8d, 0x00, 0x00, 0x00, 0x00, 0x00, 0x00, 0x0b, 0xff, 0xff, 0x6f, 0x00, 0x00, 0x00, 0x00, 0x2b,
    0x2c, 0x15, 0x00, 0x00, 0x00, 0x00, 0x00, 0x00, 0x13, 0xff, 0xff, 0x6d, 0x00, 0x00, 0x00, 0x00,
    0x00, 0x00, 0x00, 0x00, 0x00, 0x00, 0x00, 0x00, 0x00, 0x58, 0xff, 0xff, 0x3e, 0x00, 0x00, 0x00,
    0x00, 0x00, 0x00, 0x00, 0x00, 0x00, 0x00, 0x00, 0x00, 0x05, 0xd4, 0xff, 0xdf, 0x04, 0x00, 0x00,
    0x00, 0x00, 0x00, 0x00, 0x00, 0x00, 0x00, 0x00, 0x00, 0x00, 0x8c, 0xff, 0xff, 0x5d, 0x00, 0x00,
    0x00, 0x00, 0x00, 0x00, 0x00, 0x00, 0x00, 0x00, 0x00, 0x00, 0x59, 0xff, 0xff, 0xb5, 0x00, 0x00,
    0x00, 0x00, 0x00, 0x00, 0x00, 0x00, 0x00, 0x00, 0x00, 0x00, 0x3a, 0xf7, 0xff, 0xde, 0x12, 0x00,
    0x00, 0x00, 0x00, 0x00, 0x00, 0x00, 0x00, 0x00, 0x00, 0x00, 0x27, 0xec, 0xff, 0xf0, 0x2c, 0x00,
    0x00, 0x00, 0x00, 0x00, 0x00, 0x00, 0x00, 0x00, 0x00, 0x00, 0x17, 0xde, 0xff, 0xf9, 0x40, 0x00,
    0x00, 0x00, 0x00, 0x00, 0x00, 0x00, 0x00, 0x00, 0x00, 0x00, 0x0c, 0xcc, 0xff, 0xfd, 0x56, 0x00,
    0x00, 0x00, 0x00, 0x00, 0x00, 0x00, 0x00, 0x00, 0x00, 0x00, 0x04, 0xb7, 0xff, 0xff, 0x6c, 0x00,
    0x00, 0x00, 0x00, 0x00, 0x00, 0x00, 0x00, 0x00, 0x00, 0x00, 0x00, 0x9e, 0xff, 0xff, 0x85, 0x00,
    0x00, 0x00, 0x00, 0x00, 0x00, 0x00, 0x00, 0x00, 0x00, 0x00, 0x00, 0x82, 0xff, 0xff, 0x9d, 0x00,
    0x00, 0x00, 0x00, 0x00, 0x00, 0x00, 0x00, 0x00, 0x00, 0x00, 0x00, 0x64, 0xff, 0xff, 0xde, 0x4b,
    0x48, 0x48, 0x48, 0x48, 0x48, 0x48, 0x48, 0x48, 0x00, 0x00, 0x00, 0x00, 0xfc, 0xff, 0xff, 0xff,
    0xff, 0xff, 0xff, 0xff, 0xff, 0xff, 0xff, 0xff, 0xff, 0x00, 0x00, 0x00, 0x00, 0xff, 0xff, 0xff,
    0xff, 0xff, 0xff, 0xff, 0xff, 0xff, 0xff, 0xff, 0xff, 0xff, 0x00, 0x00, 0x00, 0x00, 0x00, 0x00,
    0x08, 0x69, 0xbd, 0xe7, 0xf9, 0xe3, 0xb2, 0x4f, 0x00, 0x00, 0x00, 0x00, 0x00, 0x00, 0x00, 0x00,
    0x31, 0xdd, 0xff, 0xff, 0xff, 0xff, 0xff, 0xff, 0xff, 0xab, 0x06, 0x00, 0x00, 0x00, 0x00, 0x00,
    0x21, 0xed, 0xff, 0xfe, 0xad, 0x62, 0x4e, 0x6c, 0xcc, 0xff, 0xff, 0x95, 0x00, 0x00, 0x00, 0x00,
    0x00, 0xa0, 0xff, 0xfb, 0x49, 0x00, 0x00, 0x00, 0x00, 0x03, 0xad, 0xff, 0xfc, 0x1f, 0x00, 0x00,
    0x00, 0x00, 0xe4, 0xff, 0xa3, 0x00, 0x00, 0x00, 0x00, 0x00, 0x00, 0x29, 0xff, 0xff, 0x60, 0x00,
    0x00, 0x00, 0x00, 0x3e, 0x40, 0x20, 0x00, 0x00, 0x00, 0x00, 0x00, 0x00, 0x08, 0xff, 0xff, 0x70,
    0x00, 0x00, 0x00, 0x00, 0x00, 0x00, 0x00, 0x00, 0x00, 0x00, 0x00, 0x00, 0x00, 0x35, 0xff, 0xff,
    0x4c, 0x00, 0x00, 0x00, 0x00, 0x00, 0x00, 0x00, 0x00, 0x00, 0x00, 0x00, 0x00, 0x0c, 0xc5, 0xff,
    0xe1, 0x06, 0x00, 0x00, 0x00, 0x00, 0x00, 0x00, 0x00, 0x00, 0x27, 0x48, 0x52, 0x7e, 0xe2, 0xff,
    0xf1, 0x3c, 0x00, 0x00, 0x00, 0x00, 0x00, 0x00, 0x00, 0x00, 0x00, 0x8c, 0xff, 0xff, 0xff, 0xff,
    0xa4, 0x20, 0x00, 0x00, 0x00, 0x00, 0x00, 0x00, 0x00, 0x00, 0x00, 0x00, 0x8c, 0xff, 0xff, 0xff,
    0xff, 0xfa, 0xb5, 0x2e, 0x00, 0x00, 0x00, 0x00, 0x00, 0x00, 0x00, 0x00, 0x00, 0x00, 0x00, 0x08,
    0x24, 0x6e, 0xe7, 0xff, 0xf5, 0x40, 0x00, 0x00, 0x00, 0x00, 0x00, 0x00, 0x00, 0x00, 0x00, 0x00,
    0x00, 0x00, 0x00, 0x15, 0xdb, 0xff, 0xe1, 0x05, 0x00, 0x00, 0x00, 0x00, 0x00, 0x00, 0x00, 0x00,
    0x00, 0x00, 0x00, 0x00, 0x00, 0x50, 0xff, 0xff, 0x46, 0x00, 0x00, 0x00, 0x00, 0x00, 0x00, 0x00,
    0x00, 0x00, 0x00, 0x00, 0x00, 0x00, 0x10, 0xff, 0xff, 0x6f, 0x00, 0x00, 0x45, 0x98, 0x98, 0x21,
    0x00, 0x00, 0x00, 0x00, 0x00, 0x00, 0x00, 0x14, 0xff, 0xff, 0x68, 0x00, 0x00, 0x58, 0xff, 0xff,
    0x77, 0x00, 0x00, 0x00, 0x00, 0x00, 0x00, 0x00, 0x62, 0xff, 0xff, 0x3e, 0x00, 0x00, 0x11, 0xf1,
    0xff, 0xf1, 0x3b, 0x00, 0x00, 0x00, 0x00, 0x00, 0x35, 0xee, 0xff, 0xd5, 0x01, 0x00, 0x00, 0x00,
    0x6a, 0xff, 0xff, 0xfd, 0xa8, 0x62, 0x4d, 0x61, 0xa6, 0xfc, 0xff, 0xf6, 0x3a, 0x00, 0x00, 0x00,
    0x00, 0x00, 0x6a, 0xf4, 0xff, 0xff, 0xff, 0xff, 0xff, 0xff, 0xff, 0xe2, 0x42, 0x00, 0x00, 0x00,
    0x00, 0x00, 0x00, 0x00, 0x1b, 0x7d, 0xc8, 0xe9, 0xf9, 0xe5, 0xbf, 0x6b, 0x0d, 0x00, 0x00, 0x00,
    0x00, 0x00, 0x00, 0x00, 0x00, 0x00, 0x00, 0x00, 0x00, 0x00, 0x11, 0xe9, 0xff, 0xff, 0x7c, 0x00,
    0x00, 0x00, 0x00, 0x00, 0x00, 0x00, 0x00, 0x00, 0x00, 0x00, 0x00, 0x00, 0x9a, 0xff, 0xff, 0xff,
    0x7c, 0x00, 0x00, 0x00, 0x00, 0x00, 0x00, 0x00, 0x00, 0x00, 0x00, 0x00, 0x00, 0x3a, 0xfe, 0xff,
    0xff, 0xff, 0x7c, 0x00, 0x00, 0x00, 0x00, 0x00, 0x00, 0x00, 0x00, 0x00, 0x00, 0x00, 0x04, 0xd3,
    0xff, 0x8a, 0xff, 0xff, 0x7c, 0x00, 0x00, 0x00, 0x00, 0x00, 0x00, 0x00, 0x00, 0x00, 0x00, 0x00,
    0x77, 0xff, 0xe5, 0x0c, 0xff, 0xff, 0x7c, 0x00, 0x00, 0x00, 0x00, 0x00, 0x00, 0x00, 0x00, 0x00,
    0x00, 0x1f, 0xf5, 0xff, 0x58, 0x00, 0xff, 0xff, 0x7c, 0x00, 0x00, 0x00, 0x00, 0x00, 0x00, 0x00,
    0x00, 0x00, 0x00, 0xb4, 0xff, 0xbe, 0x00, 0x00, 0xff, 0xff, 0x7c, 0x00, 0x00, 0x00, 0x00, 0x00,
    0x00, 0x00, 0x00, 0x00, 0x53, 0xff, 0xfa, 0x2a, 0x00, 0x00, 0xff, 0xff, 0x7c, 0x00, 0x00, 0x00,
    0x00, 0x00, 0x00, 0x00, 0x00, 0x0d, 0xe4, 0xff, 0x8b, 0x00, 0x00, 0x00, 0xff, 0xff, 0x7c, 0x00,
    0x00, 0x00, 0x00, 0x00, 0x00, 0x00, 0x00, 0x90, 0xff, 0xe5, 0x0d, 0x00, 0x00, 0x00, 0xff, 0xff,
    0x7c, 0x00, 0x00, 0x00, 0x00, 0x00, 0x00, 0x00, 0x32, 0xfc, 0xff, 0x58, 0x00, 0x00, 0x00, 0x00,
    0xff, 0xff, 0x7c, 0x00, 0x00, 0x00, 0x00, 0x00, 0x00, 0x02, 0xcb, 0xff, 0xbe, 0x00, 0x00, 0x00,
    0x00, 0x00, 0xff, 0xff, 0x7c, 0x00, 0x00, 0x00, 0x00, 0x00, 0x00, 0x6d, 0xff, 0xfb, 0x2a, 0x00,
    0x00, 0x00, 0x00, 0x00, 0xff, 0xff, 0x7c, 0x00, 0x00, 0x00, 0x00, 0x00, 0x19, 0xf1, 0xff, 0x8c,
    0x00, 0x00, 0x00, 0x00, 0x00, 0x00, 0xff, 0xff, 0x7c, 0x00, 0x00, 0x00, 0x00, 0x00, 0x7b, 0xff,
    0xff, 0xff, 0xff, 0xff, 0xff, 0xff, 0xff, 0xff, 0xff, 0xff, 0xff, 0xff, 0xff, 0x80, 0x00, 0x00,
    0x80, 0xff, 0xff, 0xff, 0xff, 0xff, 0xff, 0xff, 0xff, 0xff, 0xff, 0xff, 0xff, 0xff, 0xff, 0x80,
    0x00, 0x00, 0x24, 0x48, 0x48, 0x48, 0x48, 0x48, 0x48, 0x48, 0x48, 0x48, 0xff, 0xff, 0xc4, 0x48,
    0x48, 0x24, 0x00, 0x00, 0x00, 0x00, 0x00, 0x00, 0x00, 0x00, 0x00, 0x00, 0x00, 0x00, 0xff, 0xff,
    0x7c, 0x00, 0x00, 0x00, 0x00, 0x00, 0x00, 0x00, 0x00, 0x00, 0x00, 0x00, 0x00, 0x00, 0x00, 0x00,
    0xff, 0xff, 0x7c, 0x00, 0x00, 0x00, 0x00, 0x00, 0x00, 0x00, 0x00, 0x00, 0x00, 0x00, 0x00, 0x00,
    0x00, 0x00, 0xff, 0xff, 0x7c, 0x00, 0x00, 0x00, 0x00, 0x00, 0x00, 0x00, 0x00, 0x00, 0x00, 0x00,
    0x00, 0x00, 0x00, 0x00, 0xff, 0xff, 0x7c, 0x00, 0x00, 0x00, 0x00, 0x00, 0x00, 0x18, 0xff, 0xff,
    0xff, 0xff, 0xff, 0xff, 0xff, 0xff, 0xff, 0xff, 0x8c, 0x00, 0x00, 0x00, 0x00, 0x36, 0xff, 0xff,
    0xff, 0xff, 0xff, 0xff, 0xff, 0xff, 0xff, 0xff, 0x8c, 0x00, 0x00, 0x00, 0x00, 0x54, 0xff, 0xff,
    0x59, 0x48, 0x48, 0x48, 0x48, 0x48, 0x48, 0x48, 0x27, 0x00, 0x00, 0x00, 0x00, 0x72, 0xff, 0xfb,
    0x03, 0x00, 0x00, 0x00, 0x00, 0x00, 0x00, 0x00, 0x00, 0x00, 0x00, 0x00, 0x00, 0x90, 0xff, 0xe1,
    0x00, 0x00, 0x00, 0x00, 0x00, 0x00, 0x00, 0x00, 0x00, 0x00, 0x00, 0x00, 0x00, 0xae, 0xff, 0xc3,
    0x00, 0x00, 0x00, 0x00, 0x00, 0x00, 0x00, 0x00, 0x00, 0x00, 0x00, 0x00, 0x00, 0xcc, 0xff, 0xa6,
    0x00, 0x00, 0x00, 0x00, 0x00, 0x00, 0x00, 0x00, 0x00, 0x00, 0x00, 0x00, 0x00, 0xeb, 0xff, 0x8a,
    0x61, 0xc2, 0xf2, 0xf5, 0xd1, 0x7d, 0x0e, 0x00, 0x00, 0x00, 0x00, 0x00, 0x09, 0xff, 0xff, 0xf4,
    0xff, 0xff, 0xff, 0xff, 0xff, 0xff, 0xe6, 0x31, 0x00, 0x00, 0x00, 0x00, 0x27, 0xff, 0xff, 0xfc,
    0xb2, 0x6a, 0x4e, 0x66, 0xbe, 0xff, 0xff, 0xeb, 0x1c, 0x00, 0x00, 0x00, 0x05, 0x2c, 0x4d, 0x30,
    0x00, 0x00, 0x00, 0x00, 0x00, 0x74, 0xff, 0xff, 0xa8, 0x00, 0x00, 0x00, 0x00, 0x00, 0x00, 0x00,
    0x00, 0x00, 0x00, 0x00, 0x00, 0x00, 0xaf, 0xff, 0xfc, 0x15, 0x00, 0x00, 0x00, 0x00, 0x00, 0x00,
    0x00, 0x00, 0x00, 0x00, 0x00, 0x00, 0x41, 0xff, 0xff, 0x54, 0x00, 0x00, 0x00, 0x00, 0x00, 0x00,
    0x00, 0x00, 0x00, 0x00, 0x00, 0x00, 0x10, 0xff, 0xff, 0x70, 0x00, 0x00, 0x00, 0x00, 0x00, 0x00,
    0x00, 0x00, 0x00, 0x00, 0x00, 0x00, 0x0c, 0xff, 0xff, 0x6d, 0x00, 0x00, 0x40, 0x8c, 0x8a, 0x02,
    0x00, 0x00, 0x00, 0x00, 0x00, 0x00, 0x36, 0xff, 0xff, 0x50, 0x00, 0x00, 0x5a, 0xff, 0xff, 0x3d,
    0x00, 0x00, 0x00, 0x00, 0x00, 0x00, 0x9a, 0xff, 0xf8, 0x12, 0x00, 0x00, 0x14, 0xf5, 0xff, 0xd4,
    0x15, 0x00, 0x00, 0x00, 0x00, 0x59, 0xfe, 0xff, 0xa0, 0x00, 0x00, 0x00, 0x00, 0x78, 0xff, 0xff,
    0xe9, 0x81, 0x51, 0x5f, 0xad, 0xfe, 0xff, 0xe3, 0x12, 0x00, 0x00, 0x00, 0x00, 0x00, 0x85, 0xfd,
    0xff, 0xff, 0xff, 0xff, 0xff, 0xff, 0xd5, 0x26, 0x00, 0x00, 0x00, 0x00, 0x00, 0x00, 0x00, 0x34,
    0x9c, 0xdc, 0xf7, 0xea, 0xc4, 0x67, 0x0a, 0x00, 0x00, 0x00, 0x00, 0x00, 0x00, 0x00, 0x00, 0x00,
    0x00, 0x48, 0xaf, 0xe3, 0xf8, 0xe4, 0xb0, 0x50, 0x00, 0x00, 0x00, 0x00, 0x00, 0x00, 0x00, 0x00,
    0x00, 0x06, 0xa2, 0xff, 0xff, 0xff, 0xff, 0xff, 0xff, 0xff, 0xb3, 0x0a, 0x00, 0x00, 0x00, 0x00,
    0x00, 0x00, 0x00, 0xa0, 0xff, 0xff, 0xcc, 0x6f, 0x52, 0x6e, 0xce, 0xff, 0xff, 0xb2, 0x00, 0x00,
    0x00, 0x00, 0x00, 0x00, 0x4e, 0xff, 0xff, 0x84, 0x01, 0x00, 0x00, 0x00, 0x02, 0xa1, 0xff, 0xff,
    0x4b, 0x00, 0x00, 0x00, 0x00, 0x00, 0xd1, 0xff, 0xb3, 0x00, 0x00, 0x00, 0x00, 0x00, 0x00, 0x0a,
    0xee, 0xff, 0xa6, 0x00, 0x00, 0x00, 0x00, 0x2e, 0xff, 0xff, 0x32, 0x00, 0x00, 0x00, 0x00, 0x00,
    0x00, 0x00, 0x22, 0x30, 0x27, 0x00, 0x00, 0x00, 0x00, 0x7c, 0xff, 0xe3, 0x00, 0x00, 0x00, 0x00,
    0x00, 0x00, 0x00, 0x00, 0x00, 0x00, 0x00, 0x00, 0x00, 0x00, 0x00, 0xac, 0xff, 0xa9, 0x00, 0x21,
    0x96, 0xdf, 0xf9, 0xe2, 0xad, 0x3f, 0x00, 0x00, 0x00, 0x00, 0x00, 0x00, 0x00, 0xd5, 0xff, 0x91,
    0x43, 0xf4, 0xff, 0xff, 0xff, 0xff, 0xff, 0xff, 0x8e, 0x03, 0x00, 0x00, 0x00, 0x00, 0x00, 0xea,
    0xff, 0xb2, 0xf1, 0xff, 0xb2, 0x5f, 0x52, 0x81, 0xe9, 0xff, 0xff, 0x82, 0x00, 0x00, 0x00, 0x00,
    0x00, 0xf6, 0xff, 0xff, 0xff, 0x5c, 0x00, 0x00, 0x00, 0x00, 0x16, 0xcf, 0xff, 0xfc, 0x2b, 0x00,
    0x00, 0x00, 0x00, 0xfb, 0xff, 0xff, 0x9f, 0x00, 0x00, 0x00, 0x00, 0x00, 0x00, 0x27, 0xfc, 0xff,
    0x92, 0x00, 0x00, 0x00, 0x00, 0xed, 0xff, 0xff, 0x1c, 0x00, 0x00, 0x00, 0x00, 0x00, 0x00, 0x00,
    0xb7, 0xff, 0xd5, 0x00, 0x00, 0x00, 0x00, 0xdd, 0xff, 0xe7, 0x00, 0x00, 0x00, 0x00, 0x00, 0x00,
    0x00, 0x00, 0x89, 0xff, 0xf2, 0x00, 0x00, 0x00, 0x00, 0xb5, 0xff, 0xeb, 0x00, 0x00, 0x00, 0x00,
    0x00, 0x00, 0x00, 0x00, 0x8c, 0xff, 0xef, 0x00, 0x00, 0x00, 0x00, 0x7c, 0xff, 0xff, 0x1f, 0x00,
    0x00, 0x00, 0x00, 0x00, 0x00, 0x00, 0xbe, 0xff, 0xd1, 0x00, 0x00, 0x00, 0x00, 0x2a, 0xff, 0xff,
    0x90, 0x00, 0x00, 0x00, 0x00, 0x00, 0x00, 0x30, 0xfe, 0xff, 0x86, 0x00, 0x00, 0x00, 0x00, 0x00,
    0xb5, 0xff, 0xfd, 0x59, 0x00, 0x00, 0x00, 0x00, 0x1e, 0xd9, 0xff, 0xf7, 0x21, 0x00, 0x00, 0x00,
    0x00, 0x00, 0x1e, 0xef, 0xff, 0xfe, 0xad, 0x60, 0x54, 0x88, 0xef, 0xff, 0xff, 0x6d, 0x00, 0x00,
    0x00, 0x00, 0x00, 0x00, 0x00, 0x33, 0xe5, 0xff, 0xff, 0xff, 0xff, 0xff, 0xff, 0xfc, 0x71, 0x00,
    0x00, 0x00, 0x00, 0x00, 0x00, 0x00, 0x00, 0x00, 0x0d, 0x78, 0xc8, 0xf1, 0xf4, 0xd5, 0x95, 0x28,
    0x00, 0x00, 0x00, 0x00, 0x00, 0x00, 0xff, 0xff, 0xff, 0xff, 0xff, 0xff, 0xff, 0xff, 0xff, 0xff,
    0xff, 0xff, 0xff, 0x00, 0x00, 0xff, 0xff, 0xff, 0xff, 0xff, 0xff, 0xff, 0xff, 0xff, 0xff, 0xff,
    0xff, 0xff, 0x00, 0x00, 0x48, 0x48, 0x48, 0x48, 0x48, 0x48, 0x48, 0x48, 0x48, 0x48, 0xe5, 0xff,
    0xe5, 0x00, 0x00, 0x00, 0x00, 0x00, 0x00, 0x00, 0x00, 0x00, 0x00, 0x00, 0x45, 0xff, 0xff, 0x72,
    0x00, 0x00, 0x00, 0x00, 0x00, 0x00, 0x00, 0x00, 0x00, 0x00, 0x00, 0xc0, 0xff, 0xec, 0x0b, 0x00,
    0x00, 0x00, 0x00, 0x00, 0x00, 0x00, 0x00, 0x00, 0x00, 0x39, 0xff, 0xff, 0x7d, 0x00, 0x00, 0x00,
    0x00, 0x00, 0x00, 0x00, 0x00, 0x00, 0x00, 0x00, 0xb4, 0xff, 0xf2, 0x10, 0x00, 0x00, 0x00, 0x00,
    0x00, 0x00, 0x00, 0x00, 0x00, 0x00, 0x2f, 0xff, 0xff, 0x88, 0x00, 0x00, 0x00, 0x00, 0x00, 0x00,
    0x00, 0x00, 0x00, 0x00, 0x00, 0xa9, 0xff, 0xf7, 0x17, 0x00, 0x00, 0x00, 0x00, 0x00, 0x00, 0x00,
    0x00, 0x00, 0x00, 0x25, 0xfd, 0xff, 0x93, 0x00, 0x00, 0x00, 0x00, 0x00, 0x00, 0x00, 0x00, 0x00,
    0x00, 0x00, 0x9d, 0xff, 0xfa, 0x1e, 0x00, 0x00, 0x00, 0x00, 0x00, 0x00, 0x00, 0x00, 0x00, 0x00,
    0x1c, 0xf9, 0xff, 0x9e, 0x00, 0x00, 0x00, 0x00, 0x00, 0x00, 0x00, 0x00, 0x00, 0x00, 0x00, 0x91,
    0xff, 0xfd, 0x26, 0x00, 0x00, 0x00, 0x00, 0x00, 0x00, 0x00, 0x00, 0x00, 0x00, 0x15, 0xf5, 0xff,
    0xa9, 0x00, 0x00, 0x00, 0x00, 0x00, 0x00, 0x00, 0x00, 0x00, 0x00, 0x00, 0x86, 0xff, 0xff, 0x30,
    0x00, 0x00, 0x00, 0x00, 0x00, 0x00, 0x00, 0x00, 0x00, 0x00, 0x0f, 0xf0, 0xff, 0xb5, 0x00, 0x00,
    0x00, 0x00, 0x00, 0x00, 0x00, 0x00, 0x00, 0x00, 0x00, 0x7a, 0xff, 0xff, 0x3b, 0x00, 0x00, 0x00,
    0x00, 0x00, 0x00, 0x00, 0x00, 0x00, 0x00, 0x0a, 0xea, 0xff, 0xc0, 0x00, 0x00, 0x00, 0x00, 0x00,
    0x00, 0x00, 0x00, 0x00, 0x00, 0x00, 0x6f, 0xff, 0xff, 0x45, 0x00, 0x00, 0x00, 0x00, 0x00, 0x00,
    0x00, 0x00, 0x00, 0x00, 0x05, 0xe2, 0xff, 0xcb, 0x00, 0x00, 0x00, 0x00, 0x00, 0x00, 0x00, 0x00,
    0x00, 0x00, 0x00, 0x63, 0xff, 0xff, 0x51, 0x00, 0x00, 0x00, 0x00, 0x00, 0x00, 0x00, 0x00, 0x00,
    0x00, 0x00, 0x00, 0x00, 0x00, 0x42, 0xa3, 0xdf, 0xf7, 0xec, 0xca, 0x79, 0x10, 0x00, 0x00, 0x00,
    0x00, 0x00, 0x00, 0x00, 0x00, 0x04, 0xa0, 0xff, 0xff, 0xff, 0xff, 0xff, 0xff, 0xff, 0xe7, 0x3f,
    0x00, 0x00, 0x00, 0x00, 0x00, 0x00, 0x00, 0x97, 0xff, 0xff, 0xd6, 0x74, 0x4f, 0x5a, 0x9d, 0xfb,
    0xff, 0xf1, 0x25, 0x00, 0x00, 0x00, 0x00, 0x00, 0x22, 0xfc, 0xff, 0xb7, 0x05, 0x00, 0x00, 0x00,
    0x00, 0x40, 0xfb, 0xff, 0xa1, 0x00, 0x00, 0x00, 0x00, 0x00, 0x61, 0xff, 0xff, 0x2c, 0x00, 0x00,
    0x00, 0x00, 0x00, 0x00, 0xaa, 0xff, 0xe4, 0x00, 0x00, 0x00, 0x00, 0x00, 0x70, 0xff, 0xff, 0x08,
    0x00, 0x00, 0x00, 0x00, 0x00, 0x00, 0x84, 0xff, 0xf4, 0x00, 0x00, 0x00, 0x00, 0x00, 0x4b, 0xff,
    0xff, 0x31, 0x00, 0x00, 0x00, 0x00, 0x00, 0x00, 0xb1, 0xff, 0xcd, 0x00, 0x00, 0x00, 0x00, 0x00,
    0x05, 0xe2, 0xff, 0xbd, 0x08, 0x00, 0x00, 0x00, 0x00, 0x4c, 0xfd, 0xff, 0x66, 0x00, 0x00, 0x00,
    0x00, 0x00, 0x00, 0x3e, 0xf4, 0xff, 0xda, 0x76, 0x4f, 0x5b, 0xa3, 0xfd, 0xff, 0xab, 0x04, 0x00,
    0x00, 0x00, 0x00, 0x00, 0x00, 0x00, 0x23, 0xb6, 0xff, 0xff, 0xff, 0xff, 0xff, 0xf7, 0x66, 0x03,
    0x00, 0x00, 0x00, 0x00, 0x00, 0x00, 0x00, 0x14, 0xb2, 0xff, 0xff, 0xff, 0xff, 0xff, 0xff, 0xff,
    0xf5, 0x81, 0x03, 0x00, 0x00, 0x00, 0x00, 0x00, 0x05, 0xcb, 0xff, 0xff, 0xa8, 0x3c, 0x0e, 0x0d,
    0x3b, 0xa8, 0xff, 0xff, 0xa5, 0x00, 0x00, 0x00, 0x00, 0x00, 0x6a, 0xff, 0xff, 0x76, 0x00, 0x00,
    0x00, 0x00, 0x00, 0x00, 0x76, 0xff, 0xff, 0x52, 0x00, 0x00, 0x00, 0x00, 0xc5, 0xff, 0xd1, 0x00,
    0x00, 0x00, 0x00, 0x00, 0x00, 0x00, 0x00, 0xd1, 0xff, 0xbb, 0x00, 0x00, 0x00, 0x00, 0xf1, 0xff,
    0x8d, 0x00, 0x00, 0x00, 0x00, 0x00, 0x00, 0x00, 0x00, 0x8e, 0xff, 0xee, 0x00, 0x00, 0x00, 0x00,
    0xf2, 0xff, 0x8c, 0x00, 0x00, 0x00, 0x00, 0x00, 0x00, 0x00, 0x00, 0x8c, 0xff, 0xf1, 0x00, 0x00,
    0x00, 0x00, 0xcd, 0xff, 0xd1, 0x00, 0x00, 0x00, 0x00, 0x00, 0x00, 0x00, 0x00, 0xd1, 0xff, 0xcb,
    0x00, 0x00, 0x00, 0x00, 0x6e, 0xff, 0xff, 0x87, 0x02, 0x00, 0x00, 0x00, 0x00, 0x02, 0x88, 0xff,
    0xff, 0x68, 0x00, 0x00, 0x00, 0x00, 0x08, 0xc7, 0xff, 0xff, 0xcf, 0x77, 0x53, 0x52, 0x76, 0xcf,
    0xff, 0xff, 0xc1, 0x06, 0x00, 0x00, 0x00, 0x00, 0x00, 0x13, 0xb5, 0xff, 0xff, 0xff, 0xff, 0xff,
    0xff, 0xff, 0xff, 0xaf, 0x10, 0x00, 0x00, 0x00, 0x00, 0x00, 0x00, 0x00, 0x00, 0x48, 0xa2, 0xdb,
    0xf4, 0xf3, 0xda, 0x9f, 0x45, 0x00, 0x00, 0x00, 0x00, 0x00, 0x00, 0x00, 0x00, 0x00, 0x00, 0x2e,
    0x97, 0xd6, 0xf3, 0xf1, 0xc8, 0x76, 0x0b, 0x00, 0x00, 0x00, 0x00, 0x00, 0x00, 0x00, 0x00, 0x02,
    0x82, 0xfe, 0xff, 0xff, 0xff, 0xff, 0xff, 0xff, 0xe2, 0x2e, 0x00, 0x00, 0x00, 0x00, 0x00, 0x00,
    0x00, 0x85, 0xff, 0xff, 0xe7, 0x82, 0x53, 0x5f, 0xab, 0xfd, 0xff, 0xec, 0x1b, 0x00, 0x00, 0x00,
    0x00, 0x00, 0x33, 0xfe, 0xff, 0xc6, 0x13, 0x00, 0x00, 0x00, 0x00, 0x4b, 0xf9, 0xff, 0xb2, 0x00,
    0x00, 0x00, 0x00, 0x00, 0x9c, 0xff, 0xf6, 0x19, 0x00, 0x00, 0x00, 0x00, 0x00, 0x00, 0x77, 0xff,
    0xfe, 0x27, 0x00, 0x00, 0x00, 0x00, 0xdb, 0xff, 0xa9, 0x00, 0x00, 0x00, 0x00, 0x00, 0x00, 0x00,
    0x0e, 0xfc, 0xff, 0x79, 0x00, 0x00, 0x00, 0x00, 0xf7, 0xff, 0x84, 0x00, 0x00, 0x00, 0x00, 0x00,
    0x00, 0x00, 0x00, 0xe4, 0xff, 0xb4, 0x00, 0x00, 0x00, 0x00, 0xe8, 0xff, 0x95, 0x00, 0x00, 0x00,
    0x00, 0x00, 0x00, 0x00, 0x05, 0xf5, 0xff, 0xdd, 0x00, 0x00, 0x00, 0x00, 0xc0, 0xff, 0xe1, 0x03,
    0x00, 0x00, 0x00, 0x00, 0x00, 0x00, 0x55, 0xff, 0xff, 0xed, 0x00, 0x00, 0x00, 0x00, 0x63, 0xff,
    0xff, 0x84, 0x00, 0x00, 0x00, 0x00, 0x00, 0x22, 0xe6, 0xff, 0xff, 0xfb, 0x00, 0x00, 0x00, 0x00,
    0x07, 0xcf, 0xff, 0xff, 0xa4, 0x32, 0x09, 0x16, 0x6b, 0xf2, 0xff, 0xd8, 0xff, 0xf4, 0x00, 0x00,
    0x00, 0x00, 0x00, 0x22, 0xdc, 0xff, 0xff, 0xff, 0xff, 0xff, 0xff, 0xff, 0x7c, 0x8c, 0xff, 0xe8,
    0x00, 0x00, 0x00, 0x00, 0x00, 0x00, 0x0f, 0x92, 0xf1, 0xff, 0xff, 0xff, 0xdd, 0x5b, 0x00, 0x9b,
    0xff, 0xd3, 0x00, 0x00, 0x00, 0x00, 0x00, 0x00, 0x00, 0x00, 0x08, 0x2c, 0x41, 0x28, 0x00, 0x00,
    0x00, 0xc3, 0xff, 0xa8, 0x00, 0x00, 0x00, 0x00, 0x00, 0x00, 0x00, 0x00, 0x00, 0x00, 0x00, 0x00,
    0x00, 0x00, 0x05, 0xf7, 0xff, 0x77, 0x00, 0x00, 0x00, 0x00, 0x85, 0xb0, 0x8b, 0x00, 0x00, 0x00,
    0x00, 0x00, 0x00, 0x00, 0x56, 0xff, 0xff, 0x29, 0x00, 0x00, 0x00, 0x00, 0x8b, 0xff, 0xfd, 0x1f,
    0x00, 0x00, 0x00, 0x00, 0x00, 0x05, 0xce, 0xff, 0xce, 0x00, 0x00, 0x00, 0x00, 0x00, 0x27, 0xfc,
    0xff, 0xbf, 0x08, 0x00, 0x00, 0x00, 0x03, 0x9d, 0xff, 0xff, 0x4c, 0x00, 0x00, 0x00, 0x00, 0x00,
    0x00, 0x8b, 0xff, 0xff, 0xd9, 0x72, 0x52, 0x71, 0xd3, 0xff, 0xff, 0xa1, 0x00, 0x00, 0x00, 0x00,
    0x00, 0x00, 0x00, 0x02, 0x9a, 0xff, 0xff, 0xff, 0xff, 0xff, 0xff, 0xff, 0xa6, 0x06, 0x00, 0x00,
    0x00, 0x00, 0x00, 0x00, 0x00, 0x00, 0x00, 0x45, 0xab, 0xe3, 0xf9, 0xe5, 0xb2, 0x4e, 0x00, 0x00,
    0x00, 0x00, 0x00, 0x00, 0x00, 0x00, 0x49, 0xe3, 0xe3, 0x47, 0x00, 0x00, 0x00, 0x00, 0xe4, 0xff,
    0xff, 0xe3, 0x00, 0x00, 0x00, 0x00, 0xe5, 0xff, 0xff, 0xe3, 0x00, 0x00, 0x00, 0x00, 0x4c, 0xe4,
    0xe4, 0x49, 0x00, 0x00, 0x00, 0x00, 0x00, 0x00, 0x00, 0x00, 0x00, 0x00, 0x00, 0x00, 0x00, 0x00,
    0x00, 0x00, 0x00, 0x00, 0x00, 0x00, 0x00, 0x00, 0x00, 0x00, 0x00, 0x00, 0x00, 0x00, 0x00, 0x00,
    0x00, 0x00, 0x00, 0x00, 0x00, 0x00, 0x00, 0x00, 0x00, 0x00, 0x00, 0x00, 0x00, 0x00, 0x00, 0x00,
    0x00, 0x00, 0x00, 0x00, 0x00, 0x00, 0x00, 0x00, 0x00, 0x00, 0x00, 0x00, 0x00, 0x00, 0x4b, 0xe4,
    0xe4, 0x49, 0x00, 0x00, 0x00, 0x00, 0xe5, 0xff, 0xff, 0xe4, 0x00, 0x00, 0x00, 0x00, 0xe4, 0xff,
    0xff, 0xe2, 0x00, 0x00, 0x00, 0x00, 0x49, 0xe4, 0xe3, 0x47, 0x00, 0x00, 0x00, 0x00, 0x00, 0x49,
    0xe3, 0xe3, 0x47, 0x00, 0x00, 0x00, 0x00, 0x00, 0xe4, 0xff, 0xff, 0xe3, 0x00, 0x00, 0x00, 0x00,
    0x00, 0xe5, 0xff, 0xff, 0xe3, 0x00, 0x00, 0x00, 0x00, 0x00, 0x4c, 0xe4, 0xe4, 0x49, 0x00, 0x00,
    0x00, 0x00, 0x00, 0x00, 0x00, 0x00, 0x00, 0x00, 0x00, 0x00, 0x00, 0x00, 0x00, 0x00, 0x00, 0x00,
    0x00, 0x00, 0x00, 0x00, 0x00, 0x00, 0x00, 0x00, 0x00, 0x00, 0x00, 0x00, 0x00, 0x00, 0x00, 0x00,
    0x00, 0x00, 0x00, 0x00, 0x00, 0x00, 0x00, 0x00, 0x00, 0x00, 0x00, 0x00, 0x00, 0x00, 0x00, 0x00,
    0x00, 0x00, 0x00, 0x00, 0x00, 0x00, 0x00, 0x00, 0x00, 0x00, 0x00, 0x00, 0x00, 0x00, 0x00, 0x00,
    0x00, 0x00, 0x00, 0x00, 0x00, 0x00, 0x00, 0x00, 0x00, 0x00, 0x00, 0xa9, 0xff, 0xff, 0x52, 0x00,
    0x00, 0x00, 0x00, 0x00, 0xd1, 0xff, 0xfa, 0x0e, 0x00, 0x00, 0x00, 0x00, 0x01, 0xf6, 0xff, 0xbe,
    0x00, 0x00, 0x00, 0x00, 0x00, 0x21, 0xff, 0xff, 0x74, 0x00, 0x00, 0x00, 0x00, 0x00, 0x49, 0xff,
    0xff, 0x2a, 0x00, 0x00, 0x00, 0x00, 0x00, 0x71, 0xff, 0xe0, 0x00, 0x00, 0x00, 0x00, 0x00, 0x00,
    0x99, 0xff, 0x96, 0x00, 0x00, 0x00, 0x00, 0x00, 0x00, 0xc0, 0xff, 0x4c, 0x00, 0x00, 0x00, 0x00,
    0x00, 0x00, 0x00, 0x00, 0x00, 0x00, 0x00, 0x00, 0x00, 0x00, 0x00, 0x00, 0x00, 0x1a, 0x95, 0x00,
    0x00, 0x00, 0x00, 0x00, 0x00, 0x00, 0x00, 0x00, 0x00, 0x00, 0x00, 0x00, 0x00, 0x15, 0x8d, 0xf7,
    0xff, 0x00, 0x00, 0x00, 0x00, 0x00, 0x00, 0x00, 0x00, 0x00, 0x00, 0x00, 0x00, 0x10, 0x84, 0xf3,
    0xff, 0xff, 0xfe, 0x00, 0x00, 0x00, 0x00, 0x00, 0x00, 0x00, 0x00, 0x00, 0x00, 0x0c, 0x7b, 0xef,
    0xff, 0xff, 0xfd, 0xa7, 0x2b, 0x00, 0x00, 0x00, 0x00, 0x00, 0x00, 0x00, 0x00, 0x09, 0x73, 0xea,
    0xff, 0xff, 0xfb, 0xa0, 0x26, 0x00, 0x00, 0x00, 0x00, 0x00, 0x00, 0x00, 0x00, 0x06, 0x6a, 0xe5,
    0xff, 0xff, 0xf9, 0x99, 0x21, 0x00, 0x00, 0x00, 0x00, 0x00, 0x00, 0x00, 0x00, 0x00, 0x62, 0xe0,
    0xff, 0xff, 0xf7, 0x92, 0x1c, 0x00, 0x00, 0x00, 0x00, 0x00, 0x00, 0x00, 0x00, 0x00, 0x00, 0x00,
    0xff, 0xff, 0xff, 0x9f, 0x18, 0x00, 0x00, 0x00, 0x00, 0x00, 0x00, 0x00, 0x00, 0x00, 0x00, 0x00,
    0x00, 0x00, 0xe2, 0xff, 0xff, 0xed, 0x7e, 0x10, 0x00, 0x00, 0x00, 0x00, 0x00, 0x00, 0x00, 0x00,
    0x00, 0x00, 0x00, 0x00, 0x07, 0x6f, 0xe8, 0xff, 0xff, 0xf1, 0x85, 0x14, 0x00, 0x00, 0x00, 0x00,
    0x00, 0x00, 0x00, 0x00, 0x00, 0x00, 0x00, 0x00, 0x0a, 0x77, 0xed, 0xff, 0xff, 0xf4, 0x8c, 0x18,
    0x00, 0x00, 0x00, 0x00, 0x00, 0x00, 0x00, 0x00, 0x00, 0x00, 0x00, 0x00, 0x0e, 0x80, 0xf1, 0xff,
    0xff, 0xf7, 0x93, 0x1c, 0x00, 0x00, 0x00, 0x00, 0x00, 0x00, 0x00, 0x00, 0x00, 0x00, 0x00, 0x00,
    0x12, 0x89, 0xf5, 0xff, 0xff, 0xf9, 0x99, 0x00, 0x00, 0x00, 0x00, 0x00, 0x00, 0x00, 0x00, 0x00,
    0x00, 0x00, 0x00, 0x00, 0x17, 0x91, 0xf8, 0xff, 0xff, 0x00, 0x00, 0x00, 0x00, 0x00, 0x00, 0x00,
    0x00, 0x00, 0x00, 0x00, 0x00, 0x00, 0x00, 0x00, 0x1d, 0x9a, 0xfb, 0x00, 0x00, 0x00, 0x00, 0x00,
    0x00, 0x00, 0x00, 0x00, 0x00, 0x00, 0x00, 0x00, 0x00, 0x00, 0x00, 0x00, 0x23, 0x00, 0x00, 0x00,
    0x00, 0x00, 0x00, 0x48, 0x48, 0x48, 0x48, 0x48, 0x48, 0x48, 0x48, 0x48, 0x48, 0x48, 0x48, 0x00,
    0x00, 0x00, 0x00, 0x00, 0x00, 0xff, 0xff, 0xff, 0xff, 0xff, 0xff, 0xff, 0xff, 0xff, 0xff, 0xff,
    0xff, 0x00, 0x00, 0x00, 0x00, 0x00, 0x00, 0xff, 0xff, 0xff, 0xff, 0xff, 0xff, 0xff, 0xff, 0xff,
    0xff, 0xff, 0xff, 0x00, 0x00, 0x00, 0x00, 0x00, 0x00, 0x00, 0x00, 0x00, 0x00, 0x00, 0x00, 0x00,
    0x00, 0x00, 0x00, 0x00, 0x00, 0x00, 0x00, 0x00, 0x00, 0x00, 0x00, 0x00, 0x00, 0x00, 0x00, 0x00,
    0x00, 0x00, 0x00, 0x00, 0x00, 0x00, 0x00, 0x00, 0x00, 0x00, 0x00, 0x00, 0x00, 0x00, 0x00, 0x00,
    0x00, 0x00, 0x00, 0x00, 0x00, 0x00, 0x00, 0x00, 0x00, 0x00, 0x00, 0x00, 0x00, 0x00, 0x00, 0x48,
    0x48, 0x48, 0x48, 0x48, 0x48, 0x48, 0x48, 0x48, 0x48, 0x48, 0x48, 0x00, 0x00, 0x00, 0x00, 0x00,
    0x00, 0xff, 0xff, 0xff, 0xff, 0xff, 0xff, 0xff, 0xff, 0xff, 0xff, 0xff, 0xff, 0x00, 0x00, 0x00,
    0x00, 0x00, 0x00, 0xff, 0xff, 0xff, 0xff, 0xff, 0xff, 0xff, 0xff, 0xff, 0xff, 0xff, 0xff, 0x00,
    0x00, 0x00, 0x00, 0x00, 0x00, 0x00, 0x00, 0x00, 0x00, 0x00, 0x00, 0x00, 0x00, 0x00, 0x00, 0x00,
    0x00, 0x00, 0x00, 0x00, 0x00, 0x00, 0x00, 0x00, 0x00, 0x00, 0x00, 0x00, 0x00, 0x00, 0x00, 0x00,
    0x00, 0x00, 0x00, 0x00, 0x00, 0x00, 0x00, 0x00, 0x00, 0x00, 0x00, 0x00, 0x00, 0x00, 0x00, 0x00,
    0x00, 0x00, 0x00, 0x00, 0x00, 0x00, 0x00, 0x00, 0x00, 0x00, 0x00, 0x00, 0x00, 0x00, 0x00, 0x00,
    0x00, 0x00, 0x00, 0x00, 0x00, 0x00, 0x00, 0x00, 0x00, 0x00, 0x00, 0x00, 0x00, 0x95, 0x1a, 0x00,
    0x00, 0x00, 0x00, 0x00, 0x00, 0x00, 0x00, 0x00, 0x00, 0x00, 0x00, 0x00, 0x00, 0x00, 0x00, 0xff,
    0xf6, 0x8d, 0x15, 0x00, 0x00, 0x00, 0x00, 0x00, 0x00, 0x00, 0x00, 0x00, 0x00, 0x00, 0x00, 0x00,
    0x00, 0xfe, 0xff, 0xff, 0xf3, 0x84, 0x10, 0x00, 0x00, 0x00, 0x00, 0x00, 0x00, 0x00, 0x00, 0x00,
    0x00, 0x00, 0x00, 0x2c, 0xa7, 0xfd, 0xff, 0xff, 0xef, 0x7b, 0x0c, 0x00, 0x00, 0x00, 0x00, 0x00,
    0x00, 0x00, 0x00, 0x00, 0x00, 0x00, 0x00, 0x26, 0xa0, 0xfb, 0xff, 0xff, 0xea, 0x73, 0x09, 0x00,
    0x00, 0x00, 0x00, 0x00, 0x00, 0x00, 0x00, 0x00, 0x00, 0x00, 0x00, 0x20, 0x98, 0xf9, 0xff, 0xff,
    0xe5, 0x6a, 0x06, 0x00, 0x00, 0x00, 0x00, 0x00, 0x00, 0x00, 0x00, 0x00, 0x00, 0x00, 0x00, 0x1b,
    0x91, 0xf6, 0xff, 0xff, 0xe0, 0x61, 0x00, 0x00, 0x00, 0x00, 0x00, 0x00, 0x00, 0x00, 0x00, 0x00,
    0x00, 0x00, 0x00, 0x17, 0x9e, 0xff, 0xff, 0xff, 0x00, 0x00, 0x00, 0x00, 0x00, 0x00, 0x00, 0x00,
    0x00, 0x00, 0x00, 0x00, 0x0f, 0x7c, 0xec, 0xff, 0xff, 0xe2, 0x00, 0x00, 0x00, 0x00, 0x00, 0x00,
    0x00, 0x00, 0x00, 0x00, 0x13, 0x84, 0xf0, 0xff, 0xff, 0xe8, 0x6f, 0x07, 0x00, 0x00, 0x00, 0x00,
    0x00, 0x00, 0x00, 0x00, 0x18, 0x8b, 0xf4, 0xff, 0xff, 0xed, 0x77, 0x0a, 0x00, 0x00, 0x00, 0x00,
    0x00, 0x00, 0x00, 0x00, 0x1c, 0x92, 0xf7, 0xff, 0xff, 0xf1, 0x80, 0x0e, 0x00, 0x00, 0x00, 0x00,
    0x00, 0x00, 0x00, 0x00, 0x00, 0x9a, 0xf9, 0xff, 0xff, 0xf5, 0x89, 0x12, 0x00, 0x00, 0x00, 0x00,
    0x00, 0x00, 0x00, 0x00, 0x00, 0x00, 0x00, 0xff, 0xff, 0xf8, 0x91, 0x17, 0x00, 0x00, 0x00, 0x00,
    0x00, 0x00, 0x00, 0x00, 0x00, 0x00, 0x00, 0x00, 0x00, 0xfb, 0x9a, 0x1d, 0x00, 0x00, 0x00, 0x00,
    0x00, 0x00, 0x00, 0x00, 0x00, 0x00, 0x00, 0x00, 0x00, 0x00, 0x00, 0x22, 0x00, 0x00, 0x00, 0x00,
    0x00, 0x00, 0x00, 0x00, 0x00, 0x00, 0x00, 0x00, 0x00, 0x00, 0x00, 0x00, 0x00, 0x00, 0x50, 0xb0,
    0xe5, 0xf9, 0xe6, 0xb7, 0x58, 0x01, 0x00, 0x00, 0x00, 0x00, 0x00, 0x07, 0xb0, 0xff, 0xff, 0xff,
    0xff, 0xff, 0xff, 0xff, 0xb8, 0x09, 0x00, 0x00, 0x00, 0x00, 0x9e, 0xff, 0xff, 0xd9, 0x71, 0x4e,
    0x69, 0xca, 0xff, 0xff, 0x9f, 0x00, 0x00, 0x00, 0x23, 0xfd, 0xff, 0xc8, 0x09, 0x00, 0x00, 0x00,
    0x02, 0xa9, 0xff, 0xfd, 0x22, 0x00, 0x00, 0x61, 0xff, 0xff, 0x45, 0x00, 0x00, 0x00, 0x00, 0x00,
    0x24, 0xff, 0xff, 0x5f, 0x00, 0x00, 0x36, 0x74, 0x74, 0x0c, 0x00, 0x00, 0x00, 0x00, 0x00, 0x0a,
    0xff, 0xff, 0x73, 0x00, 0x00, 0x00, 0x00, 0x00, 0x00, 0x00, 0x00, 0x00, 0x00, 0x00, 0x41, 0xff,
    0xff, 0x56, 0x00, 0x00, 0x00, 0x00, 0x00, 0x00, 0x00, 0x00, 0x00, 0x00, 0x0f, 0xd0, 0xff, 0xf5,
    0x11, 0x00, 0x00, 0x00, 0x00, 0x00, 0x00, 0x00, 0x00, 0x00, 0x36, 0xd6, 0xff, 0xff, 0x74, 0x00,
    0x00, 0x00, 0x00, 0x00, 0x00, 0x00, 0x00, 0x04, 0x8e, 0xfd, 0xff, 0xfb, 0x7b, 0x00, 0x00, 0x00,
    0x00, 0x00, 0x00, 0x00, 0x00, 0x00, 0x96, 0xff, 0xff, 0xd5, 0x36, 0x00, 0x00, 0x00, 0x00, 0x00,
    0x00, 0x00, 0x00, 0x00, 0x1d, 0xfd, 0xff, 0xca, 0x0b, 0x00, 0x00, 0x00, 0x00, 0x00, 0x00, 0x00,
    0x00, 0x00, 0x00, 0x5a, 0xff, 0xff, 0x42, 0x00, 0x00, 0x00, 0x00, 0x00, 0x00, 0x00, 0x00, 0x00,
    0x00, 0x00, 0x71, 0xff, 0xff, 0x0d, 0x00, 0x00, 0x00, 0x00, 0x00, 0x00, 0x00, 0x00, 0x00, 0x00,
    0x00, 0x2a, 0x58, 0x58, 0x00, 0x00, 0x00, 0x00, 0x00, 0x00, 0x00, 0x00, 0x00, 0x00, 0x00, 0x00,
    0x00, 0x00, 0x00, 0x00, 0x00, 0x00, 0x00, 0x00, 0x00, 0x00, 0x00, 0x00, 0x00, 0x00, 0x00, 0x00,
    0x00, 0x00, 0x00, 0x00, 0x00, 0x00, 0x00, 0x00, 0x00, 0x00, 0x00, 0x00, 0x00, 0x00, 0x47, 0xe2,
    0xe4, 0x49, 0x00, 0x00, 0x00, 0x00, 0x00, 0x00, 0x00, 0x00, 0x00, 0x00, 0x00, 0xe3, 0xff, 0xff,
    0xe3, 0x00, 0x00, 0x00, 0x00, 0x00, 0x00, 0x00, 0x00, 0x00, 0x00, 0x00, 0xe3, 0xff, 0xff, 0xe4,
    0x00, 0x00, 0x00, 0x00, 0x00, 0x00, 0x00, 0x00, 0x00, 0x00, 0x00, 0x47, 0xe3, 0xe4, 0x49, 0x00,
    0x00, 0x00, 0x00, 0x00, 0x00, 0x00, 0x00, 0x00, 0x00, 0x00, 0x00, 0x00, 0x00, 0x00, 0x2d, 0x73,
    0xb6, 0xd7, 0xeb, 0xfa, 0xe8, 0xd1, 0xa5, 0x57, 0x0e, 0x00, 0x00, 0x00, 0x00, 0x00, 0x00, 0x00,
    0x00, 0x00, 0x00, 0x00, 0x00, 0x00, 0x00, 0x00, 0x3d, 0xbe, 0xff, 0xff, 0xff, 0xff, 0xff, 0xff,
    0xff, 0xff, 0xff, 0xff, 0xf1, 0x79, 0x08, 0x00, 0x00, 0x00, 0x00, 0x00, 0x00, 0x00, 0x00, 0x00,
    0x00, 0x00, 0x02, 0x8b, 0xff, 0xff, 0xff, 0xe9, 0xa4, 0x6f, 0x5a, 0x4e, 0x62, 0x7e, 0xc5, 0xfd,
    0xff, 0xff, 0xd5, 0x1e, 0x00, 0x00, 0x00, 0x00, 0x00, 0x00, 0x00, 0x00, 0x00, 0x02, 0xaf, 0xff,
    0xff, 0xdf, 0x5d, 0x02, 0x00, 0x00, 0x00, 0x00, 0x00, 0x00, 0x00, 0x21, 0xa8, 0xff, 0xff, 0xe5,
    0x22, 0x00, 0x00, 0x00, 0x00, 0x00, 0x00, 0x00, 0x00, 0x81, 0xff, 0xff, 0xbc, 0x0f, 0x00, 0x00,
    0x00, 0x00, 0x00, 0x00, 0x00, 0x00, 0x00, 0x00, 0x00, 0x65, 0xfc, 0xff, 0xcb, 0x06, 0x00, 0x00,
    0x00, 0x00, 0x00, 0x00, 0x34, 0xfd, 0xff, 0xc9, 0x05, 0x00, 0x00, 0x00, 0x00, 0x00, 0x00, 0x00,
    0x00, 0x00, 0x00, 0x00, 0x00, 0x00, 0x6e, 0xff, 0xff, 0x7a, 0x00, 0x00, 0x00, 0x00, 0x00, 0x00,
    0xad, 0xff, 0xf6, 0x22, 0x00, 0x00, 0x00, 0x31, 0xaa, 0xe3, 0xf6, 0xd3, 0x6e, 0x0f, 0xa4, 0xa4,
    0x4f, 0x00, 0x00, 0xbd, 0xff, 0xeb, 0x0a, 0x00, 0x00, 0x00, 0x00, 0x20, 0xfd, 0xff, 0x97, 0x00,
    0x00, 0x00, 0x60, 0xfb, 0xff, 0xff, 0xff, 0xff, 0xff, 0xbb, 0xff, 0xff, 0x7c, 0x00, 0x00, 0x40,
    0xff, 0xff, 0x5b, 0x00, 0x00, 0x00, 0x00, 0x66, 0xff, 0xff, 0x2b, 0x00, 0x00, 0x38, 0xfd, 0xff,
    0xe7, 0x76, 0x4f, 0x68, 0xc6, 0xff, 0xff, 0xff, 0x7c, 0x00, 0x00, 0x00, 0xe6, 0xff, 0xa0, 0x00,
    0x00, 0x00, 0x00, 0xa5, 0xff, 0xe8, 0x00, 0x00, 0x00, 0xc9, 0xff, 0xea, 0x1f, 0x00, 0x00, 0x00,
    0x02, 0xba, 0xff, 0xff, 0x7c, 0x00, 0x00, 0x00, 0xa8, 0xff, 0xd6, 0x00, 0x00, 0x00, 0x00, 0xd2,
    0xff, 0xb0, 0x00, 0x00, 0x24, 0xff, 0xff, 0x70, 0x00, 0x00, 0x00, 0x00, 0x00, 0x47, 0xff, 0xff,
    0x7c, 0x00, 0x00, 0x00, 0x8c, 0xff, 0xed, 0x00, 0x00, 0x00, 0x00, 0xe5, 0xff, 0x96, 0x00, 0x00,
    0x5b, 0xff, 0xff, 0x22, 0x00, 0x00, 0x00, 0x00, 0x00, 0x15, 0xff, 0xff, 0x7c, 0x00, 0x00, 0x00,
    0x7e, 0xff, 0xfb, 0x00, 0x00, 0x00, 0x00, 0xf8, 0xff, 0x85, 0x00, 0x00, 0x73, 0xff, 0xff, 0x05,
    0x00, 0x00, 0x00, 0x00, 0x00, 0x04, 0xff, 0xff, 0x7c, 0x00, 0x00, 0x00, 0x84, 0xff, 0xf0, 0x00,
    0x00, 0x00, 0x00, 0xf6, 0xff, 0x84, 0x00, 0x00, 0x6d, 0xff, 0xff, 0x0d, 0x00, 0x00, 0x00, 0x00,
    0x00, 0x0d, 0xff, 0xff, 0x7c, 0x00, 0x00, 0x00, 0x8f, 0xff, 0xe3, 0x00, 0x00, 0x00, 0x00, 0xe4,
    0xff, 0x96, 0x00, 0x00, 0x56, 0xff, 0xff, 0x31, 0x00, 0x00, 0x00, 0x00, 0x00, 0x28, 0xff, 0xff,
    0x7c, 0x00, 0x00, 0x00, 0xa6, 0xff, 0xd0, 0x00, 0x00, 0x00, 0x00, 0xd1, 0xff, 0xae, 0x00, 0x00,
    0x1e, 0xff, 0xff, 0x78, 0x00, 0x00, 0x00, 0x00, 0x00, 0x68, 0xff, 0xff, 0x7e, 0x00, 0x00, 0x00,
    0xd1, 0xff, 0xa7, 0x00, 0x00, 0x00, 0x00, 0xa6, 0xff, 0xe6, 0x00, 0x00, 0x00, 0xce, 0xff, 0xe7,
    0x17, 0x00, 0x00, 0x00, 0x11, 0xdc, 0xff, 0xff, 0xaa, 0x00, 0x00, 0x24, 0xfd, 0xff, 0x63, 0x00,
    0x00, 0x00, 0x00, 0x69, 0xff, 0xff, 0x28, 0x00, 0x00, 0x4b, 0xff, 0xff, 0xe0, 0x6f, 0x50, 0x71,
    0xda, 0xee, 0xf5, 0xff, 0xfc, 0x7f, 0x5a, 0xd2, 0xff, 0xed, 0x0f, 0x00, 0x00, 0x00, 0x00, 0x26,
    0xff, 0xff, 0x92, 0x00, 0x00, 0x00, 0x82, 0xff, 0xff, 0xff, 0xff, 0xff, 0xff, 0x5f, 0x92, 0xff,
    0xff, 0xff, 0xff, 0xff, 0xfe, 0x5c, 0x00, 0x00, 0x00, 0x00, 0x00, 0x00, 0xb8, 0xff, 0xf4, 0x1e,
    0x00, 0x00, 0x00, 0x4b, 0xbd, 0xea, 0xf3, 0xc9, 0x50, 0x00, 0x03, 0x69, 0xc7, 0xee, 0xf0, 0xc5,
    0x4b, 0x00, 0x00, 0x00, 0x00, 0x00, 0x00, 0x00, 0x40, 0xff, 0xff, 0xc7, 0x05, 0x00, 0x00, 0x00,
    0x00, 0x00, 0x00, 0x00, 0x00, 0x00, 0x00, 0x00, 0x00, 0x00, 0x00, 0x00, 0x00, 0x00, 0x00, 0x00,
    0x00, 0x00, 0x00, 0x00, 0x00, 0x94, 0xff, 0xff, 0xbd, 0x13, 0x00, 0x00, 0x00, 0x00, 0x00, 0x00,
    0x00, 0x00, 0x00, 0x00, 0x00, 0x00, 0x00, 0x00, 0x00, 0x00, 0x00, 0x00, 0x00, 0x00, 0x00, 0x00,
    0x00, 0x06, 0xc1, 0xff, 0xff, 0xe4, 0x6c, 0x08, 0x00, 0x00, 0x00, 0x00, 0x00, 0x00, 0x00, 0x00,
    0x1c, 0x0a, 0x00, 0x00, 0x00, 0x00, 0x00, 0x00, 0x00, 0x00, 0x00, 0x00, 0x00, 0x00, 0x06, 0x9e,
    0xff, 0xff, 0xff, 0xf1, 0xb5, 0x7a, 0x61, 0x4f, 0x55, 0x6b, 0x95, 0xd3, 0xff, 0x53, 0x00, 0x00,
    0x00, 0x00, 0x00, 0x00, 0x00, 0x00, 0x00, 0x00, 0x00, 0x00, 0x00, 0x00, 0x4a, 0xc6, 0xff, 0xff,
    0xff, 0xff, 0xff, 0xff, 0xff, 0xff, 0xff, 0xff, 0xff, 0x7b, 0x00, 0x00, 0x00, 0x00, 0x00, 0x00,
    0x00, 0x00, 0x00, 0x00, 0x00, 0x00, 0x00, 0x00, 0x00, 0x00, 0x32, 0x75, 0xb4, 0xd6, 0xe9, 0xfa,
    0xef, 0xd8, 0xab, 0x6f, 0x26, 0x00, 0x00, 0x00, 0x00, 0x00, 0x00, 0x00, 0x00, 0x00, 0x00, 0x00,
    0x00, 0x00, 0x00, 0x00, 0xa9, 0xff, 0xff, 0x90, 0x00, 0x00, 0x00, 0x00, 0x00, 0x00, 0x00, 0x00,
    0x00, 0x00, 0x00, 0x00, 0x00, 0x0b, 0xf5, 0xff, 0xff, 0xe6, 0x02, 0x00, 0x00, 0x00, 0x00, 0x00,
    0x00, 0x00, 0x00, 0x00, 0x00, 0x00, 0x00, 0x59, 0xff, 0xd8, 0xf0, 0xff, 0x42, 0x00, 0x00, 0x00,
    0x00, 0x00, 0x00, 0x00, 0x00, 0x00, 0x00, 0x00, 0x00, 0xb1, 0xff, 0x90, 0xae, 0xff, 0x9c, 0x00,
    0x00, 0x00, 0x00, 0x00, 0x00, 0x00, 0x00, 0x00, 0x00, 0x00, 0x0f, 0xf8, 0xff, 0x48, 0x68, 0xff,
    0xef, 0x06, 0x00, 0x00, 0x00, 0x00, 0x00, 0x00, 0x00, 0x00, 0x00, 0x00, 0x61, 0xff, 0xf6, 0x08,
    0x1f, 0xff, 0xff, 0x4e, 0x00, 0x00, 0x00, 0x00, 0x00, 0x00, 0x00, 0x00, 0x00, 0x00, 0xba, 0xff,
    0xb2, 0x00, 0x00, 0xd3, 0xff, 0xa8, 0x00, 0x00, 0x00, 0x00, 0x00, 0x00, 0x00, 0x00, 0x00, 0x15,
    0xfc, 0xff, 0x65, 0x00, 0x00, 0x83, 0xff, 0xf5, 0x0b, 0x00, 0x00, 0x00, 0x00, 0x00, 0x00, 0x00,
    0x00, 0x6a, 0xff, 0xfd, 0x18, 0x00, 0x00, 0x32, 0xff, 0xff, 0x5a, 0x00, 0x00, 0x00, 0x00, 0x00,
    0x00, 0x00, 0x00, 0xc2, 0xff, 0xc3, 0x00, 0x00, 0x00, 0x00, 0xdd, 0xff, 0xb4, 0x00, 0x00, 0x00,
    0x00, 0x00, 0x00, 0x00, 0x1c, 0xfe, 0xff, 0x6f, 0x00, 0x00, 0x00, 0x00, 0x88, 0xff, 0xfa, 0x13,
    0x00, 0x00, 0x00, 0x00, 0x00, 0x00, 0x73, 0xff, 0xff, 0x1d, 0x00, 0x00, 0x00, 0x00, 0x32, 0xff,
    0xff, 0x66, 0x00, 0x00, 0x00, 0x00, 0x00, 0x00, 0xcb, 0xff, 0xff, 0x58, 0x58, 0x58, 0x58, 0x58,
    0x58, 0xff, 0xff, 0xc0, 0x00, 0x00, 0x00, 0x00, 0x00, 0x23, 0xff, 0xff, 0xff, 0xff, 0xff, 0xff,
    0xff, 0xff, 0xff, 0xff, 0xff, 0xfd, 0x1b, 0x00, 0x00, 0x00, 0x00, 0x7b, 0xff, 0xff, 0xff, 0xff,
    0xff, 0xff, 0xff, 0xff, 0xff, 0xff, 0xff, 0xff, 0x72, 0x00, 0x00, 0x00, 0x00, 0xd3, 0xff, 0xd0,
    0x00, 0x00, 0x00, 0x00, 0x00, 0x00, 0x00, 0x00, 0xdb, 0xff, 0xcc, 0x00, 0x00, 0x00, 0x2b, 0xff,
    0xff, 0x7d, 0x00, 0x00, 0x00, 0x00, 0x00, 0x00, 0x00, 0x00, 0x86, 0xff, 0xff, 0x25, 0x00, 0x00,
    0x84, 0xff, 0xff, 0x2a, 0x00, 0x00, 0x00, 0x00, 0x00, 0x00, 0x00, 0x00, 0x30, 0xff, 0xff, 0x7e,
    0x00, 0x00, 0xdb, 0xff, 0xd7, 0x00, 0x00, 0x00, 0x00, 0x00, 0x00, 0x00, 0x00, 0x00, 0x00, 0xda,
    0xff, 0xd7, 0x00, 0x34, 0xff, 0xff, 0x84, 0x00, 0x00, 0x00, 0x00, 0x00, 0x00, 0x00, 0x00, 0x00,
    0x00, 0x85, 0xff, 0xff, 0x31, 0x8c, 0xff, 0xff, 0x31, 0x00, 0x00, 0x00, 0x00, 0x00, 0x00, 0x00,
    0x00, 0x00, 0x00, 0x2f, 0xff, 0xff, 0x8b, 0x00, 0x00, 0xff, 0xff, 0xff, 0xff, 0xff, 0xff, 0xff,
    0xf8, 0xe0, 0xb1, 0x53, 0x00, 0x00, 0x00, 0x00, 0x00, 0x00, 0x00, 0xff, 0xff, 0xff, 0xff, 0xff,
    0xff, 0xff, 0xff, 0xff, 0xff, 0xff, 0xb6, 0x0b, 0x00, 0x00, 0x00, 0x00, 0x00, 0xff, 0xff, 0xa1,
    0x48, 0x48, 0x48, 0x48, 0x4e, 0x70, 0xd1, 0xff, 0xff, 0xa0, 0x00, 0x00, 0x00, 0x00, 0x00, 0xff,
    0xff, 0x7c, 0x00, 0x00, 0x00, 0x00, 0x00, 0x00, 0x04, 0xbe, 0xff, 0xfd, 0x1f, 0x00, 0x00, 0x00,
    0x00, 0xff, 0xff, 0x7c, 0x00, 0x00, 0x00, 0x00, 0x00, 0x00, 0x00, 0x33, 0xff, 0xff, 0x5f, 0x00,
    0x00, 0x00, 0x00, 0xff, 0xff, 0x7c, 0x00, 0x00, 0x00, 0x00, 0x00, 0x00, 0x00, 0x0a, 0xff, 0xff,
    0x75, 0x00, 0x00, 0x00, 0x00, 0xff, 0xff, 0x7c, 0x00, 0x00, 0x00, 0x00, 0x00, 0x00, 0x00, 0x2f,
    0xff, 0xff, 0x5e, 0x00, 0x00, 0x00, 0x00, 0xff, 0xff, 0x7c, 0x00, 0x00, 0x00, 0x00, 0x00, 0x00,
    0x01, 0xb1, 0xff, 0xf5, 0x15, 0x00, 0x00, 0x00, 0x00, 0xff, 0xff, 0x7c, 0x00, 0x00, 0x00, 0x00,
    0x0c, 0x3f, 0xbb, 0xff, 0xfc, 0x5c, 0x00, 0x00, 0x00, 0x00, 0x00, 0xff, 0xff, 0xff, 0xff, 0xff,
    0xff, 0xff, 0xff, 0xff, 0xff, 0xa2, 0x28, 0x00, 0x00, 0x00, 0x00, 0x00, 0x00, 0xff, 0xff, 0xff,
    0xff, 0xff, 0xff, 0xff, 0xff, 0xff, 0xff, 0xf3, 0xa7, 0x1f, 0x00, 0x00, 0x00, 0x00, 0x00, 0xff,
    0xff, 0xa1, 0x48, 0x48, 0x48, 0x48, 0x4a, 0x62, 0xad, 0xfe, 0xff, 0xea, 0x28, 0x00, 0x00, 0x00,
    0x00, 0xff, 0xff, 0x7c, 0x00, 0x00, 0x00, 0x00, 0x00, 0x00, 0x00, 0x4a, 0xf9, 0xff, 0xcb, 0x00,
    0x00, 0x00, 0x00, 0xff, 0xff, 0x7c, 0x00, 0x00, 0x00, 0x00, 0x00, 0x00, 0x00, 0x00, 0x7e, 0xff,
    0xff, 0x36, 0x00, 0x00, 0x00, 0xff, 0xff, 0x7c, 0x00, 0x00, 0x00, 0x00, 0x00, 0x00, 0x00, 0x00,
    0x1e, 0xff, 0xff, 0x65, 0x00, 0x00, 0x00, 0xff, 0xff, 0x7c, 0x00, 0x00, 0x00, 0x00, 0x00, 0x00,
    0x00, 0x00, 0x07, 0xff, 0xff, 0x72, 0x00, 0x00, 0x00, 0xff, 0xff, 0x7c, 0x00, 0x00, 0x00, 0x00,
    0x00, 0x00, 0x00, 0x00, 0x3b, 0xff, 0xff, 0x56, 0x00, 0x00, 0x00, 0xff, 0xff, 0x7c, 0x00, 0x00,
    0x00, 0x00, 0x00, 0x00, 0x00, 0x0e, 0xcb, 0xff, 0xf8, 0x12, 0x00, 0x00, 0x00, 0xff, 0xff, 0xa1,
    0x48, 0x48, 0x48, 0x48, 0x49, 0x58, 0x88, 0xe5, 0xff, 0xff, 0x85, 0x00, 0x00, 0x00, 0x00, 0xff,
    0xff, 0xff, 0xff, 0xff, 0xff, 0xff, 0xff, 0xff, 0xff, 0xff, 0xff, 0x96, 0x02, 0x00, 0x00, 0x00,
    0x00, 0xff, 0xff, 0xff, 0xff, 0xff, 0xff, 0xff, 0xfd, 0xec, 0xd4, 0x95, 0x39, 0x00, 0x00, 0x00,
    0x00, 0x00, 0x00, 0x00, 0x00, 0x00, 0x00, 0x00, 0x4a, 0xa5, 0xdd, 0xf7, 0xf6, 0xdd, 0xa5, 0x4d,
    0x02, 0x00, 0x00, 0x00, 0x00, 0x00, 0x00, 0x00, 0x00, 0x00, 0x00, 0x24, 0xc6, 0xff, 0xff, 0xff,
    0xff, 0xff, 0xff, 0xff, 0xff, 0xcd, 0x2c, 0x00, 0x00, 0x00, 0x00, 0x00, 0x00, 0x00, 0x00, 0x32,
    0xee, 0xff, 0xff, 0xd9, 0x7e, 0x59, 0x51, 0x79, 0xcd, 0xff, 0xff, 0xf0, 0x36, 0x00, 0x00, 0x00,
    0x00, 0x00, 0x00, 0x14, 0xe4, 0xff, 0xfb, 0x69, 0x02, 0x00, 0x00, 0x00, 0x00, 0x00, 0x60, 0xf8,
    0xff, 0xe2, 0x10, 0x00, 0x00, 0x00, 0x00, 0x00, 0x9c, 0xff, 0xff, 0x55, 0x00, 0x00, 0x00, 0x00,
    0x00, 0x00, 0x00, 0x00, 0x58, 0xff, 0xff, 0x82, 0x00, 0x00, 0x00, 0x00, 0x1b, 0xfb, 0xff, 0xaa,
    0x00, 0x00, 0x00, 0x00, 0x00, 0x00, 0x00, 0x00, 0x00, 0x00, 0xc5, 0xff, 0xe7, 0x00, 0x00, 0x00,
    0x00, 0x72, 0xff, 0xff, 0x30, 0x00, 0x00, 0x00, 0x00, 0x00, 0x00, 0x00, 0x00, 0x00, 0x00, 0x4f,
    0xa4, 0xa4, 0x13, 0x00, 0x00, 0x00, 0xb3, 0xff, 0xdf, 0x00, 0x00, 0x00, 0x00, 0x00, 0x00, 0x00,
    0x00, 0x00, 0x00, 0x00, 0x00, 0x00, 0x00, 0x00, 0x00, 0x00, 0x00, 0xdd, 0xff, 0xa8, 0x00, 0x00,
    0x00, 0x00, 0x00, 0x00, 0x00, 0x00, 0x00, 0x00, 0x00, 0x00, 0x00, 0x00, 0x00, 0x00, 0x00, 0x00,
    0xf5, 0xff, 0x92, 0x00, 0x00, 0x00, 0x00, 0x00, 0x00, 0x00, 0x00, 0x00, 0x00, 0x00, 0x00, 0x00,
    0x00, 0x00, 0x00, 0x00, 0x00, 0xfd, 0xff, 0x81, 0x00, 0x00, 0x00, 0x00, 0x00, 0x00, 0x00, 0x00,
    0x00, 0x00, 0x00, 0x00, 0x00, 0x00, 0x00, 0x00, 0x00, 0x00, 0xf5, 0xff, 0x92, 0x00, 0x00, 0x00,
    0x00, 0x00, 0x00, 0x00, 0x00, 0x00, 0x00, 0x00, 0x00, 0x00, 0x00, 0x00, 0x00, 0x00, 0x00, 0xdd,
    0xff, 0xa8, 0x00, 0x00, 0x00, 0x00, 0x00, 0x00, 0x00, 0x00, 0x00, 0x00, 0x00, 0x00, 0x00, 0x00,
    0x00, 0x00, 0x00, 0x00, 0xb3, 0xff, 0xde, 0x00, 0x00, 0x00, 0x00, 0x00, 0x00, 0x00, 0x00, 0x00,
    0x00, 0x00, 0x00, 0x00, 0x00, 0x00, 0x00, 0x00, 0x00, 0x73, 0xff, 0xff, 0x2f, 0x00, 0x00, 0x00,
    0x00, 0x00, 0x00, 0x00, 0x00, 0x00, 0x00, 0x52, 0xa8, 0xa8, 0x13, 0x00, 0x00, 0x00, 0x1c, 0xfc,
    0xff, 0xa8, 0x00, 0x00, 0x00, 0x00, 0x00, 0x00, 0x00, 0x00, 0x00, 0x00, 0xc7, 0xff, 0xe5, 0x00,
    0x00, 0x00, 0x00, 0x00, 0x9e, 0xff, 0xff, 0x55, 0x00, 0x00, 0x00, 0x00, 0x00, 0x00, 0x00, 0x00,
    0x6a, 0xff, 0xff, 0x7f, 0x00, 0x00, 0x00, 0x00, 0x00, 0x16, 0xe6, 0xff, 0xfb, 0x68, 0x01, 0x00,
    0x00, 0x00, 0x00, 0x03, 0x6d, 0xfd, 0xff, 0xdf, 0x0e, 0x00, 0x00, 0x00, 0x00, 0x00, 0x00, 0x35,
    0xf0, 0xff, 0xff, 0xd8, 0x7d, 0x58, 0x51, 0x79, 0xdb, 0xff, 0xff, 0xee, 0x32, 0x00, 0x00, 0x00,
    0x00, 0x00, 0x00, 0x00, 0x00, 0x27, 0xca, 0xff, 0xff, 0xff, 0xff, 0xff, 0xff, 0xff, 0xff, 0xcc,
    0x29, 0x00, 0x00, 0x00, 0x00, 0x00, 0x00, 0x00, 0x00, 0x00, 0x00, 0x01, 0x4e, 0xa7, 0xdf, 0xf8,
    0xf6, 0xde, 0xa7, 0x4f, 0x02, 0x00, 0x00, 0x00, 0x00, 0x00, 0x00, 0x00, 0xff, 0xff, 0xff, 0xff,
    0xff, 0xff, 0xfe, 0xf2, 0xd5, 0xa0, 0x49, 0x01, 0x00, 0x00, 0x00, 0x00, 0x00, 0x00, 0x00, 0x00,
    0xff, 0xff, 0xff, 0xff, 0xff, 0xff, 0xff, 0xff, 0xff, 0xff, 0xff, 0xcb, 0x2b, 0x00, 0x00, 0x00,
    0x00, 0x00, 0x00, 0x00, 0xff, 0xff, 0xc4, 0x48, 0x48, 0x48, 0x4c, 0x67, 0x8b, 0xe4, 0xff, 0xff,
    0xf3, 0x3f, 0x00, 0x00, 0x00, 0x00, 0x00, 0x00, 0xff, 0xff, 0x7c, 0x00, 0x00, 0x00, 0x00, 0x00,
    0x00, 0x04, 0x6d, 0xfb, 0xff, 0xed, 0x1e, 0x00, 0x00, 0x00, 0x00, 0x00, 0xff, 0xff, 0x7c, 0x00,
    0x00, 0x00, 0x00, 0x00, 0x00, 0x00, 0x00, 0x4e, 0xff, 0xff, 0xab, 0x00, 0x00, 0x00, 0x00, 0x00,
    0xff, 0xff, 0x7c, 0x00, 0x00, 0x00, 0x00, 0x00, 0x00, 0x00, 0x00, 0x00, 0xa3, 0xff, 0xfe, 0x22,
    0x00, 0x00, 0x00, 0x00, 0xff, 0xff, 0x7c, 0x00, 0x00, 0x00, 0x00, 0x00, 0x00, 0x00, 0x00, 0x00,
    0x28, 0xff, 0xff, 0x78, 0x00, 0x00, 0x00, 0x00, 0xff, 0xff, 0x7c, 0x00, 0x00, 0x00, 0x00, 0x00,
    0x00, 0x00, 0x00, 0x00, 0x00, 0xdb, 0xff, 0xb7, 0x00, 0x00, 0x00, 0x00, 0xff, 0xff, 0x7c, 0x00,
    0x00, 0x00, 0x00, 0x00, 0x00, 0x00, 0x00, 0x00, 0x00, 0xa6, 0xff, 0xde, 0x00, 0x00, 0x00, 0x00,
    0xff, 0xff, 0x7c, 0x00, 0x00, 0x00, 0x00, 0x00, 0x00, 0x00, 0x00, 0x00, 0x00, 0x91, 0xff, 0xf4,
    0x00, 0x00, 0x00, 0x00, 0xff, 0xff, 0x7c, 0x00, 0x00, 0x00, 0x00, 0x00, 0x00, 0x00, 0x00, 0x00,
    0x00, 0x81, 0xff, 0xfc, 0x00, 0x00, 0x00, 0x00, 0xff, 0xff, 0x7c, 0x00, 0x00, 0x00, 0x00, 0x00,
    0x00, 0x00, 0x00, 0x00, 0x00, 0x93, 0xff, 0xf3, 0x00, 0x00, 0x00, 0x00, 0xff, 0xff, 0x7c, 0x00,
    0x00, 0x00, 0x00, 0x00, 0x00, 0x00, 0x00, 0x00, 0x00, 0xa9, 0xff, 0xdb, 0x00, 0x00, 0x00, 0x00,
    0xff, 0xff, 0x7c, 0x00, 0x00, 0x00, 0x00, 0x00, 0x00, 0x00, 0x00, 0x00, 0x00, 0xe1, 0xff, 0xb3,
    0x00, 0x00, 0x00, 0x00, 0xff, 0xff, 0x7c, 0x00, 0x00, 0x00, 0x00, 0x00, 0x00, 0x00, 0x00, 0x00,
    0x2e, 0xff, 0xff, 0x72, 0x00, 0x00, 0x00, 0x00, 0xff, 0xff, 0x7c, 0x00, 0x00, 0x00, 0x00, 0x00,
    0x00, 0x00, 0x00, 0x00, 0xae, 0xff, 0xfc, 0x1c, 0x00, 0x00, 0x00, 0x00, 0xff, 0xff, 0x7c, 0x00,
    0x00, 0x00, 0x00, 0x00, 0x00, 0x00, 0x00, 0x5d, 0xff, 0xff, 0xa0, 0x00, 0x00, 0x00, 0x00, 0x00,
    0xff, 0xff, 0x7c, 0x00, 0x00, 0x00, 0x00, 0x00, 0x00, 0x08, 0x7d, 0xfe, 0xff, 0xe6, 0x17, 0x00,
    0x00, 0x00, 0x00, 0x00, 0xff, 0xff, 0xc4, 0x48, 0x48, 0x48, 0x52, 0x6d, 0x96, 0xee, 0xff, 0xff,
    0xec, 0x32, 0x00, 0x00, 0x00, 0x00, 0x00, 0x00, 0xff, 0xff, 0xff, 0xff, 0xff, 0xff, 0xff, 0xff,
    0xff, 0xff, 0xff, 0xbc, 0x20, 0x00, 0x00, 0x00, 0x00, 0x00, 0x00, 0x00, 0xff, 0xff, 0xff, 0xff,
    0xff, 0xff, 0xfc, 0xef, 0xcc, 0x92, 0x3a, 0x00, 0x00, 0x00, 0x00, 0x00, 0x00, 0x00, 0x00, 0x00,
    0xff, 0xff, 0xff, 0xff, 0xff, 0xff, 0xff, 0xff, 0xff, 0xff, 0xff, 0xff, 0x80, 0x00, 0x00, 0x00,
    0xff, 0xff, 0xff, 0xff, 0xff, 0xff, 0xff, 0xff, 0xff, 0xff, 0xff, 0xff, 0x80, 0x00, 0x00, 0x00,
    0xff, 0xff, 0xa1, 0x48, 0x48, 0x48, 0x48, 0x48, 0x48, 0x48, 0x48, 0x48, 0x24, 0x00, 0x00, 0x00,
    0xff, 0xff, 0x7c, 0x00, 0x00, 0x00, 0x00, 0x00, 0x00, 0x00, 0x00, 0x00, 0x00, 0x00, 0x00, 0x00,
    0xff, 0xff, 0x7c, 0x00, 0x00, 0x00, 0x00, 0x00, 0x00, 0x00, 0x00, 0x00, 0x00, 0x00, 0x00, 0x00,
    0xff, 0xff, 0x7c, 0x00, 0x00, 0x00, 0x00, 0x00, 0x00, 0x00, 0x00, 0x00, 0x00, 0x00, 0x00, 0x00,
    0xff, 0xff, 0x7c, 0x00, 0x00, 0x00, 0x00, 0x00, 0x00, 0x00, 0x00, 0x00, 0x00, 0x00, 0x00, 0x00,
    0xff, 0xff, 0x7c, 0x00, 0x00, 0x00, 0x00, 0x00, 0x00, 0x00, 0x00, 0x00, 0x00, 0x00, 0x00, 0x00,
    0xff, 0xff, 0x7c, 0x00, 0x00, 0x00, 0x00, 0x00, 0x00, 0x00, 0x00, 0x00, 0x00, 0x00, 0x00, 0x00,
    0xff, 0xff, 0xff, 0xff, 0xff, 0xff, 0xff, 0xff, 0xff, 0xff, 0xff, 0x80, 0x00, 0x00, 0x00, 0x00,
    0xff, 0xff, 0xff, 0xff, 0xff, 0xff, 0xff, 0xff, 0xff, 0xff, 0xff, 0x80, 0x00, 0x00, 0x00, 0x00,
    0xff, 0xff, 0xa1, 0x48, 0x48, 0x48, 0x48, 0x48, 0x48, 0x48, 0x48, 0x24, 0x00, 0x00, 0x00, 0x00,
    0xff, 0xff, 0x7c, 0x00, 0x00, 0x00, 0x00, 0x00, 0x00, 0x00, 0x00, 0x00, 0x00, 0x00, 0x00, 0x00,
    0xff, 0xff, 0x7c, 0x00, 0x00, 0x00, 0x00, 0x00, 0x00, 0x00, 0x00, 0x00, 0x00, 0x00, 0x00, 0x00,
    0xff, 0xff, 0x7c, 0x00, 0x00, 0x00, 0x00, 0x00, 0x00, 0x00, 0x00, 0x00, 0x00, 0x00, 0x00, 0x00,
    0xff, 0xff, 0x7c, 0x00, 0x00, 0x00, 0x00, 0x00, 0x00, 0x00, 0x00, 0x00, 0x00, 0x00, 0x00, 0x00,
    0xff, 0xff, 0x7c, 0x00, 0x00, 0x00, 0x00, 0x00, 0x00, 0x00, 0x00, 0x00, 0x00, 0x00, 0x00, 0x00,
    0xff, 0xff, 0x7c, 0x00, 0x00, 0x00, 0x00, 0x00, 0x00, 0x00, 0x00, 0x00, 0x00, 0x00, 0x00, 0x00,
    0xff, 0xff, 0xa1, 0x48, 0x48, 0x48, 0x48, 0x48, 0x48, 0x48, 0x48, 0x48, 0x24, 0x00, 0x00, 0x00,
    0xff, 0xff, 0xff, 0xff, 0xff, 0xff, 0xff, 0xff, 0xff, 0xff, 0xff, 0xff, 0x80, 0x00, 0x00, 0x00,
    0xff, 0xff, 0xff, 0xff, 0xff, 0xff, 0xff, 0xff, 0xff, 0xff, 0xff, 0xff, 0x80, 0x00, 0x00, 0x00,
    0xff, 0xff, 0xff, 0xff, 0xff, 0xff, 0xff, 0xff, 0xff, 0xff, 0xff, 0xff, 0x80, 0x00, 0x00, 0x00,
    0xff, 0xff, 0xff, 0xff, 0xff, 0xff, 0xff, 0xff, 0xff, 0xff, 0xff, 0xff, 0x80, 0x00, 0x00, 0x00,
    0xff, 0xff, 0xa1, 0x48, 0x48, 0x48, 0x48, 0x48, 0x48, 0x48, 0x48, 0x48, 0x24, 0x00, 0x00, 0x00,
    0xff, 0xff, 0x7c, 0x00, 0x00, 0x00, 0x00, 0x00, 0x00, 0x00, 0x00, 0x00, 0x00, 0x00, 0x00, 0x00,
    0xff, 0xff, 0x7c, 0x00, 0x00, 0x00, 0x00, 0x00, 0x00, 0x00, 0x00, 0x00, 0x00, 0x00, 0x00, 0x00,
    0xff, 0xff, 0x7c, 0x00, 0x00, 0x00, 0x00, 0x00, 0x00, 0x00, 0x00, 0x00, 0x00, 0x00, 0x00, 0x00,
    0xff, 0xff, 0x7c, 0x00, 0x00, 0x00, 0x00, 0x00, 0x00, 0x00, 0x00, 0x00, 0x00, 0x00, 0x00, 0x00,
    0xff, 0xff, 0x7c, 0x00, 0x00, 0x00, 0x00, 0x00, 0x00, 0x00, 0x00, 0x00, 0x00, 0x00, 0x00, 0x00,
    0xff, 0xff, 0x7c, 0x00, 0x00, 0x00, 0x00, 0x00, 0x00, 0x00, 0x00, 0x00, 0x00, 0x00, 0x00, 0x00,
    0xff, 0xff, 0xa1, 0x48, 0x48, 0x48, 0x48, 0x48, 0x48, 0x48, 0x48, 0x24, 0x00, 0x00, 0x00, 0x00,
    0xff, 0xff, 0xff, 0xff, 0xff, 0xff, 0xff, 0xff, 0xff, 0xff, 0xff, 0x80, 0x00, 0x00, 0x00, 0x00,
    0xff, 0xff, 0xff, 0xff, 0xff, 0xff, 0xff, 0xff, 0xff, 0xff, 0xff, 0x80, 0x00, 0x00, 0x00, 0x00,
    0xff, 0xff, 0x7c, 0x00, 0x00, 0x00, 0x00, 0x00, 0x00, 0x00, 0x00, 0x00, 0x00, 0x00, 0x00, 0x00,
    0xff, 0xff, 0x7c, 0x00, 0x00, 0x00, 0x00, 0x00, 0x00, 0x00, 0x00, 0x00, 0x00, 0x00, 0x00, 0x00,
    0xff, 0xff, 0x7c, 0x00, 0x00, 0x00, 0x00, 0x00, 0x00, 0x00, 0x00, 0x00, 0x00, 0x00, 0x00, 0x00,
    0xff, 0xff, 0x7c, 0x00, 0x00, 0x00, 0x00, 0x00, 0x00, 0x00, 0x00, 0x00, 0x00, 0x00, 0x00, 0x00,
    0xff, 0xff, 0x7c, 0x00, 0x00, 0x00, 0x00, 0x00, 0x00, 0x00, 0x00, 0x00, 0x00, 0x00, 0x00, 0x00,
    0xff, 0xff, 0x7c, 0x00, 0x00, 0x00, 0x00, 0x00, 0x00, 0x00, 0x00, 0x00, 0x00, 0x00, 0x00, 0x00,
    0xff, 0xff, 0x7c, 0x00, 0x00, 0x00, 0x00, 0x00, 0x00, 0x00, 0x00, 0x00, 0x00, 0x00, 0x00, 0x00,
    0xff, 0xff, 0x7c, 0x00, 0x00, 0x00, 0x00, 0x00, 0x00, 0x00, 0x00, 0x00, 0x00, 0x00, 0x00, 0x00,
    0xff, 0xff, 0x7c, 0x00, 0x00, 0x00, 0x00, 0x00, 0x00, 0x00, 0x00, 0x00, 0x00, 0x00, 0x00, 0x00,
    0x00, 0x00, 0x00, 0x00, 0x01, 0x4e, 0xa8, 0xdf, 0xf7, 0xf5, 0xde, 0xa8, 0x55, 0x04, 0x00, 0x00,
    0x00, 0x00, 0x00, 0x00, 0x00, 0x00, 0x00, 0x00, 0x27, 0xcb, 0xff, 0xff, 0xff, 0xff, 0xff, 0xff,
    0xff, 0xff, 0xd8, 0x3a, 0x00, 0x00, 0x00, 0x00, 0x00, 0x00, 0x00, 0x00, 0x36, 0xf0, 0xff, 0xff,
    0xda, 0x7f, 0x59, 0x51, 0x74, 0xc6, 0xff, 0xff, 0xf8, 0x4e, 0x00, 0x00, 0x00, 0x00, 0x00, 0x00,
    0x17, 0xe7, 0xff, 0xfc, 0x6c, 0x02, 0x00, 0x00, 0x00, 0x00, 0x00, 0x5a, 0xfa, 0xff, 0xf4, 0x28,
    0x00, 0x00, 0x00, 0x00, 0x00, 0xa0, 0xff, 0xff, 0x57, 0x00, 0x00, 0x00, 0x00, 0x00, 0x00, 0x00,
    0x00, 0x52, 0xff, 0xff, 0xb2, 0x00, 0x00, 0x00, 0x00, 0x1d, 0xfc, 0xff, 0xab, 0x00, 0x00, 0x00,
    0x00, 0x00, 0x00, 0x00, 0x00, 0x00, 0x00, 0xb7, 0xff, 0xff, 0x19, 0x00, 0x00, 0x00, 0x74, 0xff,
    0xff, 0x30, 0x00, 0x00, 0x00, 0x00, 0x00, 0x00, 0x00, 0x00, 0x00, 0x00, 0x24, 0x60, 0x60, 0x1b,
    0x00, 0x00, 0x00, 0xb4, 0xff, 0xdf, 0x00, 0x00, 0x00, 0x00, 0x00, 0x00, 0x00, 0x00, 0x00, 0x00,
    0x00, 0x00, 0x00, 0x00, 0x00, 0x00, 0x00, 0x00, 0xdd, 0xff, 0xa8, 0x00, 0x00, 0x00, 0x00, 0x00,
    0x00, 0x00, 0x00, 0x00, 0x00, 0x00, 0x00, 0x00, 0x00, 0x00, 0x00, 0x00, 0x00, 0xf5, 0xff, 0x92,
    0x00, 0x00, 0x00, 0x00, 0x00, 0x00, 0x00, 0x00, 0x00, 0x00, 0x00, 0x00, 0x00, 0x00, 0x00, 0x00,
    0x00, 0x00, 0xfd, 0xff, 0x81, 0x00, 0x00, 0x00, 0x00, 0x00, 0x00, 0x50, 0xff, 0xff, 0xff, 0xff,
    0xff, 0xff, 0xff, 0x7c, 0x00, 0x00, 0x00, 0xf5, 0xff, 0x92, 0x00, 0x00, 0x00, 0x00, 0x00, 0x00,
    0x50, 0xff, 0xff, 0xff, 0xff, 0xff, 0xff, 0xff, 0x7c, 0x00, 0x00, 0x00, 0xdd, 0xff, 0xa9, 0x00,
    0x00, 0x00, 0x00, 0x00, 0x00, 0x16, 0x48, 0x48, 0x48, 0x48, 0x51, 0xff, 0xff, 0x78, 0x00, 0x00,
    0x00, 0xb4, 0xff, 0xdf, 0x00, 0x00, 0x00, 0x00, 0x00, 0x00, 0x00, 0x00, 0x00, 0x00, 0x00, 0x22,
    0xff, 0xff, 0x69, 0x00, 0x00, 0x00, 0x74, 0xff, 0xff, 0x32, 0x00, 0x00, 0x00, 0x00, 0x00, 0x00,
    0x00, 0x00, 0x00, 0x00, 0x5a, 0xff, 0xff, 0x42, 0x00, 0x00, 0x00, 0x1d, 0xfc, 0xff, 0xad, 0x00,
    0x00, 0x00, 0x00, 0x00, 0x00, 0x00, 0x00, 0x00, 0x00, 0xb7, 0xff, 0xf5, 0x09, 0x00, 0x00, 0x00,
    0x00, 0xa1, 0xff, 0xff, 0x5b, 0x00, 0x00, 0x00, 0x00, 0x00, 0x00, 0x00, 0x00, 0x52, 0xff, 0xff,
    0x99, 0x00, 0x00, 0x00, 0x00, 0x00, 0x17, 0xe7, 0xff, 0xfc, 0x6f, 0x02, 0x00, 0x00, 0x00, 0x00,
    0x00, 0x55, 0xf5, 0xff, 0xe4, 0x14, 0x00, 0x00, 0x00, 0x00, 0x00, 0x00, 0x37, 0xf1, 0xff, 0xff,
    0xde, 0x82, 0x5c, 0x54, 0x74, 0xc8, 0xff, 0xff, 0xf4, 0x3d, 0x00, 0x00, 0x00, 0x00, 0x00, 0x00,
    0x00, 0x00, 0x29, 0xcc, 0xff, 0xff, 0xff, 0xff, 0xff, 0xff, 0xff, 0xff, 0xd7, 0x2a, 0x00, 0x00,
    0x00, 0x00, 0x00, 0x00, 0x00, 0x00, 0x00, 0x00, 0x01, 0x4e, 0xa6, 0xdc, 0xf7, 0xfa, 0xe5, 0xb2,
    0x5e, 0x05, 0x00, 0x00, 0x00, 0x00, 0x00, 0x00, 0x00, 0xff, 0xff, 0x7c, 0x00, 0x00, 0x00, 0x00,
    0x00, 0x00, 0x00, 0x00, 0x00, 0x00, 0x7c, 0xff, 0xff, 0x00, 0x00, 0x00, 0x00, 0xff, 0xff, 0x7c,
    0x00, 0x00, 0x00, 0x00, 0x00, 0x00, 0x00, 0x00, 0x00, 0x00, 0x7c, 0xff, 0xff, 0x00, 0x00, 0x00,
    0x00, 0xff, 0xff, 0x7c, 0x00, 0x00, 0x00, 0x00, 0x00, 0x00, 0x00, 0x00, 0x00, 0x00, 0x7c, 0xff,
    0xff, 0x00, 0x00, 0x00, 0x00, 0xff, 0xff, 0x7c, 0x00, 0x00, 0x00, 0x00, 0x00, 0x00, 0x00, 0x00,
    0x00, 0x00, 0x7c, 0xff, 0xff, 0x00, 0x00, 0x00, 0x00, 0xff, 0xff, 0x7c, 0x00, 0x00, 0x00, 0x00,
    0x00, 0x00, 0x00, 0x00, 0x00, 0x00, 0x7c, 0xff, 0xff, 0x00, 0x00, 0x00, 0x00, 0xff, 0xff, 0x7c,
    0x00, 0x00, 0x00, 0x00, 0x00, 0x00, 0x00, 0x00, 0x00, 0x00, 0x7c, 0xff, 0xff, 0x00, 0x00, 0x00,
    0x00, 0xff, 0xff, 0x7c, 0x00, 0x00, 0x00, 0x00, 0x00, 0x00, 0x00, 0x00, 0x00, 0x00, 0x7c, 0xff,
    0xff, 0x00, 0x00, 0x00, 0x00, 0xff, 0xff, 0x7c, 0x00, 0x00, 0x00, 0x00, 0x00, 0x00, 0x00, 0x00,
    0x00, 0x00, 0x7c, 0xff, 0xff, 0x00, 0x00, 0x00, 0x00, 0xff, 0xff, 0x7c, 0x00, 0x00, 0x00, 0x00,
    0x00, 0x00, 0x00, 0x00, 0x00, 0x00, 0x7c, 0xff, 0xff, 0x00, 0x00, 0x00, 0x00, 0xff, 0xff, 0xff,
    0xff, 0xff, 0xff, 0xff, 0xff, 0xff, 0xff, 0xff, 0xff, 0xff, 0xff, 0xff, 0xff, 0x00, 0x00, 0x00,
    0x00, 0xff, 0xff, 0xff, 0xff, 0xff, 0xff, 0xff, 0xff, 0xff, 0xff, 0xff, 0xff, 0xff, 0xff, 0xff,
    0xff, 0x00, 0x00, 0x00, 0x00, 0xff, 0xff, 0xa1, 0x48, 0x48, 0x48, 0x48, 0x48, 0x48, 0x48, 0x48,
    0x48, 0x48, 0xa1, 0xff, 0xff, 0x00, 0x00, 0x00, 0x00, 0xff, 0xff, 0x7c, 0x00, 0x00, 0x00, 0x00,
    0x00, 0x00, 0x00, 0x00, 0x00, 0x00, 0x7c, 0xff, 0xff, 0x00, 0x00, 0x00, 0x00, 0xff, 0xff, 0x7c,
    0x00, 0x00, 0x00, 0x00, 0x00, 0x00, 0x00, 0x00, 0x00, 0x00, 0x7c, 0xff, 0xff, 0x00, 0x00, 0x00,
    0x00, 0xff, 0xff, 0x7c, 0x00, 0x00, 0x00, 0x00, 0x00, 0x00, 0x00, 0x00, 0x00, 0x00, 0x7c, 0xff,
    0xff, 0x00, 0x00, 0x00, 0x00, 0xff, 0xff, 0x7c, 0x00, 0x00, 0x00, 0x00, 0x00, 0x00, 0x00, 0x00,
    0x00, 0x00, 0x7c, 0xff, 0xff, 0x00, 0x00, 0x00, 0x00, 0xff, 0xff, 0x7c, 0x00, 0x00, 0x00, 0x00,
    0x00, 0x00, 0x00, 0x00, 0x00, 0x00, 0x7c, 0xff, 0xff, 0x00, 0x00, 0x00, 0x00, 0xff, 0xff, 0x7c,
    0x00, 0x00, 0x00, 0x00, 0x00, 0x00, 0x00, 0x00, 0x00, 0x00, 0x7c, 0xff, 0xff, 0x00, 0x00, 0x00,
    0x00, 0xff, 0xff, 0x7c, 0x00, 0x00, 0x00, 0x00, 0x00, 0x00, 0x00, 0x00, 0x00, 0x00, 0x7c, 0xff,
    0xff, 0x00, 0x00, 0x00, 0x00, 0xff, 0xff, 0x7c, 0x00, 0x00, 0x00, 0x00, 0x00, 0x00, 0x00, 0x00,
    0x00, 0x00, 0x7c, 0xff, 0xff, 0x00, 0x00, 0x00, 0x00, 0xff, 0xff, 0x7c, 0x00, 0x00, 0x00, 0x00,
    0x00, 0x00, 0x00, 0x00, 0x00, 0x00, 0x7c, 0xff, 0xff, 0x00, 0x00, 0x00, 0x00, 0xff, 0xff, 0x7c,
    0x00, 0x00, 0x00, 0x00, 0xff, 0xff, 0x7c, 0x00, 0x00, 0x00, 0x00, 0xff, 0xff, 0x7c, 0x00, 0x00,
    0x00, 0x00, 0xff, 0xff, 0x7c, 0x00, 0x00, 0x00, 0x00, 0xff, 0xff, 0x7c, 0x00, 0x00, 0x00, 0x00,
    0xff, 0xff, 0x7c, 0x00, 0x00, 0x00, 0x00, 0xff, 0xff, 0x7c, 0x00, 0x00, 0x00, 0x00, 0xff, 0xff,
    0x7c, 0x00, 0x00, 0x00, 0x00, 0xff, 0xff, 0x7c, 0x00, 0x00, 0x00, 0x00, 0xff, 0xff, 0x7c, 0x00,
    0x00, 0x00, 0x00, 0xff, 0xff, 0x7c, 0x00, 0x00, 0x00, 0x00, 0xff, 0xff, 0x7c, 0x00, 0x00, 0x00,
    0x00, 0xff, 0xff, 0x7c, 0x00, 0x00, 0x00, 0x00, 0xff, 0xff, 0x7c, 0x00, 0x00, 0x00, 0x00, 0xff,
    0xff, 0x7c, 0x00, 0x00, 0x00, 0x00, 0xff, 0xff, 0x7c, 0x00, 0x00, 0x00, 0x00, 0xff, 0xff, 0x7c,
    0x00, 0x00, 0x00, 0x00, 0xff, 0xff, 0x7c, 0x00, 0x00, 0x00, 0x00, 0xff, 0xff, 0x7c, 0x00, 0x00,
    0x00, 0x00, 0xff, 0xff, 0x7c, 0x00, 0x00, 0x00, 0x00, 0xff, 0xff, 0x7c, 0x00, 0x00, 0x00, 0x00,
    0x00, 0x00, 0x00, 0x00, 0x00, 0x00, 0x00, 0x00, 0x7c, 0xff, 0xff, 0x00, 0x00, 0x00, 0x00, 0x00,
    0x00, 0x00, 0x00, 0x00, 0x00, 0x00, 0x00, 0x7c, 0xff, 0xff, 0x00, 0x00, 0x00, 0x00, 0x00, 0x00,
    0x00, 0x00, 0x00, 0x00, 0x00, 0x00, 0x7c, 0xff, 0xff, 0x00, 0x00, 0x00, 0x00, 0x00, 0x00, 0x00,
    0x00, 0x00, 0x00, 0x00, 0x00, 0x7c, 0xff, 0xff, 0x00, 0x00, 0x00, 0x00, 0x00, 0x00, 0x00, 0x00,
    0x00, 0x00, 0x00, 0x00, 0x7c, 0xff, 0xff, 0x00, 0x00, 0x00, 0x00, 0x00, 0x00, 0x00, 0x00, 0x00,
    0x00, 0x00, 0x00, 0x7c, 0xff, 0xff, 0x00, 0x00, 0x00, 0x00, 0x00, 0x00, 0x00, 0x00, 0x00, 0x00,
    0x00, 0x00, 0x7c, 0xff, 0xff, 0x00, 0x00, 0x00, 0x00, 0x00, 0x00, 0x00, 0x00, 0x00, 0x00, 0x00,
    0x00, 0x7c, 0xff, 0xff, 0x00, 0x00, 0x00, 0x00, 0x00, 0x00, 0x00, 0x00, 0x00, 0x00, 0x00, 0x00,
    0x7c, 0xff, 0xff, 0x00, 0x00, 0x00, 0x00, 0x00, 0x00, 0x00, 0x00, 0x00, 0x00, 0x00, 0x00, 0x7c,
    0xff, 0xff, 0x00, 0x00, 0x00, 0x00, 0x00, 0x00, 0x00, 0x00, 0x00, 0x00, 0x00, 0x00, 0x7c, 0xff,
    0xff, 0x00, 0x00, 0x00, 0x00, 0x00, 0x00, 0x00, 0x00, 0x00, 0x00, 0x00, 0x00, 0x7c, 0xff, 0xff,
    0x00, 0x00, 0x00, 0x00, 0x00, 0x00, 0x00, 0x00, 0x00, 0x00, 0x00, 0x00, 0x7c, 0xff, 0xff, 0x00,
    0x00, 0x00, 0x48, 0x48, 0x22, 0x00, 0x00, 0x00, 0x00, 0x00, 0x00, 0x7c, 0xff, 0xff, 0x00, 0x00,
    0x00, 0xff, 0xff, 0x7c, 0x00, 0x00, 0x00, 0x00, 0x00, 0x00, 0x7c, 0xff, 0xff, 0x00, 0x00, 0x00,
    0xf4, 0xff, 0x94, 0x00, 0x00, 0x00, 0x00, 0x00, 0x00, 0x95, 0xff, 0xf2, 0x00, 0x00, 0x00, 0xd2,
    0xff, 0xc6, 0x00, 0x00, 0x00, 0x00, 0x00, 0x00, 0xc7, 0xff, 0xd0, 0x00, 0x00, 0x00, 0x88, 0xff,
    0xff, 0x55, 0x00, 0x00, 0x00, 0x00, 0x58, 0xff, 0xff, 0x86, 0x00, 0x00, 0x00, 0x18, 0xed, 0xff,
    0xfd, 0x9d, 0x5e, 0x5d, 0x9d, 0xfe, 0xff, 0xec, 0x17, 0x00, 0x00, 0x00, 0x00, 0x3c, 0xec, 0xff,
    0xff, 0xff, 0xff, 0xff, 0xff, 0xec, 0x3b, 0x00, 0x00, 0x00, 0x00, 0x00, 0x00, 0x18, 0x89, 0xd5,
    0xf6, 0xf6, 0xd5, 0x89, 0x18, 0x00, 0x00, 0x00, 0x00, 0x00, 0x00, 0xff, 0xff, 0x7c, 0x00, 0x00,
    0x00, 0x00, 0x00, 0x00, 0x00, 0x00, 0x63, 0xff, 0xff, 0xe5, 0x1e, 0x00, 0x00, 0xff, 0xff, 0x7c,
    0x00, 0x00, 0x00, 0x00, 0x00, 0x00, 0x00, 0x4b, 0xfb, 0xff, 0xef, 0x2d, 0x00, 0x00, 0x00, 0xff,
    0xff, 0x7c, 0x00, 0x00, 0x00, 0x00, 0x00, 0x00, 0x36, 0xf5, 0xff, 0xf7, 0x3e, 0x00, 0x00, 0x00,
    0x00, 0xff, 0xff, 0x7c, 0x00, 0x00, 0x00, 0x00, 0x00, 0x25, 0xeb, 0xff, 0xfd, 0x52, 0x00, 0x00,
    0x00, 0x00, 0x00, 0xff, 0xff, 0x7c, 0x00, 0x00, 0x00, 0x00, 0x17, 0xde, 0xff, 0xff, 0x68, 0x00,
    0x00, 0x00, 0x00, 0x00, 0x00, 0xff, 0xff, 0x7c, 0x00, 0x00, 0x00, 0x0d, 0xcd, 0xff, 0xff, 0x80,
    0x00, 0x00, 0x00, 0x00, 0x00, 0x00, 0x00, 0xff, 0xff, 0x7c, 0x00, 0x00, 0x05, 0xba, 0xff, 0xff,
    0x99, 0x00, 0x00, 0x00, 0x00, 0x00, 0x00, 0x00, 0x00, 0xff, 0xff, 0x7c, 0x00, 0x00, 0x9f, 0xff,
    0xff, 0xb0, 0x03, 0x00, 0x00, 0x00, 0x00, 0x00, 0x00, 0x00, 0x00, 0xff, 0xff, 0x7c, 0x00, 0x7d,
    0xff, 0xff, 0xc9, 0x08, 0x00, 0x00, 0x00, 0x00, 0x00, 0x00, 0x00, 0x00, 0x00, 0xff, 0xff, 0x7c,
    0x4d, 0xfe, 0xff, 0xff, 0x98, 0x00, 0x00, 0x00, 0x00, 0x00, 0x00, 0x00, 0x00, 0x00, 0x00, 0xff,
    0xff, 0x9e, 0xf0, 0xff, 0xff, 0xff, 0xfd, 0x3b, 0x00, 0x00, 0x00, 0x00, 0x00, 0x00, 0x00, 0x00,
    0x00, 0xff, 0xff, 0xff, 0xff, 0xd8, 0x3f, 0xf8, 0xff, 0xdd, 0x0c, 0x00, 0x00, 0x00, 0x00, 0x00,
    0x00, 0x00, 0x00, 0xff, 0xff, 0xff, 0xe3, 0x1e, 0x00, 0x73, 0xff, 0xff, 0x9a, 0x00, 0x00, 0x00,
    0x00, 0x00, 0x00, 0x00, 0x00, 0xff, 0xff, 0xff, 0x2a, 0x00, 0x00, 0x02, 0xc0, 0xff, 0xff, 0x4c,
    0x00, 0x00, 0x00, 0x00, 0x00, 0x00, 0x00, 0xff, 0xff, 0xb4, 0x00, 0x00, 0x00, 0x00, 0x1f, 0xf2,
    0xff, 0xe8, 0x14, 0x00, 0x00, 0x00, 0x00, 0x00, 0x00, 0xff, 0xff, 0x7c, 0x00, 0x00, 0x00, 0x00,
    0x00, 0x62, 0xff, 0xff, 0xad, 0x00, 0x00, 0x00, 0x00, 0x00, 0x00, 0xff, 0xff, 0x7c, 0x00, 0x00,
    0x00, 0x00, 0x00, 0x00, 0xb1, 0xff, 0xff, 0x5e, 0x00, 0x00, 0x00, 0x00, 0x00, 0xff, 0xff, 0x7c,
    0x00, 0x00, 0x00, 0x00, 0x00, 0x00, 0x16, 0xea, 0xff, 0xf1, 0x1e, 0x00, 0x00, 0x00, 0x00, 0xff,
    0xff, 0x7c, 0x00, 0x00, 0x00, 0x00, 0x00, 0x00, 0x00, 0x51, 0xff, 0xff, 0xbe, 0x01, 0x00, 0x00,
    0x00, 0xff, 0xff, 0x7c, 0x00, 0x00, 0x00, 0x00, 0x00, 0x00, 0x00, 0x00, 0xa1, 0xff, 0xff, 0x71,
    0x00, 0x00, 0x00, 0xff, 0xff, 0x7c, 0x00, 0x00, 0x00, 0x00, 0x00, 0x00, 0x00, 0x00, 0x0e, 0xe1,
    0xff, 0xf7, 0x2b, 0x00, 0x00, 0xff, 0xff, 0x7c, 0x00, 0x00, 0x00, 0x00, 0x00, 0x00, 0x00, 0x00,
    0x00, 0x00, 0x00, 0x00, 0xff, 0xff, 0x7c, 0x00, 0x00, 0x00, 0x00, 0x00, 0x00, 0x00, 0x00, 0x00,
    0x00, 0x00, 0x00, 0xff, 0xff, 0x7c, 0x00, 0x00, 0x00, 0x00, 0x00, 0x00, 0x00, 0x00, 0x00, 0x00,
    0x00, 0x00, 0xff, 0xff, 0x7c, 0x00, 0x00, 0x00, 0x00, 0x00, 0x00, 0x00, 0x00, 0x00, 0x00, 0x00,
    0x00, 0xff, 0xff, 0x7c, 0x00, 0x00, 0x00, 0x00, 0x00, 0x00, 0x00, 0x00, 0x00, 0x00, 0x00, 0x00,
    0xff, 0xff, 0x7c, 0x00, 0x00, 0x00, 0x00, 0x00, 0x00, 0x00, 0x00, 0x00, 0x00, 0x00, 0x00, 0xff,
    0xff, 0x7c, 0x00, 0x00, 0x00, 0x00, 0x00, 0x00, 0x00, 0x00, 0x00, 0x00, 0x00, 0x00, 0xff, 0xff,
    0x7c, 0x00, 0x00, 0x00, 0x00, 0x00, 0x00, 0x00, 0x00, 0x00, 0x00, 0x00, 0x00, 0xff, 0xff, 0x7c,
    0x00, 0x00, 0x00, 0x00, 0x00, 0x00, 0x00, 0x00, 0x00, 0x00, 0x00, 0x00, 0xff, 0xff, 0x7c, 0x00,
    0x00, 0x00, 0x00, 0x00, 0x00, 0x00, 0x00, 0x00, 0x00, 0x00, 0x00, 0xff, 0xff, 0x7c, 0x00, 0x00,
    0x00, 0x00, 0x00, 0x00, 0x00, 0x00, 0x00, 0x00, 0x00, 0x00, 0xff, 0xff, 0x7c, 0x00, 0x00, 0x00,
    0x00, 0x00, 0x00, 0x00, 0x00, 0x00, 0x00, 0x00, 0x00, 0xff, 0xff, 0x7c, 0x00, 0x00, 0x00, 0x00,
    0x00, 0x00, 0x00, 0x00, 0x00, 0x00, 0x00, 0x00, 0xff, 0xff, 0x7c, 0x00, 0x00, 0x00, 0x00, 0x00,
    0x00, 0x00, 0x00, 0x00, 0x00, 0x00, 0x00, 0xff, 0xff, 0x7c, 0x00, 0x00, 0x00, 0x00, 0x00, 0x00,
    0x00, 0x00, 0x00, 0x00, 0x00, 0x00, 0xff, 0xff, 0x7c, 0x00, 0x00, 0x00, 0x00, 0x00, 0x00, 0x00,
    0x00, 0x00, 0x00, 0x00, 0x00, 0xff, 0xff, 0x7c, 0x00, 0x00, 0x00, 0x00, 0x00, 0x00, 0x00, 0x00,
    0x00, 0x00, 0x00, 0x00, 0xff, 0xff, 0x7c, 0x00, 0x00, 0x00, 0x00, 0x00, 0x00, 0x00, 0x00, 0x00,
    0x00, 0x00, 0x00, 0xff, 0xff, 0xad, 0x60, 0x60, 0x60, 0x60, 0x60, 0x60, 0x60, 0x60, 0x60, 0x00,
    0x00, 0x00, 0xff, 0xff, 0xff, 0xff, 0xff, 0xff, 0xff, 0xff, 0xff, 0xff, 0xff, 0xff, 0x00, 0x00,
    0x00, 0xff, 0xff, 0xff, 0xff, 0xff, 0xff, 0xff, 0xff, 0xff, 0xff, 0xff, 0xff, 0x00, 0x00, 0x00,
    0xff, 0xff, 0xff, 0xed, 0x07, 0x00, 0x00, 0x00, 0x00, 0x00, 0x00, 0x00, 0x00, 0x00, 0x00, 0x00,
    0x65, 0xff, 0xff, 0xff, 0x7c, 0x00, 0x00, 0x00, 0x00, 0xff, 0xff, 0xff, 0xff, 0x55, 0x00, 0x00,
    0x00, 0x00, 0x00, 0x00, 0x00, 0x00, 0x00, 0x00, 0x00, 0xc5, 0xff, 0xff, 0xff, 0x7c, 0x00, 0x00,
    0x00, 0x00, 0xff, 0xff, 0xff, 0xff, 0xb6, 0x00, 0x00, 0x00, 0x00, 0x00, 0x00, 0x00, 0x00, 0x00,
    0x00, 0x25, 0xff, 0xfd, 0xff, 0xff, 0x7c, 0x00, 0x00, 0x00, 0x00, 0xff, 0xff, 0xdc, 0xff, 0xfc,
    0x1a, 0x00, 0x00, 0x00, 0x00, 0x00, 0x00, 0x00, 0x00, 0x00, 0x85, 0xff, 0xc5, 0xff, 0xff, 0x7c,
    0x00, 0x00, 0x00, 0x00, 0xff, 0xff, 0x8e, 0xfb, 0xff, 0x79, 0x00, 0x00, 0x00, 0x00, 0x00, 0x00,
    0x00, 0x00, 0x02, 0xe2, 0xff, 0x73, 0xff, 0xff, 0x7c, 0x00, 0x00, 0x00, 0x00, 0xff, 0xff, 0x7c,
    0xb9, 0xff, 0xd9, 0x00, 0x00, 0x00, 0x00, 0x00, 0x00, 0x00, 0x00, 0x45, 0xff, 0xff, 0x21, 0xff,
    0xff, 0x7c, 0x00, 0x00, 0x00, 0x00, 0xff, 0xff, 0x7c, 0x62, 0xff, 0xff, 0x3b, 0x00, 0x00, 0x00,
    0x00, 0x00, 0x00, 0x00, 0xa5, 0xff, 0xcd, 0x00, 0xff, 0xff, 0x7c, 0x00, 0x00, 0x00, 0x00, 0xff,
    0xff, 0x7c, 0x10, 0xf9, 0xff, 0x9c, 0x00, 0x00, 0x00, 0x00, 0x00, 0x00, 0x0e, 0xf6, 0xff, 0x79,
    0x00, 0xff, 0xff, 0x7c, 0x00, 0x00, 0x00, 0x00, 0xff, 0xff, 0x7c, 0x00, 0xae, 0xff, 0xf2, 0x0b,
    0x00, 0x00, 0x00, 0x00, 0x00, 0x65, 0xff, 0xff, 0x21, 0x00, 0xff, 0xff, 0x7c, 0x00, 0x00, 0x00,
    0x00, 0xff, 0xff, 0x7c, 0x00, 0x4f, 0xff, 0xff, 0x5f, 0x00, 0x00, 0x00, 0x00, 0x00, 0xc5, 0xff,
    0xc2, 0x00, 0x00, 0xff, 0xff, 0x7c, 0x00, 0x00, 0x00, 0x00, 0xff, 0xff, 0x7c, 0x00, 0x04, 0xe7,
    0xff, 0xc0, 0x00, 0x00, 0x00, 0x00, 0x25, 0xff, 0xff, 0x61, 0x00, 0x00, 0xff, 0xff, 0x7c, 0x00,
    0x00, 0x00, 0x00, 0xff, 0xff, 0x7c, 0x00, 0x00, 0x89, 0xff, 0xfe, 0x22, 0x00, 0x00, 0x00, 0x85,
    0xff, 0xf4, 0x0c, 0x00, 0x00, 0xff, 0xff, 0x7c, 0x00, 0x00, 0x00, 0x00, 0xff, 0xff, 0x7c, 0x00,
    0x00, 0x26, 0xff, 0xff, 0x82, 0x00, 0x00, 0x02, 0xe2, 0xff, 0x9f, 0x00, 0x00, 0x00, 0xff, 0xff,
    0x7c, 0x00, 0x00, 0x00, 0x00, 0xff, 0xff, 0x7c, 0x00, 0x00, 0x00, 0xc3, 0xff, 0xdf, 0x00, 0x00,
    0x43, 0xff, 0xff, 0x3e, 0x00, 0x00, 0x00, 0xff, 0xff, 0x7c, 0x00, 0x00, 0x00, 0x00, 0xff, 0xff,
    0x7c, 0x00, 0x00, 0x00, 0x60, 0xff, 0xff, 0x35, 0x00, 0x9b, 0xff, 0xdc, 0x01, 0x00, 0x00, 0x00,
    0xff, 0xff, 0x7c, 0x00, 0x00, 0x00, 0x00, 0xff, 0xff, 0x7c, 0x00, 0x00, 0x00, 0x0a, 0xf2, 0xff,
    0x88, 0x02, 0xea, 0xff, 0x7c, 0x00, 0x00, 0x00, 0x00, 0xff, 0xff, 0x7c, 0x00, 0x00, 0x00, 0x00,
    0xff, 0xff, 0x7c, 0x00, 0x00, 0x00, 0x00, 0x9a, 0xff, 0xd7, 0x3c, 0xff, 0xfd, 0x1e, 0x00, 0x00,
    0x00, 0x00, 0xff, 0xff, 0x7c, 0x00, 0x00, 0x00, 0x00, 0xff, 0xff, 0x7c, 0x00, 0x00, 0x00, 0x00,
    0x37, 0xff, 0xff, 0xab, 0xff, 0xba, 0x00, 0x00, 0x00, 0x00, 0x00, 0xff, 0xff, 0x7c, 0x00, 0x00,
    0x00, 0x00, 0xff, 0xff, 0x7c, 0x00, 0x00, 0x00, 0x00, 0x00, 0xd3, 0xff, 0xff, 0xff, 0x59, 0x00,
    0x00, 0x00, 0x00, 0x00, 0xff, 0xff, 0x7c, 0x00, 0x00, 0x00, 0x00, 0xff, 0xff, 0x7c, 0x00, 0x00,
    0x00, 0x00, 0x00, 0x71, 0xff, 0xff, 0xf0, 0x08, 0x00, 0x00, 0x00, 0x00, 0x00, 0xff, 0xff, 0x7c,
    0x00, 0x00, 0x00, 0x00, 0xff, 0xff, 0x7c, 0x00, 0x00, 0x00, 0x00, 0x00, 0x14, 0xf9, 0xff, 0x98,
    0x00, 0x00, 0x00, 0x00, 0x00, 0x00, 0xff, 0xff, 0x7c, 0x00, 0x00, 0x00, 0x00, 0xff, 0xff, 0xff,
    0x58, 0x00, 0x00, 0x00, 0x00, 0x00, 0x00, 0x00, 0x00, 0x00, 0x7c, 0xff, 0xff, 0x00, 0x00, 0x00,
    0x00, 0xff, 0xff, 0xff, 0xe5, 0x0d, 0x00, 0x00, 0x00, 0x00, 0x00, 0x00, 0x00, 0x00, 0x7c, 0xff,
    0xff, 0x00, 0x00, 0x00, 0x00, 0xff, 0xff, 0xff, 0xff, 0x8e, 0x00, 0x00, 0x00, 0x00, 0x00, 0x00,
    0x00, 0x00, 0x7c, 0xff, 0xff, 0x00, 0x00, 0x00, 0x00, 0xff, 0xff, 0xcd, 0xff, 0xfb, 0x2d, 0x00,
    0x00, 0x00, 0x00, 0x00, 0x00, 0x00, 0x7c, 0xff, 0xff, 0x00, 0x00, 0x00, 0x00, 0xff, 0xff, 0x7c,
    0xca, 0xff, 0xc2, 0x00, 0x00, 0x00, 0x00, 0x00, 0x00, 0x00, 0x7c, 0xff, 0xff, 0x00, 0x00, 0x00,
    0x00, 0xff, 0xff, 0x7c, 0x42, 0xff, 0xff, 0x5e, 0x00, 0x00, 0x00, 0x00, 0x00, 0x00, 0x7c, 0xff,
    0xff, 0x00, 0x00, 0x00, 0x00, 0xff, 0xff, 0x7c, 0x00, 0xb5, 0xff, 0xe9, 0x10, 0x00, 0x00, 0x00,
    0x00, 0x00, 0x7c, 0xff, 0xff, 0x00, 0x00, 0x00, 0x00, 0xff, 0xff, 0x7c, 0x00, 0x28, 0xfb, 0xff,
    0x94, 0x00, 0x00, 0x00, 0x00, 0x00, 0x7c, 0xff, 0xff, 0x00, 0x00, 0x00, 0x00, 0xff, 0xff, 0x7c,
    0x00, 0x00, 0x8f, 0xff, 0xfc, 0x31, 0x00, 0x00, 0x00, 0x00, 0x7c, 0xff, 0xff, 0x00, 0x00, 0x00,
    0x00, 0xff, 0xff, 0x7c, 0x00, 0x00, 0x0f, 0xe8, 0xff, 0xc7, 0x01, 0x00, 0x00, 0x00, 0x7c, 0xff,
    0xff, 0x00, 0x00, 0x00, 0x00, 0xff, 0xff, 0x7c, 0x00, 0x00, 0x00, 0x5d, 0xff, 0xff, 0x64, 0x00,
    0x00, 0x00, 0x7c, 0xff, 0xff, 0x00, 0x00, 0x00, 0x00, 0xff, 0xff, 0x7c, 0x00, 0x00, 0x00, 0x00,
    0xc2, 0xff, 0xeb, 0x12, 0x00, 0x00, 0x7c, 0xff, 0xff, 0x00, 0x00, 0x00, 0x00, 0xff, 0xff, 0x7c,
    0x00, 0x00, 0x00, 0x00, 0x2c, 0xfb, 0xff, 0x99, 0x00, 0x00, 0x7c, 0xff, 0xff, 0x00, 0x00, 0x00,
    0x00, 0xff, 0xff, 0x7c, 0x00, 0x00, 0x00, 0x00, 0x00, 0x8e, 0xff, 0xfd, 0x35, 0x00, 0x7c, 0xff,
    0xff, 0x00, 0x00, 0x00, 0x00, 0xff, 0xff, 0x7c, 0x00, 0x00, 0x00, 0x00, 0x00, 0x0d, 0xe6, 0xff,
    0xc6, 0x00, 0x7c, 0xff, 0xff, 0x00, 0x00, 0x00, 0x00, 0xff, 0xff, 0x7c, 0x00, 0x00, 0x00, 0x00,
    0x00, 0x00, 0x59, 0xff, 0xff, 0x52, 0x7c, 0xff, 0xff, 0x00, 0x00, 0x00, 0x00, 0xff, 0xff, 0x7c,
    0x00, 0x00, 0x00, 0x00, 0x00, 0x00, 0x00, 0xbe, 0xff, 0xd6, 0x7d, 0xff, 0xff, 0x00, 0x00, 0x00,
    0x00, 0xff, 0xff, 0x7c, 0x00, 0x00, 0x00, 0x00, 0x00, 0x00, 0x00, 0x2a, 0xfa, 0xff, 0xc2, 0xff,
    0xff, 0x00, 0x00, 0x00, 0x00, 0xff, 0xff, 0x7c, 0x00, 0x00, 0x00, 0x00, 0x00, 0x00, 0x00, 0x00,
    0x8a, 0xff, 0xff, 0xff, 0xff, 0x00, 0x00, 0x00, 0x00, 0xff, 0xff, 0x7c, 0x00, 0x00, 0x00, 0x00,
    0x00, 0x00, 0x00, 0x00, 0x0c, 0xe3, 0xff, 0xff, 0xff, 0x00, 0x00, 0x00, 0x00, 0xff, 0xff, 0x7c,
    0x00, 0x00, 0x00, 0x00, 0x00, 0x00, 0x00, 0x00, 0x00, 0x55, 0xff, 0xff, 0xff, 0x00, 0x00, 0x00,
    0x00, 0x00, 0x00, 0x00, 0x00, 0x00, 0x4a, 0xa5, 0xdd, 0xf7, 0xf7, 0xdd, 0xa5, 0x4a, 0x00, 0x00,
    0x00, 0x00, 0x00, 0x00, 0x00, 0x00, 0x00, 0x00, 0x00, 0x00, 0x24, 0xc6, 0xff, 0xff, 0xff, 0xff,
    0xff, 0xff, 0xff, 0xff, 0xc6, 0x24, 0x00, 0x00, 0x00, 0x00, 0x00, 0x00, 0x00, 0x00, 0x00, 0x32,
    0xee, 0xff, 0xff, 0xdb, 0x7f, 0x5a, 0x59, 0x7f, 0xdb, 0xff, 0xff, 0xed, 0x31, 0x00, 0x00, 0x00,
    0x00, 0x00, 0x00, 0x00, 0x14, 0xe4, 0xff, 0xfc, 0x6c, 0x02, 0x00, 0x00, 0x00, 0x00, 0x02, 0x6e,
    0xfc, 0xff, 0xe3, 0x13, 0x00, 0x00, 0x00, 0x00, 0x00, 0x00, 0x9c, 0xff, 0xff, 0x57, 0x00, 0x00,
    0x00, 0x00, 0x00, 0x00, 0x00, 0x00, 0x5a, 0xff, 0xff, 0x98, 0x00, 0x00, 0x00, 0x00, 0x00, 0x1b,
    0xfb, 0xff, 0xab, 0x00, 0x00, 0x00, 0x00, 0x00, 0x00, 0x00, 0x00, 0x00, 0x00, 0xaf, 0xff, 0xfa,
    0x18, 0x00, 0x00, 0x00, 0x00, 0x72, 0xff, 0xff, 0x30, 0x00, 0x00, 0x00, 0x00, 0x00, 0x00, 0x00,
    0x00, 0x00, 0x00, 0x34, 0xff, 0xff, 0x6f, 0x00, 0x00, 0x00, 0x00, 0xb3, 0xff, 0xdf, 0x00, 0x00,
    0x00, 0x00, 0x00, 0x00, 0x00, 0x00, 0x00, 0x00, 0x00, 0x00, 0xe1, 0xff, 0xb1, 0x00, 0x00, 0x00,
    0x00, 0xdd, 0xff, 0xa8, 0x00, 0x00, 0x00, 0x00, 0x00, 0x00, 0x00, 0x00, 0x00, 0x00, 0x00, 0x00,
    0xaa, 0xff, 0xdb, 0x00, 0x00, 0x00, 0x00, 0xf5, 0xff, 0x92, 0x00, 0x00, 0x00, 0x00, 0x00, 0x00,
    0x00, 0x00, 0x00, 0x00, 0x00, 0x00, 0x93, 0xff, 0xf3, 0x00, 0x00, 0x00, 0x00, 0xfd, 0xff, 0x81,
    0x00, 0x00, 0x00, 0x00, 0x00, 0x00, 0x00, 0x00, 0x00, 0x00, 0x00, 0x00, 0x82, 0xff, 0xfc, 0x00,
    0x00, 0x00, 0x00, 0xf5, 0xff, 0x92, 0x00, 0x00, 0x00, 0x00, 0x00, 0x00, 0x00, 0x00, 0x00, 0x00,
    0x00, 0x00, 0x93, 0xff, 0xf3, 0x00, 0x00, 0x00, 0x00, 0xdd, 0xff, 0xa8, 0x00, 0x00, 0x00, 0x00,
    0x00, 0x00, 0x00, 0x00, 0x00, 0x00, 0x00, 0x00, 0xaa, 0xff, 0xdc, 0x00, 0x00, 0x00, 0x00, 0xb3,
    0xff, 0xde, 0x00, 0x00, 0x00, 0x00, 0x00, 0x00, 0x00, 0x00, 0x00, 0x00, 0x00, 0x00, 0xe0, 0xff,
    0xb2, 0x00, 0x00, 0x00, 0x00, 0x73, 0xff, 0xff, 0x2f, 0x00, 0x00, 0x00, 0x00, 0x00, 0x00, 0x00,
    0x00, 0x00, 0x00, 0x33, 0xff, 0xff, 0x70, 0x00, 0x00, 0x00, 0x00, 0x1c, 0xfc, 0xff, 0xa8, 0x00,
    0x00, 0x00, 0x00, 0x00, 0x00, 0x00, 0x00, 0x00, 0x00, 0xad, 0xff, 0xfa, 0x19, 0x00, 0x00, 0x00,
    0x00, 0x00, 0x9e, 0xff, 0xff, 0x55, 0x00, 0x00, 0x00, 0x00, 0x00, 0x00, 0x00, 0x00, 0x58, 0xff,
    0xff, 0x9a, 0x00, 0x00, 0x00, 0x00, 0x00, 0x00, 0x16, 0xe6, 0xff, 0xfb, 0x68, 0x01, 0x00, 0x00,
    0x00, 0x00, 0x01, 0x6a, 0xfc, 0xff, 0xe5, 0x15, 0x00, 0x00, 0x00, 0x00, 0x00, 0x00, 0x00, 0x35,
    0xf0, 0xff, 0xff, 0xd8, 0x7e, 0x59, 0x58, 0x7e, 0xd9, 0xff, 0xff, 0xef, 0x34, 0x00, 0x00, 0x00,
    0x00, 0x00, 0x00, 0x00, 0x00, 0x00, 0x27, 0xca, 0xff, 0xff, 0xff, 0xff, 0xff, 0xff, 0xff, 0xff,
    0xca, 0x27, 0x00, 0x00, 0x00, 0x00, 0x00, 0x00, 0x00, 0x00, 0x00, 0x00, 0x00, 0x01, 0x4e, 0xa7,
    0xdf, 0xf8, 0xf8, 0xdf, 0xa7, 0x4e, 0x01, 0x00, 0x00, 0x00, 0x00, 0x00, 0x00, 0x00, 0x00, 0xff,
    0xff, 0xff, 0xff, 0xff, 0xff, 0xff, 0xf3, 0xd9, 0xa7, 0x47, 0x00, 0x00, 0x00, 0x00, 0x00, 0x00,
    0x00, 0xff, 0xff, 0xff, 0xff, 0xff, 0xff, 0xff, 0xff, 0xff, 0xff, 0xff, 0xae, 0x0e, 0x00, 0x00,
    0x00, 0x00, 0x00, 0xff, 0xff, 0xa6, 0x48, 0x48, 0x48, 0x48, 0x57, 0x7b, 0xd7, 0xff, 0xff, 0xb3,
    0x00, 0x00, 0x00, 0x00, 0x00, 0xff, 0xff, 0x84, 0x00, 0x00, 0x00, 0x00, 0x00, 0x00, 0x05, 0xa0,
    0xff, 0xff, 0x52, 0x00, 0x00, 0x00, 0x00, 0xff, 0xff, 0x84, 0x00, 0x00, 0x00, 0x00, 0x00, 0x00,
    0x00, 0x09, 0xe8, 0xff, 0xaf, 0x00, 0x00, 0x00, 0x00, 0xff, 0xff, 0x84, 0x00, 0x00, 0x00, 0x00,
    0x00, 0x00, 0x00, 0x00, 0x9e, 0xff, 0xe1, 0x00, 0x00, 0x00, 0x00, 0xff, 0xff, 0x84, 0x00, 0x00,
    0x00, 0x00, 0x00, 0x00, 0x00, 0x00, 0x82, 0xff, 0xf8, 0x00, 0x00, 0x00, 0x00, 0xff, 0xff, 0x84,
    0x00, 0x00, 0x00, 0x00, 0x00, 0x00, 0x00, 0x00, 0x93, 0xff, 0xe7, 0x00, 0x00, 0x00, 0x00, 0xff,
    0xff, 0x84, 0x00, 0x00, 0x00, 0x00, 0x00, 0x00, 0x00, 0x00, 0xd6, 0xff, 0xc0, 0x00, 0x00, 0x00,
    0x00, 0xff, 0xff, 0x84, 0x00, 0x00, 0x00, 0x00, 0x00, 0x00, 0x00, 0x67, 0xff, 0xff, 0x6b, 0x00,
    0x00, 0x00, 0x00, 0xff, 0xff, 0x84, 0x00, 0x00, 0x00, 0x00, 0x0d, 0x32, 0x95, 0xfe, 0xff, 0xd8,
    0x0a, 0x00, 0x00, 0x00, 0x00, 0xff, 0xff, 0xff, 0xff, 0xff, 0xff, 0xff, 0xff, 0xff, 0xff, 0xff,
    0xe0, 0x2c, 0x00, 0x00, 0x00, 0x00, 0x00, 0xff, 0xff, 0xff, 0xff, 0xff, 0xff, 0xff, 0xff, 0xff,
    0xea, 0x8e, 0x13, 0x00, 0x00, 0x00, 0x00, 0x00, 0x00, 0xff, 0xff, 0xcc, 0x48, 0x48, 0x48, 0x48,
    0x3b, 0x21, 0x04, 0x00, 0x00, 0x00, 0x00, 0x00, 0x00, 0x00, 0x00, 0xff, 0xff, 0x84, 0x00, 0x00,
    0x00, 0x00, 0x00, 0x00, 0x00, 0x00, 0x00, 0x00, 0x00, 0x00, 0x00, 0x00, 0x00, 0xff, 0xff, 0x84,
    0x00, 0x00, 0x00, 0x00, 0x00, 0x00, 0x00, 0x00, 0x00, 0x00, 0x00, 0x00, 0x00, 0x00, 0x00, 0xff,
    0xff, 0x84, 0x00, 0x00, 0x00, 0x00, 0x00, 0x00, 0x00, 0x00, 0x00, 0x00, 0x00, 0x00, 0x00, 0x00,
    0x00, 0xff, 0xff, 0x84, 0x00, 0x00, 0x00, 0x00, 0x00, 0x00, 0x00, 0x00, 0x00, 0x00, 0x00, 0x00,
    0x00, 0x00, 0x00, 0xff, 0xff, 0x84, 0x00, 0x00, 0x00, 0x00, 0x00, 0x00, 0x00, 0x00, 0x00, 0x00,
    0x00, 0x00, 0x00, 0x00, 0x00, 0xff, 0xff, 0x84, 0x00, 0x00, 0x00, 0x00, 0x00, 0x00, 0x00, 0x00,
    0x00, 0x00, 0x00, 0x00, 0x00, 0x00, 0x00, 0xff, 0xff, 0x84, 0x00, 0x00, 0x00, 0x00, 0x00, 0x00,
    0x00, 0x00, 0x00, 0x00, 0x00, 0x00, 0x00, 0x00, 0x00, 0x00, 0x00, 0x00, 0x00, 0x00, 0x4a, 0xa5,
    0xdd, 0xf7, 0xf7, 0xdd, 0xa5, 0x4a, 0x00, 0x00, 0x00, 0x00, 0x00, 0x00, 0x00, 0x00, 0x00, 0x00,
    0x00, 0x00, 0x24, 0xc6, 0xff, 0xff, 0xff, 0xff, 0xff, 0xff, 0xff, 0xff, 0xc6, 0x24, 0x00, 0x00,
    0x00, 0x00, 0x00, 0x00, 0x00, 0x00, 0x00, 0x32, 0xee, 0xff, 0xff, 0xd9, 0x7e, 0x5a, 0x59, 0x7e,
    0xd9, 0xff, 0xff, 0xed, 0x31, 0x00, 0x00, 0x00, 0x00, 0x00, 0x00, 0x00, 0x14, 0xe4, 0xff, 0xfb,
    0x67, 0x01, 0x00, 0x00, 0x00, 0x00, 0x02, 0x69, 0xfb, 0xff, 0xe3, 0x13, 0x00, 0x00, 0x00, 0x00,
    0x00, 0x00, 0x9c, 0xff, 0xff, 0x52, 0x00, 0x00, 0x00, 0x00, 0x00, 0x00, 0x00, 0x00, 0x52, 0xff,
    0xff, 0x98, 0x00, 0x00, 0x00, 0x00, 0x00, 0x1b, 0xfb, 0xff, 0xa4, 0x00, 0x00, 0x00, 0x00, 0x00,
    0x00, 0x00, 0x00, 0x00, 0x00, 0xa6, 0xff, 0xfa, 0x18, 0x00, 0x00, 0x00, 0x00, 0x72, 0xff, 0xff,
    0x2c, 0x00, 0x00, 0x00, 0x00, 0x00, 0x00, 0x00, 0x00, 0x00, 0x00, 0x2f, 0xff, 0xff, 0x6f, 0x00,
    0x00, 0x00, 0x00, 0xb3, 0xff, 0xda, 0x00, 0x00, 0x00, 0x00, 0x00, 0x00, 0x00, 0x00, 0x00, 0x00,
    0x00, 0x00, 0xdb, 0xff, 0xb1, 0x00, 0x00, 0x00, 0x00, 0xdd, 0xff, 0xa6, 0x00, 0x00, 0x00, 0x00,
    0x00, 0x00, 0x00, 0x00, 0x00, 0x00, 0x00, 0x00, 0xa8, 0xff, 0xdb, 0x00, 0x00, 0x00, 0x00, 0xf5,
    0xff, 0x90, 0x00, 0x00, 0x00, 0x00, 0x00, 0x00, 0x00, 0x00, 0x00, 0x00, 0x00, 0x00, 0x91, 0xff,
    0xf3, 0x00, 0x00, 0x00, 0x00, 0xfd, 0xff, 0x81, 0x00, 0x00, 0x00, 0x00, 0x00, 0x00, 0x00, 0x00,
    0x00, 0x00, 0x00, 0x00, 0x82, 0xff, 0xfc, 0x00, 0x00, 0x00, 0x00, 0xf5, 0xff, 0x94, 0x00, 0x00,
    0x00, 0x00, 0x00, 0x00, 0x00, 0x00, 0x00, 0x00, 0x00, 0x00, 0x95, 0xff, 0xf3, 0x00, 0x00, 0x00,
    0x00, 0xdd, 0xff, 0xac, 0x00, 0x00, 0x00, 0x00, 0x00, 0x00, 0x00, 0x00, 0x00, 0x00, 0x00, 0x00,
    0xad, 0xff, 0xdc, 0x00, 0x00, 0x00, 0x00, 0xb3, 0xff, 0xe7, 0x02, 0x00, 0x00, 0x00, 0x00, 0x00,
    0x00, 0x00, 0x00, 0x00, 0x00, 0x02, 0xe9, 0xff, 0xb2, 0x00, 0x00, 0x00, 0x00, 0x73, 0xff, 0xff,
    0x3c, 0x00, 0x00, 0x00, 0x00, 0x68, 0xc0, 0xbd, 0x21, 0x00, 0x00, 0x40, 0xff, 0xff, 0x70, 0x00,
    0x00, 0x00, 0x00, 0x1c, 0xfc, 0xff, 0xc2, 0x01, 0x00, 0x00, 0x00, 0x0b, 0xd5, 0xff, 0xcc, 0x07,
    0x01, 0xc5, 0xff, 0xfa, 0x19, 0x00, 0x00, 0x00, 0x00, 0x00, 0x9e, 0xff, 0xff, 0x7e, 0x00, 0x00,
    0x00, 0x00, 0x29, 0xf4, 0xff, 0x97, 0x7e, 0xff, 0xff, 0x9a, 0x00, 0x00, 0x00, 0x00, 0x00, 0x00,
    0x16, 0xe6, 0xff, 0xff, 0x9a, 0x16, 0x00, 0x00, 0x00, 0x5b, 0xff, 0xff, 0xff, 0xff, 0xe5, 0x15,
    0x00, 0x00, 0x00, 0x00, 0x00, 0x00, 0x00, 0x35, 0xf0, 0xff, 0xff, 0xf8, 0xb2, 0x8d, 0x8c, 0xb1,
    0xff, 0xff, 0xff, 0xff, 0x34, 0x00, 0x00, 0x00, 0x00, 0x00, 0x00, 0x00, 0x00, 0x00, 0x27, 0xca,
    0xff, 0xff, 0xff, 0xff, 0xff, 0xff, 0xff, 0xff, 0xff, 0xf6, 0x07, 0x00, 0x00, 0x00, 0x00, 0x00,
    0x00, 0x00, 0x00, 0x00, 0x00, 0x01, 0x4e, 0xa7, 0xdf, 0xf8, 0xf8, 0xdf, 0xa7, 0x71, 0xf2, 0xff,
    0x97, 0x00, 0x00, 0x00, 0x00, 0x00, 0x00, 0x00, 0x00, 0x00, 0x00, 0x00, 0x00, 0x00, 0x00, 0x00,
    0x00, 0x00, 0x00, 0x00, 0x57, 0xff, 0xff, 0x57, 0x00, 0x00, 0x00, 0x00, 0x00, 0x00, 0x00, 0x00,
    0x00, 0x00, 0x00, 0x00, 0x00, 0x00, 0x00, 0x00, 0x00, 0x00, 0x00, 0x64, 0x80, 0x72, 0x01, 0x00,
    0x00, 0x00, 0x00, 0xff, 0xff, 0xff, 0xff, 0xff, 0xff, 0xff, 0xf3, 0xda, 0xac, 0x51, 0x02, 0x00,
    0x00, 0x00, 0x00, 0x00, 0x00, 0xff, 0xff, 0xff, 0xff, 0xff, 0xff, 0xff, 0xff, 0xff, 0xff, 0xff,
    0xbc, 0x16, 0x00, 0x00, 0x00, 0x00, 0x00, 0xff, 0xff, 0xa1, 0x48, 0x48, 0x48, 0x48, 0x57, 0x79,
    0xd1, 0xff, 0xff, 0xc1, 0x02, 0x00, 0x00, 0x00, 0x00, 0xff, 0xff, 0x7c, 0x00, 0x00, 0x00, 0x00,
    0x00, 0x00, 0x03, 0x95, 0xff, 0xff, 0x5c, 0x00, 0x00, 0x00, 0x00, 0xff, 0xff, 0x7c, 0x00, 0x00,
    0x00, 0x00, 0x00, 0x00, 0x00, 0x05, 0xe3, 0xff, 0xb6, 0x00, 0x00, 0x00, 0x00, 0xff, 0xff, 0x7c,
    0x00, 0x00, 0x00, 0x00, 0x00, 0x00, 0x00, 0x00, 0x9a, 0xff, 0xe3, 0x00, 0x00, 0x00, 0x00, 0xff,
    0xff, 0x7c, 0x00, 0x00, 0x00, 0x00, 0x00, 0x00, 0x00, 0x00, 0x82, 0xff, 0xf9, 0x00, 0x00, 0x00,
    0x00, 0xff, 0xff, 0x7c, 0x00, 0x00, 0x00, 0x00, 0x00, 0x00, 0x00, 0x00, 0x95, 0xff, 0xe6, 0x00,
    0x00, 0x00, 0x00, 0xff, 0xff, 0x7c, 0x00, 0x00, 0x00, 0x00, 0x00, 0x00, 0x00, 0x02, 0xdb, 0xff,
    0xbd, 0x00, 0x00, 0x00, 0x00, 0xff, 0xff, 0x7c, 0x00, 0x00, 0x00, 0x00, 0x00, 0x00, 0x01, 0x86,
    0xff, 0xff, 0x64, 0x00, 0x00, 0x00, 0x00, 0xff, 0xff, 0xc4, 0x48, 0x48, 0x48, 0x48, 0x53, 0x73,
    0xc9, 0xff, 0xff, 0xca, 0x05, 0x00, 0x00, 0x00, 0x00, 0xff, 0xff, 0xff, 0xff, 0xff, 0xff, 0xff,
    0xff, 0xff, 0xff, 0xff, 0xc4, 0x1b, 0x00, 0x00, 0x00, 0x00, 0x00, 0xff, 0xff, 0xff, 0xff, 0xff,
    0xff, 0xff, 0xff, 0xff, 0xff, 0x8e, 0x03, 0x00, 0x00, 0x00, 0x00, 0x00, 0x00, 0xff, 0xff, 0x7c,
    0x00, 0x00, 0x00, 0x00, 0x3e, 0xff, 0xff, 0xc0, 0x00, 0x00, 0x00, 0x00, 0x00, 0x00, 0x00, 0xff,
    0xff, 0x7c, 0x00, 0x00, 0x00, 0x00, 0x00, 0xb2, 0xff, 0xff, 0x4b, 0x00, 0x00, 0x00, 0x00, 0x00,
    0x00, 0xff, 0xff, 0x7c, 0x00, 0x00, 0x00, 0x00, 0x00, 0x29, 0xfc, 0xff, 0xd2, 0x02, 0x00, 0x00,
    0x00, 0x00, 0x00, 0xff, 0xff, 0x7c, 0x00, 0x00, 0x00, 0x00, 0x00, 0x00, 0x99, 0xff, 0xff, 0x5f,
    0x00, 0x00, 0x00, 0x00, 0x00, 0xff, 0xff, 0x7c, 0x00, 0x00, 0x00, 0x00, 0x00, 0x00, 0x18, 0xf3,
    0xff, 0xe1, 0x07, 0x00, 0x00, 0x00, 0x00, 0xff, 0xff, 0x7c, 0x00, 0x00, 0x00, 0x00, 0x00, 0x00,
    0x00, 0x80, 0xff, 0xff, 0x73, 0x00, 0x00, 0x00, 0x00, 0xff, 0xff, 0x7c, 0x00, 0x00, 0x00, 0x00,
    0x00, 0x00, 0x00, 0x0b, 0xe7, 0xff, 0xed, 0x0f, 0x00, 0x00, 0x00, 0xff, 0xff, 0x7c, 0x00, 0x00,
    0x00, 0x00, 0x00, 0x00, 0x00, 0x00, 0x66, 0xff, 0xff, 0x87, 0x00, 0x00, 0x00, 0x00, 0x00, 0x00,
    0x4b, 0xa3, 0xdc, 0xf5, 0xf1, 0xd7, 0x95, 0x36, 0x00, 0x00, 0x00, 0x00, 0x00, 0x00, 0x00, 0x00,
    0x17, 0xbc, 0xff, 0xff, 0xff, 0xff, 0xff, 0xff, 0xff, 0xfe, 0x9d, 0x06, 0x00, 0x00, 0x00, 0x00,
    0x00, 0x0c, 0xd1, 0xff, 0xff, 0xc4, 0x70, 0x50, 0x5e, 0x89, 0xea, 0xff, 0xff, 0xa9, 0x00, 0x00,
    0x00, 0x00, 0x00, 0x79, 0xff, 0xff, 0x6b, 0x00, 0x00, 0x00, 0x00, 0x00, 0x09, 0xaf, 0xff, 0xff,
    0x42, 0x00, 0x00, 0x00, 0x00, 0xd3, 0xff, 0xb9, 0x00, 0x00, 0x00, 0x00, 0x00, 0x00, 0x00, 0x10,
    0xf5, 0xff, 0x91, 0x00, 0x00, 0x00, 0x00, 0xf5, 0xff, 0x85, 0x00, 0x00, 0x00, 0x00, 0x00, 0x00,
    0x00, 0x00, 0x54, 0x68, 0x45, 0x00, 0x00, 0x00, 0x00, 0xed, 0xff, 0xb0, 0x00, 0x00, 0x00, 0x00,
    0x00, 0x00, 0x00, 0x00, 0x00, 0x00, 0x00, 0x00, 0x00, 0x00, 0x00, 0xab, 0xff, 0xff, 0x68, 0x00,
    0x00, 0x00, 0x00, 0x00, 0x00, 0x00, 0x00, 0x00, 0x00, 0x00, 0x00, 0x00, 0x00, 0x2a, 0xf4, 0xff,
    0xff, 0xc7, 0x65, 0x15, 0x00, 0x00, 0x00, 0x00, 0x00, 0x00, 0x00, 0x00, 0x00, 0x00, 0x00, 0x00,
    0x3b, 0xe4, 0xff, 0xff, 0xff, 0xfd, 0xca, 0x7e, 0x25, 0x00, 0x00, 0x00, 0x00, 0x00, 0x00, 0x00,
    0x00, 0x00, 0x00, 0x0c, 0x78, 0xdb, 0xff, 0xff, 0xff, 0xff, 0xff, 0xc0, 0x39, 0x00, 0x00, 0x00,
    0x00, 0x00, 0x00, 0x00, 0x00, 0x00, 0x00, 0x00, 0x2c, 0x77, 0xc2, 0xfe, 0xff, 0xff, 0xfe, 0x71,
    0x00, 0x00, 0x00, 0x00, 0x00, 0x00, 0x00, 0x00, 0x00, 0x00, 0x00, 0x00, 0x00, 0x1c, 0x7b, 0xf0,
    0xff, 0xfe, 0x46, 0x00, 0x00, 0x00, 0x00, 0x00, 0x00, 0x00, 0x00, 0x00, 0x00, 0x00, 0x00, 0x00,
    0x00, 0x25, 0xf0, 0xff, 0xbd, 0x00, 0x00, 0x00, 0x00, 0x00, 0x00, 0x00, 0x00, 0x00, 0x00, 0x00,
    0x00, 0x00, 0x00, 0x00, 0x95, 0xff, 0xef, 0x00, 0x00, 0x00, 0x55, 0xac, 0xac, 0x15, 0x00, 0x00,
    0x00, 0x00, 0x00, 0x00, 0x00, 0x00, 0x8d, 0xff, 0xf1, 0x00, 0x00, 0x00, 0x55, 0xff, 0xff, 0x64,
    0x00, 0x00, 0x00, 0x00, 0x00, 0x00, 0x00, 0x03, 0xd7, 0xff, 0xca, 0x00, 0x00, 0x00, 0x0b, 0xea,
    0xff, 0xec, 0x37, 0x00, 0x00, 0x00, 0x00, 0x00, 0x09, 0xa1, 0xff, 0xff, 0x68, 0x00, 0x00, 0x00,
    0x00, 0x5a, 0xfe, 0xff, 0xfd, 0xad, 0x67, 0x4d, 0x59, 0x8a, 0xe4, 0xff, 0xff, 0xc2, 0x06, 0x00,
    0x00, 0x00, 0x00, 0x00, 0x5d, 0xf0, 0xff, 0xff, 0xff, 0xff, 0xff, 0xff, 0xff, 0xff, 0xad, 0x11,
    0x00, 0x00, 0x00, 0x00, 0x00, 0x00, 0x00, 0x16, 0x77, 0xc1, 0xe5, 0xf9, 0xee, 0xd6, 0x99, 0x40,
    0x00, 0x00, 0x00, 0x00, 0x00, 0x00, 0xff, 0xff, 0xff, 0xff, 0xff, 0xff, 0xff, 0xff, 0xff, 0xff,
    0xff, 0xff, 0xff, 0xff, 0xff, 0x00, 0x00, 0xff, 0xff, 0xff, 0xff, 0xff, 0xff, 0xff, 0xff, 0xff,
    0xff, 0xff, 0xff, 0xff, 0xff, 0xff, 0x00, 0x00, 0x48, 0x48, 0x48, 0x48, 0x48, 0x48, 0xa1, 0xff,
    0xff, 0x48, 0x48, 0x48, 0x48, 0x48, 0x48, 0x00, 0x00, 0x00, 0x00, 0x00, 0x00, 0x00, 0x00, 0x7c,
    0xff, 0xff, 0x00, 0x00, 0x00, 0x00, 0x00, 0x00, 0x00, 0x00, 0x00, 0x00, 0x00, 0x00, 0x00, 0x00,
    0x7c, 0xff, 0xff, 0x00, 0x00, 0x00, 0x00, 0x00, 0x00, 0x00, 0x00, 0x00, 0x00, 0x00, 0x00, 0x00,
    0x00, 0x7c, 0xff, 0xff, 0x00, 0x00, 0x00, 0x00, 0x00, 0x00, 0x00, 0x00, 0x00, 0x00, 0x00, 0x00,
    0x00, 0x00, 0x7c, 0xff, 0xff, 0x00, 0x00, 0x00, 0x00, 0x00, 0x00, 0x00, 0x00, 0x00, 0x00, 0x00,
    0x00, 0x00, 0x00, 0x7c, 0xff, 0xff, 0x00, 0x00, 0x00, 0x00, 0x00, 0x00, 0x00, 0x00, 0x00, 0x00,
    0x00, 0x00, 0x00, 0x00, 0x7c, 0xff, 0xff, 0x00, 0x00, 0x00, 0x00, 0x00, 0x00, 0x00, 0x00, 0x00,
    0x00, 0x00, 0x00, 0x00, 0x00, 0x7c, 0xff, 0xff, 0x00, 0x00, 0x00, 0x00, 0x00, 0x00, 0x00, 0x00,
    0x00, 0x00, 0x00, 0x00, 0x00, 0x00, 0x7c, 0xff, 0xff, 0x00, 0x00, 0x00, 0x00, 0x00, 0x00, 0x00,
    0x00, 0x00, 0x00, 0x00, 0x00, 0x00, 0x00, 0x7c, 0xff, 0xff, 0x00, 0x00, 0x00, 0x00, 0x00, 0x00,
    0x00, 0x00, 0x00, 0x00, 0x00, 0x00, 0x00, 0x00, 0x7c, 0xff, 0xff, 0x00, 0x00, 0x00, 0x00, 0x00,
    0x00, 0x00, 0x00, 0x00, 0x00, 0x00, 0x00, 0x00, 0x00, 0x7c, 0xff, 0xff, 0x00, 0x00, 0x00, 0x00,
    0x00, 0x00, 0x00, 0x00, 0x00, 0x00, 0x00, 0x00, 0x00, 0x00, 0x7c, 0xff, 0xff, 0x00, 0x00, 0x00,
    0x00, 0x00, 0x00, 0x00, 0x00, 0x00, 0x00, 0x00, 0x00, 0x00, 0x00, 0x7c, 0xff, 0xff, 0x00, 0x00,
    0x00, 0x00, 0x00, 0x00, 0x00, 0x00, 0x00, 0x00, 0x00, 0x00, 0x00, 0x00, 0x7c, 0xff, 0xff, 0x00,
    0x00, 0x00, 0x00, 0x00, 0x00, 0x00, 0x00, 0x00, 0x00, 0x00, 0x00, 0x00, 0x00, 0x7c, 0xff, 0xff,
    0x00, 0x00, 0x00, 0x00, 0x00, 0x00, 0x00, 0x00, 0x00, 0x00, 0x00, 0x00, 0x00, 0x00, 0x7c, 0xff,
    0xff, 0x00, 0x00, 0x00, 0x00, 0x00, 0x00, 0x00, 0x00, 0x00, 0x00, 0x00, 0x00, 0x00, 0x00, 0x7c,
    0xff, 0xff, 0x00, 0x00, 0x00, 0x00, 0x00, 0x00, 0x00, 0x00, 0x00, 0x00, 0x00, 0x00, 0x00, 0x00,
    0x7c, 0xff, 0xff, 0x00, 0x00, 0x00, 0x00, 0x00, 0x00, 0x00, 0x00, 0x00, 0xff, 0xff, 0x7c, 0x00,
    0x00, 0x00, 0x00, 0x00, 0x00, 0x00, 0x00, 0x00, 0x00, 0x7c, 0xff, 0xff, 0x00, 0x00, 0x00, 0x00,
    0xff, 0xff, 0x7c, 0x00, 0x00, 0x00, 0x00, 0x00, 0x00, 0x00, 0x00, 0x00, 0x00, 0x7c, 0xff, 0xff,
    0x00, 0x00, 0x00, 0x00, 0xff, 0xff, 0x7c, 0x00, 0x00, 0x00, 0x00, 0x00, 0x00, 0x00, 0x00, 0x00,
    0x00, 0x7c, 0xff, 0xff, 0x00, 0x00, 0x00, 0x00, 0xff, 0xff, 0x7c, 0x00, 0x00, 0x00, 0x00, 0x00,
    0x00, 0x00, 0x00, 0x00, 0x00, 0x7c, 0xff, 0xff, 0x00, 0x00, 0x00, 0x00, 0xff, 0xff, 0x7c, 0x00,
    0x00, 0x00, 0x00, 0x00, 0x00, 0x00, 0x00, 0x00, 0x00, 0x7c, 0xff, 0xff, 0x00, 0x00, 0x00, 0x00,
    0xff, 0xff, 0x7c, 0x00, 0x00, 0x00, 0x00, 0x00, 0x00, 0x00, 0x00, 0x00, 0x00, 0x7c, 0xff, 0xff,
    0x00, 0x00, 0x00, 0x00, 0xff, 0xff, 0x7c, 0x00, 0x00, 0x00, 0x00, 0x00, 0x00, 0x00, 0x00, 0x00,
    0x00, 0x7c, 0xff, 0xff, 0x00, 0x00, 0x00, 0x00, 0xff, 0xff, 0x7c, 0x00, 0x00, 0x00, 0x00, 0x00,
    0x00, 0x00, 0x00, 0x00, 0x00, 0x7c, 0xff, 0xff, 0x00, 0x00, 0x00, 0x00, 0xff, 0xff, 0x7c, 0x00,
    0x00, 0x00, 0x00, 0x00, 0x00, 0x00, 0x00, 0x00, 0x00, 0x7c, 0xff, 0xff, 0x00, 0x00, 0x00, 0x00,
    0xff, 0xff, 0x7c, 0x00, 0x00, 0x00, 0x00, 0x00, 0x00, 0x00, 0x00, 0x00, 0x00, 0x7c, 0xff, 0xff,
    0x00, 0x00, 0x00, 0x00, 0xff, 0xff, 0x7c, 0x00, 0x00, 0x00, 0x00, 0x00, 0x00, 0x00, 0x00, 0x00,
    0x00, 0x7c, 0xff, 0xff, 0x00, 0x00, 0x00, 0x00, 0xff, 0xff, 0x7c, 0x00, 0x00, 0x00, 0x00, 0x00,
    0x00, 0x00, 0x00, 0x00, 0x00, 0x7c, 0xff, 0xff, 0x00, 0x00, 0x00, 0x00, 0xff, 0xff, 0x7c, 0x00,
    0x00, 0x00, 0x00, 0x00, 0x00, 0x00, 0x00, 0x00, 0x00, 0x7c, 0xff, 0xff, 0x00, 0x00, 0x00, 0x00,
    0xfe, 0xff, 0x7f, 0x00, 0x00, 0x00, 0x00, 0x00, 0x00, 0x00, 0x00, 0x00, 0x00, 0x7f, 0xff, 0xfd,
    0x00, 0x00, 0x00, 0x00, 0xe5, 0xff, 0x98, 0x00, 0x00, 0x00, 0x00, 0x00, 0x00, 0x00, 0x00, 0x00,
    0x00, 0x98, 0xff, 0xe4, 0x00, 0x00, 0x00, 0x00, 0xc0, 0xff, 0xdb, 0x01, 0x00, 0x00, 0x00, 0x00,
    0x00, 0x00, 0x00, 0x00, 0x01, 0xdc, 0xff, 0xbf, 0x00, 0x00, 0x00, 0x00, 0x66, 0xff, 0xff, 0x60,
    0x00, 0x00, 0x00, 0x00, 0x00, 0x00, 0x00, 0x00, 0x60, 0xff, 0xff, 0x63, 0x00, 0x00, 0x00, 0x00,
    0x0b, 0xdf, 0xff, 0xf6, 0x59, 0x00, 0x00, 0x00, 0x00, 0x00, 0x00, 0x59, 0xf6, 0xff, 0xdd, 0x09,
    0x00, 0x00, 0x00, 0x00, 0x00, 0x2f, 0xf4, 0xff, 0xff, 0xc9, 0x76, 0x55, 0x54, 0x75, 0xc8, 0xff,
    0xff, 0xf4, 0x2e, 0x00, 0x00, 0x00, 0x00, 0x00, 0x00, 0x00, 0x2b, 0xd1, 0xff, 0xff, 0xff, 0xff,
    0xff, 0xff, 0xff, 0xff, 0xd0, 0x2a, 0x00, 0x00, 0x00, 0x00, 0x00, 0x00, 0x00, 0x00, 0x00, 0x05,
    0x4f, 0xaa, 0xd7, 0xf2, 0xf3, 0xd8, 0xab, 0x50, 0x05, 0x00, 0x00, 0x00, 0x00, 0x00, 0x1c, 0xfe,
    0xff, 0x9f, 0x00, 0x00, 0x00, 0x00, 0x00, 0x00, 0x00, 0x00, 0x00, 0x00, 0x00, 0x54, 0xff, 0xff,
    0x6e, 0x00, 0xbf, 0xff, 0xf0, 0x07, 0x00, 0x00, 0x00, 0x00, 0x00, 0x00, 0x00, 0x00, 0x00, 0x00,
    0xaa, 0xff, 0xfc, 0x17, 0x00, 0x64, 0xff, 0xff, 0x50, 0x00, 0x00, 0x00, 0x00, 0x00, 0x00, 0x00,
    0x00, 0x00, 0x0a, 0xf4, 0xff, 0xba, 0x00, 0x00, 0x10, 0xf8, 0xff, 0xa8, 0x00, 0x00, 0x00, 0x00,
    0x00, 0x00, 0x00, 0x00, 0x00, 0x56, 0xff, 0xff, 0x5f, 0x00, 0x00, 0x00, 0xae, 0xff, 0xf5, 0x0b,
    0x00, 0x00, 0x00, 0x00, 0x00, 0x00, 0x00, 0x00, 0xac, 0xff, 0xf7, 0x0e, 0x00, 0x00, 0x00, 0x52,
    0xff, 0xff, 0x59, 0x00, 0x00, 0x00, 0x00, 0x00, 0x00, 0x00, 0x0b, 0xf6, 0xff, 0xab, 0x00, 0x00,
    0x00, 0x00, 0x07, 0xef, 0xff, 0xb1, 0x00, 0x00, 0x00, 0x00, 0x00, 0x00, 0x00, 0x58, 0xff, 0xff,
    0x50, 0x00, 0x00, 0x00, 0x00, 0x00, 0x9c, 0xff, 0xf9, 0x10, 0x00, 0x00, 0x00, 0x00, 0x00, 0x00,
    0xae, 0xff, 0xef, 0x07, 0x00, 0x00, 0x00, 0x00, 0x00, 0x41, 0xff, 0xff, 0x62, 0x00, 0x00, 0x00,
    0x00, 0x00, 0x0c, 0xf7, 0xff, 0x9c, 0x00, 0x00, 0x00, 0x00, 0x00, 0x00, 0x01, 0xe3, 0xff, 0xba,
    0x00, 0x00, 0x00, 0x00, 0x00, 0x5a, 0xff, 0xff, 0x42, 0x00, 0x00, 0x00, 0x00, 0x00, 0x00, 0x00,
    0x8a, 0xff, 0xfc, 0x16, 0x00, 0x00, 0x00, 0x00, 0xb0, 0xff, 0xe5, 0x02, 0x00, 0x00, 0x00, 0x00,
    0x00, 0x00, 0x00, 0x2f, 0xff, 0xff, 0x6b, 0x00, 0x00, 0x00, 0x0d, 0xf7, 0xff, 0x8d, 0x00, 0x00,
    0x00, 0x00, 0x00, 0x00, 0x00, 0x00, 0x00, 0xd3, 0xff, 0xc3, 0x00, 0x00, 0x00, 0x5b, 0xff, 0xff,
    0x33, 0x00, 0x00, 0x00, 0x00, 0x00, 0x00, 0x00, 0x00, 0x00, 0x78, 0xff, 0xfe, 0x1a, 0x00, 0x00,
    0xaf, 0xff, 0xd8, 0x00, 0x00, 0x00, 0x00, 0x00, 0x00, 0x00, 0x00, 0x00, 0x00, 0x1e, 0xfe, 0xff,
    0x6a, 0x00, 0x0a, 0xf6, 0xff, 0x7e, 0x00, 0x00, 0x00, 0x00, 0x00, 0x00, 0x00, 0x00, 0x00, 0x00,
    0x00, 0xc2, 0xff, 0xba, 0x00, 0x50, 0xff, 0xff, 0x24, 0x00, 0x00, 0x00, 0x00, 0x00, 0x00, 0x00,
    0x00, 0x00, 0x00, 0x00, 0x67, 0xff, 0xf9, 0x0e, 0x9d, 0xff, 0xca, 0x00, 0x00, 0x00, 0x00, 0x00,
    0x00, 0x00, 0x00, 0x00, 0x00, 0x00, 0x00, 0x11, 0xf9, 0xff, 0x55, 0xe7, 0xff, 0x6f, 0x00, 0x00,
    0x00, 0x00, 0x00, 0x00, 0x00, 0x00, 0x00, 0x00, 0x00, 0x00, 0x00, 0xb0, 0xff, 0xce, 0xff, 0xfc,
    0x18, 0x00, 0x00, 0x00, 0x00, 0x00, 0x00, 0x00, 0x00, 0x00, 0x00, 0x00, 0x00, 0x00, 0x55, 0xff,
    0xff, 0xff, 0xbb, 0x00, 0x00, 0x00, 0x00, 0x00, 0x00, 0x00, 0x00, 0x00, 0x00, 0x00, 0x00, 0x00,
    0x00, 0x08, 0xf1, 0xff, 0xff, 0x61, 0x00, 0x00, 0x00, 0x00, 0x00, 0x00, 0x00, 0x27, 0xff, 0xff,
    0x7b, 0x00, 0x00, 0x00, 0x00, 0x00, 0x00, 0x00, 0x00, 0xd1, 0xff, 0xff, 0x64, 0x00, 0x00, 0x00,
    0x00, 0x00, 0x00, 0x00, 0x01, 0xeb, 0xff, 0xbd, 0x00, 0x00, 0xe2, 0xff, 0xbc, 0x00, 0x00, 0x00,
    0x00, 0x00, 0x00, 0x00, 0x13, 0xfe, 0xff, 0xff, 0xa5, 0x00, 0x00, 0x00, 0x00, 0x00, 0x00, 0x00,
    0x2d, 0xff, 0xff, 0x79, 0x00, 0x00, 0x9f, 0xff, 0xf6, 0x06, 0x00, 0x00, 0x00, 0x00, 0x00, 0x00,
    0x53, 0xff, 0xff, 0xff, 0xe6, 0x00, 0x00, 0x00, 0x00, 0x00, 0x00, 0x00, 0x6d, 0xff, 0xff, 0x35,
    0x00, 0x00, 0x5c, 0xff, 0xff, 0x3c, 0x00, 0x00, 0x00, 0x00, 0x00, 0x00, 0x94, 0xff, 0xd2, 0xff,
    0xff, 0x27, 0x00, 0x00, 0x00, 0x00, 0x00, 0x00, 0xad, 0xff, 0xee, 0x02, 0x00, 0x00, 0x18, 0xff,
    0xff, 0x7d, 0x00, 0x00, 0x00, 0x00, 0x00, 0x00, 0xd6, 0xff, 0x82, 0xf0, 0xff, 0x69, 0x00, 0x00,
    0x00, 0x00, 0x00, 0x01, 0xeb, 0xff, 0xad, 0x00, 0x00, 0x00, 0x00, 0xd4, 0xff, 0xbd, 0x00, 0x00,
    0x00, 0x00, 0x00, 0x17, 0xff, 0xff, 0x49, 0xbb, 0xff, 0xaa, 0x00, 0x00, 0x00, 0x00, 0x00, 0x2d,
    0xff, 0xff, 0x69, 0x00, 0x00, 0x00, 0x00, 0x91, 0xff, 0xf6, 0x07, 0x00, 0x00, 0x00, 0x00, 0x58,
    0xff, 0xfd, 0x10, 0x7f, 0xff, 0xea, 0x01, 0x00, 0x00, 0x00, 0x00, 0x6d, 0xff, 0xff, 0x25, 0x00,
    0x00, 0x00, 0x00, 0x4d, 0xff, 0xff, 0x3e, 0x00, 0x00, 0x00, 0x00, 0x99, 0xff, 0xd2, 0x00, 0x43,
    0xff, 0xff, 0x2c, 0x00, 0x00, 0x00, 0x00, 0xad, 0xff, 0xe1, 0x00, 0x00, 0x00, 0x00, 0x00, 0x0e,
    0xfb, 0xff, 0x7e, 0x00, 0x00, 0x00, 0x00, 0xdb, 0xff, 0x91, 0x00, 0x09, 0xf8, 0xff, 0x6e, 0x00,
    0x00, 0x00, 0x01, 0xeb, 0xff, 0x9d, 0x00, 0x00, 0x00, 0x00, 0x00, 0x00, 0xc6, 0xff, 0xbe, 0x00,
    0x00, 0x00, 0x1c, 0xff, 0xff, 0x4e, 0x00, 0x00, 0xbe, 0xff, 0xaf, 0x00, 0x00, 0x00, 0x2d, 0xff,
    0xff, 0x59, 0x00, 0x00, 0x00, 0x00, 0x00, 0x00, 0x82, 0xff, 0xf7, 0x07, 0x00, 0x00, 0x5d, 0xff,
    0xfc, 0x0f, 0x00, 0x00, 0x7b, 0xff, 0xee, 0x02, 0x00, 0x00, 0x6d, 0xff, 0xfe, 0x16, 0x00, 0x00,
    0x00, 0x00, 0x00, 0x00, 0x3f, 0xff, 0xff, 0x3f, 0x00, 0x00, 0x9e, 0xff, 0xc8, 0x00, 0x00, 0x00,
    0x38, 0xff, 0xff, 0x31, 0x00, 0x00, 0xad, 0xff, 0xd1, 0x00, 0x00, 0x00, 0x00, 0x00, 0x00, 0x00,
    0x06, 0xf4, 0xff, 0x7f, 0x00, 0x00, 0xdf, 0xff, 0x85, 0x00, 0x00, 0x00, 0x03, 0xf0, 0xff, 0x73,
    0x00, 0x01, 0xeb, 0xff, 0x8d, 0x00, 0x00, 0x00, 0x00, 0x00, 0x00, 0x00, 0x00, 0xb7, 0xff, 0xbc,
    0x00, 0x1f, 0xff, 0xff, 0x42, 0x00, 0x00, 0x00, 0x00, 0xb1, 0xff, 0xb1, 0x00, 0x2a, 0xff, 0xff,
    0x49, 0x00, 0x00, 0x00, 0x00, 0x00, 0x00, 0x00, 0x00, 0x74, 0xff, 0xf3, 0x03, 0x5d, 0xff, 0xf7,
    0x08, 0x00, 0x00, 0x00, 0x00, 0x6e, 0xff, 0xed, 0x01, 0x66, 0xff, 0xfa, 0x0b, 0x00, 0x00, 0x00,
    0x00, 0x00, 0x00, 0x00, 0x00, 0x30, 0xff, 0xff, 0x2f, 0x99, 0xff, 0xbc, 0x00, 0x00, 0x00, 0x00,
    0x00, 0x2a, 0xff, 0xff, 0x28, 0xa0, 0xff, 0xc1, 0x00, 0x00, 0x00, 0x00, 0x00, 0x00, 0x00, 0x00,
    0x00, 0x01, 0xeb, 0xff, 0x65, 0xd1, 0xff, 0x79, 0x00, 0x00, 0x00, 0x00, 0x00, 0x00, 0xe6, 0xff,
    0x60, 0xd6, 0xff, 0x7d, 0x00, 0x00, 0x00, 0x00, 0x00, 0x00, 0x00, 0x00, 0x00, 0x00, 0xa9, 0xff,
    0xa1, 0xfc, 0xff, 0x36, 0x00, 0x00, 0x00, 0x00, 0x00, 0x00, 0xa4, 0xff, 0xa2, 0xfd, 0xff, 0x39,
    0x00, 0x00, 0x00, 0x00, 0x00, 0x00, 0x00, 0x00, 0x00, 0x00, 0x65, 0xff, 0xfc, 0xff, 0xf0, 0x03,
    0x00, 0x00, 0x00, 0x00, 0x00, 0x00, 0x60, 0xff, 0xff, 0xff, 0xf1, 0x04, 0x00, 0x00, 0x00, 0x00,
    0x00, 0x00, 0x00, 0x00, 0x00, 0x00, 0x21, 0xff, 0xff, 0xff, 0xb0, 0x00, 0x00, 0x00, 0x00, 0x00,
    0x00, 0x00, 0x1d, 0xff, 0xff, 0xff, 0xb1, 0x00, 0x00, 0x00, 0x00, 0x00, 0x00, 0x00, 0x00, 0x00,
    0x00, 0x00, 0x00, 0xde, 0xff, 0xff, 0x6d, 0x00, 0x00, 0x00, 0x00, 0x00, 0x00, 0x00, 0x00, 0xda,
    0xff, 0xff, 0x6d, 0x00, 0x00, 0x00, 0x00, 0x00, 0x00, 0x00, 0x33, 0xfb, 0xff, 0xca, 0x03, 0x00,
    0x00, 0x00, 0x00, 0x00, 0x00, 0x00, 0x00, 0x45, 0xff, 0xff, 0xa9, 0x00, 0x00, 0x00, 0x83, 0xff,
    0xff, 0x73, 0x00, 0x00, 0x00, 0x00, 0x00, 0x00, 0x00, 0x0c, 0xe0, 0xff, 0xe8, 0x14, 0x00, 0x00,
    0x00, 0x06, 0xd2, 0xff, 0xf5, 0x22, 0x00, 0x00, 0x00, 0x00, 0x00, 0x00, 0x96, 0xff, 0xff, 0x50,
    0x00, 0x00, 0x00, 0x00, 0x00, 0x31, 0xfb, 0xff, 0xbd, 0x00, 0x00, 0x00, 0x00, 0x00, 0x40, 0xfe,
    0xff, 0xa3, 0x00, 0x00, 0x00, 0x00, 0x00, 0x00, 0x00, 0x81, 0xff, 0xff, 0x63, 0x00, 0x00, 0x00,
    0x0a, 0xdd, 0xff, 0xe6, 0x11, 0x00, 0x00, 0x00, 0x00, 0x00, 0x00, 0x00, 0x05, 0xd0, 0xff, 0xef,
    0x17, 0x00, 0x00, 0x8b, 0xff, 0xff, 0x4b, 0x00, 0x00, 0x00, 0x00, 0x00, 0x00, 0x00, 0x00, 0x00,
    0x30, 0xfa, 0xff, 0xa1, 0x00, 0x2b, 0xfb, 0xff, 0x9d, 0x00, 0x00, 0x00, 0x00, 0x00, 0x00, 0x00,
    0x00, 0x00, 0x00, 0x00, 0x80, 0xff, 0xfe, 0x33, 0xb8, 0xff, 0xe2, 0x0e, 0x00, 0x00, 0x00, 0x00,
    0x00, 0x00, 0x00, 0x00, 0x00, 0x00, 0x00, 0x05, 0xcf, 0xff, 0xec, 0xff, 0xff, 0x45, 0x00, 0x00,
    0x00, 0x00, 0x00, 0x00, 0x00, 0x00, 0x00, 0x00, 0x00, 0x00, 0x00, 0x2f, 0xff, 0xff, 0xff, 0x98,
    0x00, 0x00, 0x00, 0x00, 0x00, 0x00, 0x00, 0x00, 0x00, 0x00, 0x00, 0x00, 0x00, 0x00, 0x06, 0xff,
    0xff, 0xff, 0x71, 0x00, 0x00, 0x00, 0x00, 0x00, 0x00, 0x00, 0x00, 0x00, 0x00, 0x00, 0x00, 0x00,
    0x00, 0x87, 0xff, 0xff, 0xff, 0xf1, 0x1d, 0x00, 0x00, 0x00, 0x00, 0x00, 0x00, 0x00, 0x00, 0x00,
    0x00, 0x00, 0x00, 0x38, 0xfc, 0xff, 0x77, 0xee, 0xff, 0xb9, 0x00, 0x00, 0x00, 0x00, 0x00, 0x00,
    0x00, 0x00, 0x00, 0x00, 0x00, 0x09, 0xd8, 0xff, 0xd6, 0x04, 0x73, 0xff, 0xff, 0x64, 0x00, 0x00,
    0x00, 0x00, 0x00, 0x00, 0x00, 0x00, 0x00, 0x00, 0x90, 0xff, 0xff, 0x41, 0x00, 0x05, 0xd4, 0xff,
    0xf1, 0x1d, 0x00, 0x00, 0x00, 0x00, 0x00, 0x00, 0x00, 0x00, 0x3f, 0xfe, 0xff, 0x9b, 0x00, 0x00,
    0x00, 0x37, 0xfd, 0xff, 0xb8, 0x00, 0x00, 0x00, 0x00, 0x00, 0x00, 0x00, 0x0c, 0xde, 0xff, 0xe4,
    0x0f, 0x00, 0x00, 0x00, 0x00, 0x8e, 0xff, 0xff, 0x64, 0x00, 0x00, 0x00, 0x00, 0x00, 0x00, 0x99,
    0xff, 0xff, 0x4b, 0x00, 0x00, 0x00, 0x00, 0x00, 0x0a, 0xdc, 0xff, 0xf1, 0x1d, 0x00, 0x00, 0x00,
    0x00, 0x46, 0xff, 0xff, 0xa1, 0x00, 0x00, 0x00, 0x00, 0x00, 0x00, 0x00, 0x40, 0xfe, 0xff, 0xb8,
    0x00, 0x00, 0x00, 0x0f, 0xe3, 0xff, 0xe7, 0x11, 0x00, 0x00, 0x00, 0x00, 0x00, 0x00, 0x00, 0x00,
    0x97, 0xff, 0xff, 0x63, 0x00, 0x00, 0xa1, 0xff, 0xff, 0x50, 0x00, 0x00, 0x00, 0x00, 0x00, 0x00,
    0x00, 0x00, 0x00, 0x0d, 0xe2, 0xff, 0xf1, 0x1d, 0x32, 0xfd, 0xff, 0xcc, 0x02, 0x00, 0x00, 0x00,
    0x00, 0x00, 0x00, 0x00, 0x00, 0x00, 0x4f, 0xff, 0xff, 0xae, 0x00, 0x00, 0x94, 0xff, 0xff, 0x65,
    0x00, 0x00, 0x00, 0x00, 0x00, 0x00, 0x00, 0x00, 0x07, 0xdd, 0xff, 0xf5, 0x1e, 0x00, 0x00, 0x10,
    0xe9, 0xff, 0xea, 0x10, 0x00, 0x00, 0x00, 0x00, 0x00, 0x00, 0x00, 0x7b, 0xff, 0xff, 0x78, 0x00,
    0x00, 0x00, 0x00, 0x5f, 0xff, 0xff, 0x92, 0x00, 0x00, 0x00, 0x00, 0x00, 0x00, 0x1b, 0xf4, 0xff,
    0xd7, 0x06, 0x00, 0x00, 0x00, 0x00, 0x01, 0xc3, 0xff, 0xfb, 0x2c, 0x00, 0x00, 0x00, 0x00, 0x00,
    0xa7, 0xff, 0xff, 0x43, 0x00, 0x00, 0x00, 0x00, 0x00, 0x00, 0x2d, 0xfb, 0xff, 0xbe, 0x00, 0x00,
    0x00, 0x00, 0x3c, 0xff, 0xff, 0xa7, 0x00, 0x00, 0x00, 0x00, 0x00, 0x00, 0x00, 0x00, 0x8f, 0xff,
    0xff, 0x55, 0x00, 0x00, 0x02, 0xcf, 0xff, 0xf2, 0x1a, 0x00, 0x00, 0x00, 0x00, 0x00, 0x00, 0x00,
    0x00, 0x0e, 0xe6, 0xff, 0xdd, 0x06, 0x00, 0x62, 0xff, 0xff, 0x71, 0x00, 0x00, 0x00, 0x00, 0x00,
    0x00, 0x00, 0x00, 0x00, 0x00, 0x5a, 0xff, 0xff, 0x70, 0x09, 0xe4, 0xff, 0xd2, 0x04, 0x00, 0x00,
    0x00, 0x00, 0x00, 0x00, 0x00, 0x00, 0x00, 0x00, 0x00, 0xbe, 0xff, 0xe7, 0x73, 0xff, 0xfe, 0x3c,
    0x00, 0x00, 0x00, 0x00, 0x00, 0x00, 0x00, 0x00, 0x00, 0x00, 0x00, 0x00, 0x2a, 0xfa, 0xff, 0xff,
    0xff, 0xa0, 0x00, 0x00, 0x00, 0x00, 0x00, 0x00, 0x00, 0x00, 0x00, 0x00, 0x00, 0x00, 0x00, 0x00,
    0x8a, 0xff, 0xff, 0xef, 0x16, 0x00, 0x00, 0x00, 0x00, 0x00, 0x00, 0x00, 0x00, 0x00, 0x00, 0x00,
    0x00, 0x00, 0x00, 0x0c, 0xff, 0xff, 0x87, 0x00, 0x00, 0x00, 0x00, 0x00, 0x00, 0x00, 0x00, 0x00,
    0x00, 0x00, 0x00, 0x00, 0x00, 0x00, 0x00, 0xff, 0xff, 0x7c, 0x00, 0x00, 0x00, 0x00, 0x00, 0x00,
    0x00, 0x00, 0x00, 0x00, 0x00, 0x00, 0x00, 0x00, 0x00, 0x00, 0xff, 0xff, 0x7c, 0x00, 0x00, 0x00,
    0x00, 0x00, 0x00, 0x00, 0x00, 0x00, 0x00, 0x00, 0x00, 0x00, 0x00, 0x00, 0x00, 0xff, 0xff, 0x7c,
    0x00, 0x00, 0x00, 0x00, 0x00, 0x00, 0x00, 0x00, 0x00, 0x00, 0x00, 0x00, 0x00, 0x00, 0x00, 0x00,
    0xff, 0xff, 0x7c, 0x00, 0x00, 0x00, 0x00, 0x00, 0x00, 0x00, 0x00, 0x00, 0x00, 0x00, 0x00, 0x00,
    0x00, 0x00, 0x00, 0xff, 0xff, 0x7c, 0x00, 0x00, 0x00, 0x00, 0x00, 0x00, 0x00, 0x00, 0x00, 0x00,
    0x00, 0x00, 0x00, 0x00, 0x00, 0x00, 0xff, 0xff, 0x7c, 0x00, 0x00, 0x00, 0x00, 0x00, 0x00, 0x00,
    0x00, 0x00, 0x00, 0x00, 0x00, 0x00, 0x00, 0x00, 0x00, 0xff, 0xff, 0x7c, 0x00, 0x00, 0x00, 0x00,
    0x00, 0x00, 0x00, 0x00, 0x00, 0x00, 0x00, 0x00, 0x00, 0x00, 0x00, 0x00, 0xff, 0xff, 0x7c, 0x00,
    0x00, 0x00, 0x00, 0x00, 0x00, 0x00, 0x00, 0x00, 0x00, 0xff, 0xff, 0xff, 0xff, 0xff, 0xff, 0xff,
    0xff, 0xff, 0xff, 0xff, 0xff, 0xff, 0xff, 0x00, 0x00, 0x00, 0x00, 0xff, 0xff, 0xff, 0xff, 0xff,
    0xff, 0xff, 0xff, 0xff, 0xff, 0xff, 0xff, 0xff, 0xfe, 0x00, 0x00, 0x00, 0x00, 0x48, 0x48, 0x48,
    0x48, 0x48, 0x48, 0x48, 0x48, 0x48, 0x48, 0x6c, 0xff, 0xff, 0x9a, 0x00, 0x00, 0x00, 0x00, 0x00,
    0x00, 0x00, 0x00, 0x00, 0x00, 0x00, 0x00, 0x00, 0x04, 0xcb, 0xff, 0xe5, 0x0f, 0x00, 0x00, 0x00,
    0x00, 0x00, 0x00, 0x00, 0x00, 0x00, 0x00, 0x00, 0x00, 0x00, 0x80, 0xff, 0xff, 0x4e, 0x00, 0x00,
    0x00, 0x00, 0x00, 0x00, 0x00, 0x00, 0x00, 0x00, 0x00, 0x00, 0x00, 0x2f, 0xfa, 0xff, 0xa7, 0x00,
    0x00, 0x00, 0x00, 0x00, 0x00, 0x00, 0x00, 0x00, 0x00, 0x00, 0x00, 0x00, 0x03, 0xcc, 0xff, 0xeb,
    0x15, 0x00, 0x00, 0x00, 0x00, 0x00, 0x00, 0x00, 0x00, 0x00, 0x00, 0x00, 0x00, 0x00, 0x77, 0xff,
    0xff, 0x5b, 0x00, 0x00, 0x00, 0x00, 0x00, 0x00, 0x00, 0x00, 0x00, 0x00, 0x00, 0x00, 0x00, 0x25,
    0xf7, 0xff, 0xb5, 0x00, 0x00, 0x00, 0x00, 0x00, 0x00, 0x00, 0x00, 0x00, 0x00, 0x00, 0x00, 0x00,
    0x01, 0xc1, 0xff, 0xf2, 0x1d, 0x00, 0x00, 0x00, 0x00, 0x00, 0x00, 0x00, 0x00, 0x00, 0x00, 0x00,
    0x00, 0x00, 0x69, 0xff, 0xff, 0x68, 0x00, 0x00, 0x00, 0x00, 0x00, 0x00, 0x00, 0x00, 0x00, 0x00,
    0x00, 0x00, 0x00, 0x1c, 0xf1, 0xff, 0xc1, 0x01, 0x00, 0x00, 0x00, 0x00, 0x00, 0x00, 0x00, 0x00,
    0x00, 0x00, 0x00, 0x00, 0x00, 0xb4, 0xff, 0xf7, 0x25, 0x00, 0x00, 0x00, 0x00, 0x00, 0x00, 0x00,
    0x00, 0x00, 0x00, 0x00, 0x00, 0x00, 0x5b, 0xff, 0xff, 0x76, 0x00, 0x00, 0x00, 0x00, 0x00, 0x00,
    0x00, 0x00, 0x00, 0x00, 0x00, 0x00, 0x00, 0x15, 0xeb, 0xff, 0xcc, 0x03, 0x00, 0x00, 0x00, 0x00,
    0x00, 0x00, 0x00, 0x00, 0x00, 0x00, 0x00, 0x00, 0x00, 0xa7, 0xff, 0xfa, 0x2f, 0x00, 0x00, 0x00,
    0x00, 0x00, 0x00, 0x00, 0x00, 0x00, 0x00, 0x00, 0x00, 0x00, 0x4c, 0xff, 0xff, 0x7c, 0x00, 0x00,
    0x00, 0x00, 0x00, 0x00, 0x00, 0x00, 0x00, 0x00, 0x00, 0x00, 0x00, 0x0e, 0xe3, 0xff, 0xc9, 0x03,
    0x00, 0x00, 0x00, 0x00, 0x00, 0x00, 0x00, 0x00, 0x00, 0x00, 0x00, 0x00, 0x00, 0x99, 0xff, 0xff,
    0x6a, 0x48, 0x48, 0x48, 0x48, 0x48, 0x48, 0x48, 0x48, 0x48, 0x48, 0x00, 0x00, 0x00, 0x00, 0xfe,
    0xff, 0xff, 0xff, 0xff, 0xff, 0xff, 0xff, 0xff, 0xff, 0xff, 0xff, 0xff, 0xff, 0x00, 0x00, 0x00,
    0x00, 0xff, 0xff, 0xff, 0xff, 0xff, 0xff, 0xff, 0xff, 0xff, 0xff, 0xff, 0xff, 0xff, 0xff, 0x00,
    0x00, 0x00, 0x00, 0x00, 0x48, 0x48, 0x48, 0x48, 0x48, 0x24, 0x00, 0x00, 0x00, 0x00, 0xff, 0xff,
    0xff, 0xff, 0xff, 0x80, 0x00, 0x00, 0x00, 0x00, 0xff, 0xff, 0xff, 0xff, 0xff, 0x80, 0x00, 0x00,
    0x00, 0x00, 0xff, 0xff, 0x7c, 0x00, 0x00, 0x00, 0x00, 0x00, 0x00, 0x00, 0xff, 0xff, 0x7c, 0x00,
    0x00, 0x00, 0x00, 0x00, 0x00, 0x00, 0xff, 0xff, 0x7c, 0x00, 0x00, 0x00, 0x00, 0x00, 0x00, 0x00,
    0xff, 0xff, 0x7c, 0x00, 0x00, 0x00, 0x00, 0x00, 0x00, 0x00, 0xff, 0xff, 0x7c, 0x00, 0x00, 0x00,
    0x00, 0x00, 0x00, 0x00, 0xff, 0xff, 0x7c, 0x00, 0x00, 0x00, 0x00, 0x00, 0x00, 0x00, 0xff, 0xff,
    0x7c, 0x00, 0x00, 0x00, 0x00, 0x00, 0x00, 0x00, 0xff, 0xff, 0x7c, 0x00, 0x00, 0x00, 0x00, 0x00,
    0x00, 0x00, 0xff, 0xff, 0x7c, 0x00, 0x00, 0x00, 0x00, 0x00, 0x00, 0x00, 0xff, 0xff, 0x7c, 0x00,
    0x00, 0x00, 0x00, 0x00, 0x00, 0x00, 0xff, 0xff, 0x7c, 0x00, 0x00, 0x00, 0x00, 0x00, 0x00, 0x00,
    0xff, 0xff, 0x7c, 0x00, 0x00, 0x00, 0x00, 0x00, 0x00, 0x00, 0xff, 0xff, 0x7c, 0x00, 0x00, 0x00,
    0x00, 0x00, 0x00, 0x00, 0xff, 0xff, 0x7c, 0x00, 0x00, 0x00, 0x00, 0x00, 0x00, 0x00, 0xff, 0xff,
    0x7c, 0x00, 0x00, 0x00, 0x00, 0x00, 0x00, 0x00, 0xff, 0xff, 0x7c, 0x00, 0x00, 0x00, 0x00, 0x00,
    0x00, 0x00, 0xff, 0xff, 0x7c, 0x00, 0x00, 0x00, 0x00, 0x00, 0x00, 0x00, 0xff, 0xff, 0x7c, 0x00,
    0x00, 0x00, 0x00, 0x00, 0x00, 0x00, 0xff, 0xff, 0x7c, 0x00, 0x00, 0x00, 0x00, 0x00, 0x00, 0x00,
    0xff, 0xff, 0x7c, 0x00, 0x00, 0x00, 0x00, 0x00, 0x00, 0x00, 0xff, 0xff, 0x7c, 0x00, 0x00, 0x00,
    0x00, 0x00, 0x00, 0x00, 0xff, 0xff, 0xa1, 0x48, 0x48, 0x24, 0x00, 0x00, 0x00, 0x00, 0xff, 0xff,
    0xff, 0xff, 0xff, 0x80, 0x00, 0x00, 0x00, 0x00, 0xff, 0xff, 0xff, 0xff, 0xff, 0x80, 0x00, 0x3f,
    0xff, 0xfb, 0x0d, 0x00, 0x00, 0x00, 0x00, 0x00, 0x00, 0x06, 0xf5, 0xff, 0x4c, 0x00, 0x00, 0x00,
    0x00, 0x00, 0x00, 0x00, 0xb8, 0xff, 0x8f, 0x00, 0x00, 0x00, 0x00, 0x00, 0x00, 0x00, 0x75, 0xff,
    0xd2, 0x00, 0x00, 0x00, 0x00, 0x00, 0x00, 0x00, 0x32, 0xff, 0xfe, 0x16, 0x00, 0x00, 0x00, 0x00,
    0x00, 0x00, 0x02, 0xec, 0xff, 0x59, 0x00, 0x00, 0x00, 0x00, 0x00, 0x00, 0x00, 0xab, 0xff, 0x9c,
    0x00, 0x00, 0x00, 0x00, 0x00, 0x00, 0x00, 0x68, 0xff, 0xdf, 0x00, 0x00, 0x00, 0x00, 0x00, 0x00,
    0x00, 0x25, 0xff, 0xff, 0x22, 0x00, 0x00, 0x00, 0x00, 0x00, 0x00, 0x00, 0xe2, 0xff, 0x65, 0x00,
    0x00, 0x00, 0x00, 0x00, 0x00, 0x00, 0x9f, 0xff, 0xa9, 0x00, 0x00, 0x00, 0x00, 0x00, 0x00, 0x00,
    0x5b, 0xff, 0xeb, 0x01, 0x00, 0x00, 0x00, 0x00, 0x00, 0x00, 0x18, 0xff, 0xff, 0x2f, 0x00, 0x00,
    0x00, 0x00, 0x00, 0x00, 0x00, 0xd5, 0xff, 0x72, 0x00, 0x00, 0x00, 0x00, 0x00, 0x00, 0x00, 0x92,
    0xff, 0xb5, 0x00, 0x00, 0x00, 0x00, 0x00, 0x00, 0x00, 0x4f, 0xff, 0xf3, 0x05, 0x00, 0x00, 0x00,
    0x00, 0x00, 0x00, 0x0f, 0xfc, 0xff, 0x3c, 0x00, 0x00, 0x00, 0x00, 0x00, 0x00, 0x00, 0xc8, 0xff,
    0x7f, 0x00, 0x00, 0x00, 0x00, 0x00, 0x00, 0x00, 0x85, 0xff, 0xc2, 0x00, 0x00, 0x00, 0x00, 0x00,
    0x00, 0x00, 0x42, 0xff, 0xfa, 0x0b, 0x00, 0x00, 0x00, 0x00, 0x00, 0x00, 0x07, 0xf6, 0xff, 0x49,
    0x00, 0x00, 0x00, 0x00, 0x00, 0x00, 0x00, 0xbb, 0xff, 0x8c, 0x00, 0x00, 0x00, 0x00, 0x00, 0x00,
    0x00, 0x78, 0xff, 0xcf, 0x00, 0x00, 0x00, 0x00, 0x00, 0x00, 0x00, 0x35, 0xff, 0xfe, 0x14, 0x00,
    0x00, 0x00, 0x00, 0x00, 0x00, 0x02, 0xee, 0xff, 0x56, 0x00, 0x00, 0x48, 0x48, 0x48, 0x48, 0x48,
    0x22, 0x00, 0x00, 0x00, 0x00, 0x00, 0xff, 0xff, 0xff, 0xff, 0xff, 0x7c, 0x00, 0x00, 0x00, 0x00,
    0x00, 0xff, 0xff, 0xff, 0xff, 0xff, 0x7c, 0x00, 0x00, 0x00, 0x00, 0x00, 0x00, 0x00, 0x00, 0xff,
    0xff, 0x7c, 0x00, 0x00, 0x00, 0x00, 0x00, 0x00, 0x00, 0x00, 0xff, 0xff, 0x7c, 0x00, 0x00, 0x00,
    0x00, 0x00, 0x00, 0x00, 0x00, 0xff, 0xff, 0x7c, 0x00, 0x00, 0x00, 0x00, 0x00, 0x00, 0x00, 0x00,
    0xff, 0xff, 0x7c, 0x00, 0x00, 0x00, 0x00, 0x00, 0x00, 0x00, 0x00, 0xff, 0xff, 0x7c, 0x00, 0x00,
    0x00, 0x00, 0x00, 0x00, 0x00, 0x00, 0xff, 0xff, 0x7c, 0x00, 0x00, 0x00, 0x00, 0x00, 0x00, 0x00,
    0x00, 0xff, 0xff, 0x7c, 0x00, 0x00, 0x00, 0x00, 0x00, 0x00, 0x00, 0x00, 0xff, 0xff, 0x7c, 0x00,
    0x00, 0x00, 0x00, 0x00, 0x00, 0x00, 0x00, 0xff, 0xff, 0x7c, 0x00, 0x00, 0x00, 0x00, 0x00, 0x00,
    0x00, 0x00, 0xff, 0xff, 0x7c, 0x00, 0x00, 0x00, 0x00, 0x00, 0x00, 0x00, 0x00, 0xff, 0xff, 0x7c,
    0x00, 0x00, 0x00, 0x00, 0x00, 0x00, 0x00, 0x00, 0xff, 0xff, 0x7c, 0x00, 0x00, 0x00, 0x00, 0x00,
    0x00, 0x00, 0x00, 0xff, 0xff, 0x7c, 0x00, 0x00, 0x00, 0x00, 0x00, 0x00, 0x00, 0x00, 0xff, 0xff,
    0x7c, 0x00, 0x00, 0x00, 0x00, 0x00, 0x00, 0x00, 0x00, 0xff, 0xff, 0x7c, 0x00, 0x00, 0x00, 0x00,
    0x00, 0x00, 0x00, 0x00, 0xff, 0xff, 0x7c, 0x00, 0x00, 0x00, 0x00, 0x00, 0x00, 0x00, 0x00, 0xff,
    0xff, 0x7c, 0x00, 0x00, 0x00, 0x00, 0x00, 0x00, 0x00, 0x00, 0xff, 0xff, 0x7c, 0x00, 0x00, 0x00,
    0x00, 0x00, 0x00, 0x00, 0x00, 0xff, 0xff, 0x7c, 0x00, 0x00, 0x00, 0x00, 0x00, 0x00, 0x00, 0x00,
    0xff, 0xff, 0x7c, 0x00, 0x00, 0x00, 0x00, 0x00, 0x00, 0x00, 0x00, 0xff, 0xff, 0x7c, 0x00, 0x00,
    0x00, 0x00, 0x00, 0x48, 0x48, 0x48, 0xff, 0xff, 0x7c, 0x00, 0x00, 0x00, 0x00, 0x00, 0xff, 0xff,
    0xff, 0xff, 0xff, 0x7c, 0x00, 0x00, 0x00, 0x00, 0x00, 0xff, 0xff, 0xff, 0xff, 0xff, 0x7c, 0x00,
    0x00, 0x00, 0x00, 0x00, 0x00, 0x00, 0x00, 0x1b, 0x1c, 0x1a, 0x00, 0x00, 0x00, 0x00, 0x00, 0x00,
    0x00, 0x00, 0x00, 0x39, 0xff, 0xff, 0xff, 0x39, 0x00, 0x00, 0x00, 0x00, 0x00, 0x00, 0x00, 0x00,
    0xb2, 0xff, 0xff, 0xff, 0xb2, 0x00, 0x00, 0x00, 0x00, 0x00, 0x00, 0x00, 0x2b, 0xfe, 0xff, 0x92,
    0xff, 0xfe, 0x2c, 0x00, 0x00, 0x00, 0x00, 0x00, 0x00, 0xa3, 0xff, 0xc0, 0x00, 0xc7, 0xff, 0xa3,
    0x00, 0x00, 0x00, 0x00, 0x00, 0x1f, 0xfb, 0xff, 0x4a, 0x00, 0x4e, 0xff, 0xfb, 0x20, 0x00, 0x00,
    0x00, 0x00, 0x94, 0xff, 0xd3, 0x00, 0x00, 0x01, 0xd4, 0xff, 0x95, 0x00, 0x00, 0x00, 0x15, 0xf6,
    0xff, 0x5e, 0x00, 0x00, 0x00, 0x5d, 0xff, 0xf7, 0x17, 0x00, 0x00, 0x85, 0xff, 0xe3, 0x05, 0x00,
    0x00, 0x00, 0x04, 0xdf, 0xff, 0x87, 0x00, 0x00, 0x8f, 0xa0, 0x55, 0x00, 0x00, 0x00, 0x00, 0x00,
    0x51, 0xa0, 0x91, 0x01, 0x00, 0x00, 0x00, 0x00, 0x00, 0x00, 0x00, 0x00, 0x00, 0x00, 0x00, 0x00,
    0x00, 0x00, 0x00, 0x00, 0x00, 0x00, 0x00, 0x00, 0x00, 0x00, 0x00, 0x00, 0x00, 0x00, 0x00, 0x00,
    0x00, 0x00, 0x00, 0x00, 0x00, 0x00, 0x00, 0x00, 0x00, 0x00, 0x00, 0x00, 0x00, 0x00, 0x00, 0x00,
    0x00, 0x00, 0x00, 0x00, 0x00, 0x00, 0x00, 0x00, 0x00, 0x00, 0x00, 0x00, 0x00, 0x00, 0x00, 0x00,
    0x00, 0x00, 0x00, 0x00, 0x00, 0x00, 0x00, 0x00, 0x00, 0x00, 0x00, 0x00, 0x00, 0x00, 0x00, 0x00,
    0x00, 0x00, 0x00, 0x00, 0x00, 0x00, 0x00, 0x00, 0x00, 0x00, 0x00, 0x00, 0x00, 0x00, 0x00, 0x00,
    0x00, 0x00, 0x00, 0x00, 0x00, 0x00, 0x00, 0x00, 0x00, 0x00, 0x00, 0x00, 0x00, 0x00, 0x00, 0x00,
    0x00, 0x00, 0x00, 0x00, 0x00, 0x00, 0x00, 0x00, 0x00, 0x00, 0x00, 0x00, 0x00, 0x00, 0x00, 0x00,
    0x00, 0x00, 0x00, 0x00, 0x00, 0x00, 0x00, 0x00, 0x00, 0x00, 0x00, 0x00, 0x00, 0x00, 0x00, 0x00,
    0x00, 0x00, 0x00, 0x48, 0x48, 0x48, 0x48, 0x48, 0x48, 0x48, 0x48, 0x48, 0x48, 0x48, 0x48, 0x48,
    0xff, 0xff, 0xff, 0xff, 0xff, 0xff, 0xff, 0xff, 0xff, 0xff, 0xff, 0xff, 0xff, 0xff, 0xff, 0xff,
    0xff, 0xff, 0xff, 0xff, 0xff, 0xff, 0xff, 0xff, 0xff, 0xff, 0x00, 0x00, 0xa0, 0xff, 0xf4, 0x14,
    0x00, 0x00, 0x00, 0x00, 0x00, 0x10, 0xe6, 0xff, 0x83, 0x00, 0x00, 0x00, 0x00, 0x00, 0x00, 0x4e,
    0xff, 0xf0, 0x0e, 0x00, 0x00, 0x00, 0x00, 0x00, 0x00, 0xa5, 0xff, 0x7a, 0x00, 0x00, 0x00, 0x00,
    0x00, 0x00, 0x00, 0x00, 0x00, 0x00, 0x00, 0x00, 0x00, 0x00, 0x00, 0x00, 0x00, 0x00, 0x00, 0x00,
    0x00, 0x00, 0x00, 0x00, 0x00, 0x00, 0x00, 0x00, 0x00, 0x00, 0x00, 0x00, 0x00, 0x00, 0x00, 0x00,
    0x00, 0x00, 0x00, 0x00, 0x00, 0x00, 0x00, 0x00, 0x00, 0x00, 0x00, 0x00, 0x00, 0x00, 0x00, 0x00,
    0x00, 0x00, 0x00, 0x00, 0x00, 0x00, 0x00, 0x00, 0x00, 0x00, 0x00, 0x00, 0x00, 0x00, 0x00, 0x00,
    0x00, 0x00, 0x00, 0x00, 0x00, 0x00, 0x00, 0x00, 0x00, 0x00, 0x00, 0x00, 0x00, 0x00, 0x00, 0x00,
    0x00, 0x00, 0x00, 0x00, 0x00, 0x00, 0x00, 0x00, 0x00, 0x00, 0x00, 0x00, 0x00, 0x00, 0x00, 0x00,
    0x00, 0x00, 0x00, 0x00, 0x00, 0x00, 0x00, 0x00, 0x00, 0x00, 0x00, 0x00, 0x00, 0x00, 0x00, 0x00,
    0x00, 0x00, 0x00, 0x00, 0x00, 0x00, 0x00, 0x00, 0x00, 0x00, 0x00, 0x00, 0x00, 0x00, 0x00, 0x00,
    0x00, 0x00, 0x00, 0x00, 0x00, 0x00, 0x00, 0x00, 0x00, 0x00, 0x00, 0x00, 0x00, 0x00, 0x00, 0x00,
    0x00, 0x00, 0x00, 0x00, 0x00, 0x00, 0x00, 0x00, 0x00, 0x00, 0x00, 0x00, 0x00, 0x00, 0x00, 0x00,
    0x00, 0x00, 0x00, 0x04, 0x5b, 0xb3, 0xe6, 0xfa, 0xe9, 0xc6, 0x78, 0x0e, 0x00, 0x00, 0x00, 0x00,
    0x00, 0x00, 0x1b, 0xcd, 0xff, 0xff, 0xff, 0xff, 0xff, 0xff, 0xff, 0xdd, 0x22, 0x00, 0x00, 0x00,
    0x00, 0x06, 0xd5, 0xff, 0xff, 0xce, 0x71, 0x4f, 0x5b, 0xa9, 0xff, 0xff, 0xc5, 0x00, 0x00, 0x00,
    0x00, 0x52, 0xfd, 0xff, 0x93, 0x01, 0x00, 0x00, 0x00, 0x00, 0x87, 0xff, 0xff, 0x2f, 0x00, 0x00,
    0x00, 0x00, 0x18, 0x62, 0x05, 0x00, 0x00, 0x00, 0x00, 0x00, 0x1b, 0xff, 0xff, 0x62, 0x00, 0x00,
    0x00, 0x00, 0x00, 0x00, 0x00, 0x00, 0x00, 0x00, 0x00, 0x00, 0x0e, 0xff, 0xff, 0x77, 0x00, 0x00,
    0x00, 0x00, 0x00, 0x00, 0x00, 0x02, 0x24, 0x4a, 0x69, 0x8a, 0xd4, 0xff, 0xff, 0x7c, 0x00, 0x00,
    0x00, 0x00, 0x07, 0x5d, 0xba, 0xf6, 0xff, 0xff, 0xff, 0xff, 0xfe, 0xff, 0xff, 0x7c, 0x00, 0x00,
    0x00, 0x14, 0xd2, 0xff, 0xff, 0xff, 0xdf, 0xb6, 0x95, 0x69, 0x29, 0xff, 0xff, 0x7c, 0x00, 0x00,
    0x00, 0xa0, 0xff, 0xfe, 0x8a, 0x1c, 0x00, 0x00, 0x00, 0x00, 0x00, 0xff, 0xff, 0x7c, 0x00, 0x00,
    0x00, 0xea, 0xff, 0xab, 0x00, 0x00, 0x00, 0x00, 0x00, 0x00, 0x10, 0xff, 0xff, 0x7c, 0x00, 0x00,
    0x00, 0xf6, 0xff, 0x86, 0x00, 0x00, 0x00, 0x00, 0x00, 0x00, 0x5f, 0xff, 0xff, 0x7c, 0x00, 0x00,
    0x00, 0xd4, 0xff, 0xd3, 0x09, 0x00, 0x00, 0x00, 0x00, 0x2e, 0xec, 0xff, 0xff, 0x7c, 0x00, 0x00,
    0x00, 0x72, 0xff, 0xff, 0xd5, 0x6e, 0x4d, 0x5d, 0x9c, 0xf8, 0xd2, 0xff, 0xff, 0x7c, 0x00, 0x00,
    0x00, 0x03, 0xae, 0xff, 0xff, 0xff, 0xff, 0xff, 0xff, 0xe6, 0x26, 0xff, 0xff, 0x7c, 0x00, 0x00,
    0x00, 0x00, 0x01, 0x5e, 0xbf, 0xed, 0xf9, 0xdd, 0x8f, 0x16, 0x00, 0xff, 0xff, 0x7c, 0x00, 0x00,
    0x00, 0x00, 0xff, 0xff, 0x7c, 0x00, 0x00, 0x00, 0x00, 0x00, 0x00, 0x00, 0x00, 0x00, 0x00, 0x00,
    0x00, 0x00, 0x00, 0xff, 0xff, 0x7c, 0x00, 0x00, 0x00, 0x00, 0x00, 0x00, 0x00, 0x00, 0x00, 0x00,
    0x00, 0x00, 0x00, 0x00, 0xff, 0xff, 0x7c, 0x00, 0x00, 0x00, 0x00, 0x00, 0x00, 0x00, 0x00, 0x00,
    0x00, 0x00, 0x00, 0x00, 0x00, 0xff, 0xff, 0x7c, 0x00, 0x00, 0x00, 0x00, 0x00, 0x00, 0x00, 0x00,
    0x00, 0x00, 0x00, 0x00, 0x00, 0x00, 0xff, 0xff, 0x7c, 0x00, 0x00, 0x00, 0x00, 0x00, 0x00, 0x00,
    0x00, 0x00, 0x00, 0x00, 0x00, 0x00, 0x00, 0xff, 0xff, 0x7c, 0x00, 0x53, 0xc5, 0xf1, 0xf0, 0xcc,
    0x72, 0x0c, 0x00, 0x00, 0x00, 0x00, 0x00, 0x00, 0xff, 0xff, 0x7c, 0x73, 0xff, 0xff, 0xff, 0xff,
    0xff, 0xff, 0xd9, 0x20, 0x00, 0x00, 0x00, 0x00, 0x00, 0xff, 0xff, 0xb5, 0xfb, 0xe7, 0x7e, 0x53,
    0x65, 0xb8, 0xff, 0xff, 0xdd, 0x09, 0x00, 0x00, 0x00, 0x00, 0xff, 0xff, 0xff, 0xd2, 0x13, 0x00,
    0x00, 0x00, 0x00, 0x77, 0xff, 0xff, 0x82, 0x00, 0x00, 0x00, 0x00, 0xff, 0xff, 0xff, 0x34, 0x00,
    0x00, 0x00, 0x00, 0x00, 0x00, 0xc4, 0xff, 0xe5, 0x01, 0x00, 0x00, 0x00, 0xff, 0xff, 0xd0, 0x00,
    0x00, 0x00, 0x00, 0x00, 0x00, 0x00, 0x5c, 0xff, 0xff, 0x35, 0x00, 0x00, 0x00, 0xff, 0xff, 0x99,
    0x00, 0x00, 0x00, 0x00, 0x00, 0x00, 0x00, 0x21, 0xff, 0xff, 0x59, 0x00, 0x00, 0x00, 0xff, 0xff,
    0x84, 0x00, 0x00, 0x00, 0x00, 0x00, 0x00, 0x00, 0x09, 0xff, 0xff, 0x70, 0x00, 0x00, 0x00, 0xff,
    0xff, 0x86, 0x00, 0x00, 0x00, 0x00, 0x00, 0x00, 0x00, 0x0c, 0xff, 0xff, 0x6f, 0x00, 0x00, 0x00,
    0xff, 0xff, 0x9e, 0x00, 0x00, 0x00, 0x00, 0x00, 0x00, 0x00, 0x26, 0xff, 0xff, 0x58, 0x00, 0x00,
    0x00, 0xff, 0xff, 0xd9, 0x00, 0x00, 0x00, 0x00, 0x00, 0x00, 0x00, 0x64, 0xff, 0xff, 0x32, 0x00,
    0x00, 0x00, 0xff, 0xff, 0xff, 0x40, 0x00, 0x00, 0x00, 0x00, 0x00, 0x00, 0xcd, 0xff, 0xe4, 0x01,
    0x00, 0x00, 0x00, 0xff, 0xff, 0xff, 0xda, 0x17, 0x00, 0x00, 0x00, 0x00, 0x7e, 0xff, 0xff, 0x80,
    0x00, 0x00, 0x00, 0x00, 0xff, 0xff, 0xa6, 0xf2, 0xea, 0x7f, 0x53, 0x64, 0xba, 0xff, 0xff, 0xde,
    0x09, 0x00, 0x00, 0x00, 0x00, 0xff, 0xff, 0x7c, 0x59, 0xfe, 0xff, 0xff, 0xff, 0xff, 0xff, 0xdc,
    0x21, 0x00, 0x00, 0x00, 0x00, 0x00, 0xff, 0xff, 0x7c, 0x00, 0x41, 0xbc, 0xf0, 0xf2, 0xce, 0x77,
    0x0d, 0x00, 0x00, 0x00, 0x00, 0x00, 0x00, 0x00, 0x00, 0x1a, 0x86, 0xd0, 0xf1, 0xf5, 0xd1, 0x87,
    0x18, 0x00, 0x00, 0x00, 0x00, 0x00, 0x00, 0x00, 0x4f, 0xf5, 0xff, 0xff, 0xff, 0xff, 0xff, 0xff,
    0xf2, 0x4f, 0x00, 0x00, 0x00, 0x00, 0x00, 0x47, 0xfd, 0xff, 0xf4, 0x8c, 0x58, 0x5d, 0x97, 0xf8,
    0xff, 0xfa, 0x39, 0x00, 0x00, 0x00, 0x0b, 0xe1, 0xff, 0xe7, 0x24, 0x00, 0x00, 0x00, 0x00, 0x31,
    0xef, 0xff, 0xcd, 0x00, 0x00, 0x00, 0x5d, 0xff, 0xff, 0x50, 0x00, 0x00, 0x00, 0x00, 0x00, 0x00,
    0x72, 0xc7, 0x7f, 0x07, 0x00, 0x00, 0xb0, 0xff, 0xe0, 0x00, 0x00, 0x00, 0x00, 0x00, 0x00, 0x00,
    0x00, 0x00, 0x00, 0x00, 0x00, 0x00, 0xdb, 0xff, 0xa2, 0x00, 0x00, 0x00, 0x00, 0x00, 0x00, 0x00,
    0x00, 0x00, 0x00, 0x00, 0x00, 0x00, 0xf3, 0xff, 0x86, 0x00, 0x00, 0x00, 0x00, 0x00, 0x00, 0x00,
    0x00, 0x00, 0x00, 0x00, 0x00, 0x00, 0xf4, 0xff, 0x85, 0x00, 0x00, 0x00, 0x00, 0x00, 0x00, 0x00,
    0x00, 0x00, 0x00, 0x00, 0x00, 0x00, 0xdb, 0xff, 0xa0, 0x00, 0x00, 0x00, 0x00, 0x00, 0x00, 0x00,
    0x00, 0x00, 0x00, 0x00, 0x00, 0x00, 0xb0, 0xff, 0xde, 0x00, 0x00, 0x00, 0x00, 0x00, 0x00, 0x00,
    0x04, 0x01, 0x00, 0x00, 0x00, 0x00, 0x5d, 0xff, 0xff, 0x4d, 0x00, 0x00, 0x00, 0x00, 0x00, 0x00,
    0x6f, 0xe9, 0xa2, 0x0d, 0x00, 0x00, 0x0b, 0xe1, 0xff, 0xe5, 0x22, 0x00, 0x00, 0x00, 0x00, 0x2c,
    0xee, 0xff, 0xd0, 0x00, 0x00, 0x00, 0x00, 0x48, 0xfd, 0xff, 0xf3, 0x8b, 0x58, 0x5c, 0x95, 0xf6,
    0xff, 0xf6, 0x3a, 0x00, 0x00, 0x00, 0x00, 0x00, 0x52, 0xf6, 0xff, 0xff, 0xff, 0xff, 0xff, 0xff,
    0xf2, 0x41, 0x00, 0x00, 0x00, 0x00, 0x00, 0x00, 0x00, 0x1d, 0x8a, 0xd1, 0xf1, 0xf6, 0xd3, 0x89,
    0x19, 0x00, 0x00, 0x00, 0x00, 0x00, 0x00, 0x00, 0x00, 0x00, 0x00, 0x00, 0x00, 0x00, 0x00, 0x00,
    0x00, 0xff, 0xff, 0x7c, 0x00, 0x00, 0x00, 0x00, 0x00, 0x00, 0x00, 0x00, 0x00, 0x00, 0x00, 0x00,
    0x00, 0x00, 0xff, 0xff, 0x7c, 0x00, 0x00, 0x00, 0x00, 0x00, 0x00, 0x00, 0x00, 0x00, 0x00, 0x00,
    0x00, 0x00, 0x00, 0xff, 0xff, 0x7c, 0x00, 0x00, 0x00, 0x00, 0x00, 0x00, 0x00, 0x00, 0x00, 0x00,
    0x00, 0x00, 0x00, 0x00, 0xff, 0xff, 0x7c, 0x00, 0x00, 0x00, 0x00, 0x00, 0x00, 0x00, 0x00, 0x00,
    0x00, 0x00, 0x00, 0x00, 0x00, 0xff, 0xff, 0x7c, 0x00, 0x00, 0x00, 0x00, 0x00, 0x00, 0x32, 0xa3,
    0xdc, 0xf8, 0xe7, 0xa2, 0x21, 0x00, 0xff, 0xff, 0x7c, 0x00, 0x00, 0x00, 0x00, 0x00, 0x76, 0xfe,
    0xff, 0xff, 0xff, 0xff, 0xff, 0xef, 0x2d, 0xff, 0xff, 0x7c, 0x00, 0x00, 0x00, 0x00, 0x66, 0xff,
    0xff, 0xec, 0x81, 0x54, 0x63, 0xb2, 0xff, 0xd2, 0xff, 0xff, 0x7c, 0x00, 0x00, 0x00, 0x15, 0xef,
    0xff, 0xdb, 0x18, 0x00, 0x00, 0x00, 0x00, 0x6b, 0xff, 0xff, 0xff, 0x7c, 0x00, 0x00, 0x00, 0x6b,
    0xff, 0xff, 0x3f, 0x00, 0x00, 0x00, 0x00, 0x00, 0x00, 0xbb, 0xff, 0xff, 0x7c, 0x00, 0x00, 0x00,
    0xb9, 0xff, 0xd7, 0x00, 0x00, 0x00, 0x00, 0x00, 0x00, 0x00, 0x58, 0xff, 0xff, 0x7c, 0x00, 0x00,
    0x00, 0xde, 0xff, 0x9c, 0x00, 0x00, 0x00, 0x00, 0x00, 0x00, 0x00, 0x1f, 0xff, 0xff, 0x7c, 0x00,
    0x00, 0x00, 0xf5, 0xff, 0x84, 0x00, 0x00, 0x00, 0x00, 0x00, 0x00, 0x00, 0x09, 0xff, 0xff, 0x7c,
    0x00, 0x00, 0x00, 0xf4, 0xff, 0x86, 0x00, 0x00, 0x00, 0x00, 0x00, 0x00, 0x00, 0x0b, 0xff, 0xff,
    0x7c, 0x00, 0x00, 0x00, 0xdd, 0xff, 0xa0, 0x00, 0x00, 0x00, 0x00, 0x00, 0x00, 0x00, 0x22, 0xff,
    0xff, 0x7c, 0x00, 0x00, 0x00, 0xb7, 0xff, 0xdd, 0x00, 0x00, 0x00, 0x00, 0x00, 0x00, 0x00, 0x5e,
    0xff, 0xff, 0x7c, 0x00, 0x00, 0x00, 0x6a, 0xff, 0xff, 0x47, 0x00, 0x00, 0x00, 0x00, 0x00, 0x00,
    0xc4, 0xff, 0xff, 0x7c, 0x00, 0x00, 0x00, 0x14, 0xef, 0xff, 0xe0, 0x1c, 0x00, 0x00, 0x00, 0x00,
    0x76, 0xff, 0xff, 0xff, 0x7c, 0x00, 0x00, 0x00, 0x00, 0x66, 0xff, 0xff, 0xee, 0x83, 0x54, 0x62,
    0xb5, 0xff, 0xbe, 0xff, 0xff, 0x7c, 0x00, 0x00, 0x00, 0x00, 0x00, 0x79, 0xff, 0xff, 0xff, 0xff,
    0xff, 0xff, 0xe2, 0x1c, 0xff, 0xff, 0x7c, 0x00, 0x00, 0x00, 0x00, 0x00, 0x00, 0x35, 0xa8, 0xde,
    0xf8, 0xe4, 0x99, 0x16, 0x00, 0xff, 0xff, 0x7c, 0x00, 0x00, 0x00, 0x00, 0x00, 0x00, 0x26, 0x98,
    0xdc, 0xf9, 0xf1, 0xc6, 0x71, 0x0b, 0x00, 0x00, 0x00, 0x00, 0x00, 0x00, 0x00, 0x55, 0xf8, 0xff,
    0xff, 0xff, 0xff, 0xff, 0xff, 0xdc, 0x2a, 0x00, 0x00, 0x00, 0x00, 0x00, 0x4a, 0xfd, 0xff, 0xec,
    0x85, 0x55, 0x5f, 0xa7, 0xfd, 0xff, 0xe1, 0x14, 0x00, 0x00, 0x00, 0x0b, 0xe1, 0xff, 0xd4, 0x19,
    0x00, 0x00, 0x00, 0x00, 0x57, 0xfe, 0xff, 0x8f, 0x00, 0x00, 0x00, 0x5d, 0xff, 0xfc, 0x2c, 0x00,
    0x00, 0x00, 0x00, 0x00, 0x00, 0xa7, 0xff, 0xf3, 0x05, 0x00, 0x00, 0xaf, 0xff, 0xbc, 0x00, 0x00,
    0x00, 0x00, 0x00, 0x00, 0x00, 0x49, 0xff, 0xff, 0x3b, 0x00, 0x00, 0xdb, 0xff, 0xd3, 0x48, 0x48,
    0x48, 0x48, 0x48, 0x48, 0x48, 0x5e, 0xff, 0xff, 0x61, 0x00, 0x00, 0xf3, 0xff, 0xff, 0xff, 0xff,
    0xff, 0xff, 0xff, 0xff, 0xff, 0xff, 0xff, 0xff, 0x73, 0x00, 0x00, 0xf5, 0xff, 0xff, 0xff, 0xff,
    0xff, 0xff, 0xff, 0xff, 0xff, 0xff, 0xff, 0xff, 0x7c, 0x00, 0x00, 0xdc, 0xff, 0x94, 0x00, 0x00,
    0x00, 0x00, 0x00, 0x00, 0x00, 0x00, 0x00, 0x00, 0x00, 0x00, 0x00, 0xb3, 0xff, 0xca, 0x00, 0x00,
    0x00, 0x00, 0x00, 0x00, 0x00, 0x00, 0x00, 0x00, 0x00, 0x00, 0x00, 0x61, 0xff, 0xff, 0x33, 0x00,
    0x00, 0x00, 0x00, 0x00, 0x00, 0x29, 0x57, 0x15, 0x00, 0x00, 0x00, 0x0d, 0xe5, 0xff, 0xd8, 0x1e,
    0x00, 0x00, 0x00, 0x00, 0x0d, 0xcd, 0xff, 0xf7, 0x11, 0x00, 0x00, 0x00, 0x4c, 0xfe, 0xff, 0xef,
    0x90, 0x5a, 0x55, 0x7d, 0xe6, 0xff, 0xff, 0x83, 0x00, 0x00, 0x00, 0x00, 0x00, 0x53, 0xf5, 0xff,
    0xff, 0xff, 0xff, 0xff, 0xff, 0xff, 0x94, 0x03, 0x00, 0x00, 0x00, 0x00, 0x00, 0x00, 0x1b, 0x82,
    0xcd, 0xed, 0xf7, 0xdf, 0xa2, 0x39, 0x00, 0x00, 0x00, 0x00, 0x00, 0x00, 0x00, 0x00, 0x00, 0x00,
    0x22, 0x66, 0x7b, 0x67, 0x22, 0x00, 0x00, 0x00, 0x00, 0x01, 0x8d, 0xfd, 0xff, 0xff, 0xff, 0x75,
    0x00, 0x00, 0x00, 0x00, 0x71, 0xff, 0xff, 0xf6, 0xd1, 0xe2, 0x21, 0x00, 0x00, 0x00, 0x00, 0xda,
    0xff, 0xe3, 0x19, 0x00, 0x00, 0x00, 0x00, 0x00, 0x00, 0x00, 0xfb, 0xff, 0x8f, 0x00, 0x00, 0x00,
    0x00, 0x00, 0x00, 0x00, 0x00, 0xff, 0xff, 0x7c, 0x00, 0x00, 0x00, 0x00, 0x00, 0xff, 0xff, 0xff,
    0xff, 0xff, 0xff, 0xff, 0xff, 0xff, 0x00, 0x00, 0xff, 0xff, 0xff, 0xff, 0xff, 0xff, 0xff, 0xff,
    0xff, 0x00, 0x00, 0x48, 0x48, 0x48, 0xff, 0xff, 0xc4, 0x48, 0x48, 0x48, 0x00, 0x00, 0x00, 0x00,
    0x00, 0xff, 0xff, 0x7c, 0x00, 0x00, 0x00, 0x00, 0x00, 0x00, 0x00, 0x00, 0xff, 0xff, 0x7c, 0x00,
    0x00, 0x00, 0x00, 0x00, 0x00, 0x00, 0x00, 0xff, 0xff, 0x7c, 0x00, 0x00, 0x00, 0x00, 0x00, 0x00,
    0x00, 0x00, 0xff, 0xff, 0x7c, 0x00, 0x00, 0x00, 0x00, 0x00, 0x00, 0x00, 0x00, 0xff, 0xff, 0x7c,
    0x00, 0x00, 0x00, 0x00, 0x00, 0x00, 0x00, 0x00, 0xff, 0xff, 0x7c, 0x00, 0x00, 0x00, 0x00, 0x00,
    0x00, 0x00, 0x00, 0xff, 0xff, 0x7c, 0x00, 0x00, 0x00, 0x00, 0x00, 0x00, 0x00, 0x00, 0xff, 0xff,
    0x7c, 0x00, 0x00, 0x00, 0x00, 0x00, 0x00, 0x00, 0x00, 0xff, 0xff, 0x7c, 0x00, 0x00, 0x00, 0x00,
    0x00, 0x00, 0x00, 0x00, 0xff, 0xff, 0x7c, 0x00, 0x00, 0x00, 0x00, 0x00, 0x00, 0x00, 0x00, 0xff,
    0xff, 0x7c, 0x00, 0x00, 0x00, 0x00, 0x00, 0x00, 0x00, 0x00, 0xff, 0xff, 0x7c, 0x00, 0x00, 0x00,
    0x00, 0x00, 0x00, 0x00, 0x00, 0xff, 0xff, 0x7c, 0x00, 0x00, 0x00, 0x00, 0x00, 0x00, 0x00, 0x00,
    0x30, 0xa6, 0xde, 0xf8, 0xe2, 0x93, 0x12, 0x00, 0xf0, 0xff, 0x7c, 0x00, 0x00, 0x00, 0x00, 0x00,
    0x6e, 0xfe, 0xff, 0xff, 0xff, 0xff, 0xff, 0xdb, 0x14, 0xf0, 0xff, 0x7c, 0x00, 0x00, 0x00, 0x00,
    0x5a, 0xff, 0xff, 0xf0, 0x85, 0x54, 0x64, 0xb7, 0xff, 0xb0, 0xf4, 0xff, 0x7c, 0x00, 0x00, 0x00,
    0x0e, 0xe7, 0xff, 0xe3, 0x1e, 0x00, 0x00, 0x00, 0x00, 0x77, 0xff, 0xff, 0xff, 0x7c, 0x00, 0x00,
    0x00, 0x61, 0xff, 0xff, 0x4b, 0x00, 0x00, 0x00, 0x00, 0x00, 0x00, 0xc7, 0xff, 0xff, 0x7c, 0x00,
    0x00, 0x00, 0xaf, 0xff, 0xdf, 0x00, 0x00, 0x00, 0x00, 0x00, 0x00, 0x00, 0x60, 0xff, 0xff, 0x7c,
    0x00, 0x00, 0x00, 0xda, 0xff, 0xa2, 0x00, 0x00, 0x00, 0x00, 0x00, 0x00, 0x00, 0x24, 0xff, 0xff,
    0x7c, 0x00, 0x00, 0x00, 0xf1, 0xff, 0x87, 0x00, 0x00, 0x00, 0x00, 0x00, 0x00, 0x00, 0x0c, 0xff,
    0xff, 0x7c, 0x00, 0x00, 0x00, 0xf7, 0xff, 0x83, 0x00, 0x00, 0x00, 0x00, 0x00, 0x00, 0x00, 0x08,
    0xff, 0xff, 0x7c, 0x00, 0x00, 0x00, 0xe1, 0xff, 0x9a, 0x00, 0x00, 0x00, 0x00, 0x00, 0x00, 0x00,
    0x1c, 0xff, 0xff, 0x7c, 0x00, 0x00, 0x00, 0xc1, 0xff, 0xd3, 0x00, 0x00, 0x00, 0x00, 0x00, 0x00,
    0x00, 0x52, 0xff, 0xff, 0x7c, 0x00, 0x00, 0x00, 0x75, 0xff, 0xff, 0x38, 0x00, 0x00, 0x00, 0x00,
    0x00, 0x00, 0xb0, 0xff, 0xff, 0x7c, 0x00, 0x00, 0x00, 0x1d, 0xf6, 0xff, 0xd4, 0x13, 0x00, 0x00,
    0x00, 0x00, 0x5e, 0xff, 0xff, 0xff, 0x7c, 0x00, 0x00, 0x00, 0x00, 0x76, 0xff, 0xff, 0xe7, 0x7d,
    0x52, 0x60, 0xaa, 0xfe, 0xb1, 0xff, 0xff, 0x7c, 0x00, 0x00, 0x00, 0x00, 0x01, 0x8c, 0xff, 0xff,
    0xff, 0xff, 0xff, 0xff, 0xdb, 0x13, 0xff, 0xff, 0x7c, 0x00, 0x00, 0x00, 0x00, 0x00, 0x00, 0x41,
    0xaf, 0xe3, 0xf9, 0xe2, 0x93, 0x12, 0x00, 0xff, 0xff, 0x7c, 0x00, 0x00, 0x00, 0x00, 0x00, 0x00,
    0x00, 0x00, 0x00, 0x00, 0x00, 0x00, 0x00, 0x06, 0xff, 0xff, 0x71, 0x00, 0x00, 0x00, 0x00, 0x00,
    0x20, 0x00, 0x00, 0x00, 0x00, 0x00, 0x00, 0x00, 0x35, 0xff, 0xff, 0x52, 0x00, 0x00, 0x00, 0x15,
    0xa7, 0xfe, 0x66, 0x00, 0x00, 0x00, 0x00, 0x00, 0x0b, 0xc1, 0xff, 0xf6, 0x14, 0x00, 0x00, 0x00,
    0x0b, 0xd8, 0xff, 0xff, 0xbb, 0x6a, 0x4e, 0x5c, 0x87, 0xea, 0xff, 0xff, 0x88, 0x00, 0x00, 0x00,
    0x00, 0x00, 0x1d, 0xcb, 0xff, 0xff, 0xff, 0xff, 0xff, 0xff, 0xff, 0xff, 0x9a, 0x02, 0x00, 0x00,
    0x00, 0x00, 0x00, 0x00, 0x04, 0x5a, 0xb1, 0xe5, 0xf9, 0xf3, 0xd9, 0x9a, 0x39, 0x00, 0x00, 0x00,
    0x00, 0x00, 0x00, 0x00, 0xff, 0xff, 0x7c, 0x00, 0x00, 0x00, 0x00, 0x00, 0x00, 0x00, 0x00, 0x00,
    0x00, 0x00, 0x00, 0x00, 0x00, 0xff, 0xff, 0x7c, 0x00, 0x00, 0x00, 0x00, 0x00, 0x00, 0x00, 0x00,
    0x00, 0x00, 0x00, 0x00, 0x00, 0x00, 0xff, 0xff, 0x7c, 0x00, 0x00, 0x00, 0x00, 0x00, 0x00, 0x00,
    0x00, 0x00, 0x00, 0x00, 0x00, 0x00, 0x00, 0xff, 0xff, 0x7c, 0x00, 0x00, 0x00, 0x00, 0x00, 0x00,
    0x00, 0x00, 0x00, 0x00, 0x00, 0x00, 0x00, 0x00, 0xff, 0xff, 0x7c, 0x00, 0x00, 0x00, 0x00, 0x00,
    0x00, 0x00, 0x00, 0x00, 0x00, 0x00, 0x00, 0x00, 0x00, 0xff, 0xff, 0x7c, 0x00, 0x45, 0xb7, 0xe7,
    0xf5, 0xd7, 0x85, 0x10, 0x00, 0x00, 0x00, 0x00, 0x00, 0x00, 0xff, 0xff, 0x7c, 0x86, 0xff, 0xff,
    0xff, 0xff, 0xff, 0xff, 0xdc, 0x1a, 0x00, 0x00, 0x00, 0x00, 0x00, 0xff, 0xff, 0xc1, 0xff, 0xc6,
    0x69, 0x4e, 0x6d, 0xd7, 0xff, 0xff, 0xb1, 0x00, 0x00, 0x00, 0x00, 0x00, 0xff, 0xff, 0xff, 0x92,
    0x01, 0x00, 0x00, 0x00, 0x0b, 0xd4, 0xff, 0xfe, 0x1c, 0x00, 0x00, 0x00, 0x00, 0xff, 0xff, 0xe2,
    0x04, 0x00, 0x00, 0x00, 0x00, 0x00, 0x4f, 0xff, 0xff, 0x59, 0x00, 0x00, 0x00, 0x00, 0xff, 0xff,
    0x98, 0x00, 0x00, 0x00, 0x00, 0x00, 0x00, 0x19, 0xff, 0xff, 0x71, 0x00, 0x00, 0x00, 0x00, 0xff,
    0xff, 0x7f, 0x00, 0x00, 0x00, 0x00, 0x00, 0x00, 0x00, 0xff, 0xff, 0x7c, 0x00, 0x00, 0x00, 0x00,
    0xff, 0xff, 0x7c, 0x00, 0x00, 0x00, 0x00, 0x00, 0x00, 0x00, 0xff, 0xff, 0x7c, 0x00, 0x00, 0x00,
    0x00, 0xff, 0xff, 0x7c, 0x00, 0x00, 0x00, 0x00, 0x00, 0x00, 0x00, 0xff, 0xff, 0x7c, 0x00, 0x00,
    0x00, 0x00, 0xff, 0xff, 0x7c, 0x00, 0x00, 0x00, 0x00, 0x00, 0x00, 0x00, 0xff, 0xff, 0x7c, 0x00,
    0x00, 0x00, 0x00, 0xff, 0xff, 0x7c, 0x00, 0x00, 0x00, 0x00, 0x00, 0x00, 0x00, 0xff, 0xff, 0x7c,
    0x00, 0x00, 0x00, 0x00, 0xff, 0xff, 0x7c, 0x00, 0x00, 0x00, 0x00, 0x00, 0x00, 0x00, 0xff, 0xff,
    0x7c, 0x00, 0x00, 0x00, 0x00, 0xff, 0xff, 0x7c, 0x00, 0x00, 0x00, 0x00, 0x00, 0x00, 0x00, 0xff,
    0xff, 0x7c, 0x00, 0x00, 0x00, 0x00, 0xff, 0xff, 0x7c, 0x00, 0x00, 0x00, 0x00, 0x00, 0x00, 0x00,
    0xff, 0xff, 0x7c, 0x00, 0x00, 0x00, 0x00, 0xff, 0xff, 0x7c, 0x00, 0x00, 0x00, 0x00, 0x00, 0x00,
    0x00, 0xff, 0xff, 0x7c, 0x00, 0x00, 0x00, 0x00, 0xff, 0xff, 0x7c, 0x00, 0x00, 0x00, 0x00, 0x00,
    0x00, 0x00, 0xff, 0xff, 0x7c, 0x00, 0x00, 0x00, 0x00, 0x24, 0x73, 0x22, 0x00, 0x00, 0x00, 0x00,
    0xdd, 0xff, 0xdb, 0x00, 0x00, 0x00, 0x00, 0xdc, 0xff, 0xda, 0x00, 0x00, 0x00, 0x00, 0x24, 0x74,
    0x22, 0x00, 0x00, 0x00, 0x00, 0x00, 0x00, 0x00, 0x00, 0x00, 0x00, 0x00, 0x00, 0x00, 0x00, 0x00,
    0x00, 0x00, 0x00, 0x7c, 0xff, 0xff, 0x00, 0x00, 0x00, 0x00, 0x7c, 0xff, 0xff, 0x00, 0x00, 0x00,
    0x00, 0x7c, 0xff, 0xff, 0x00, 0x00, 0x00, 0x00, 0x7c, 0xff, 0xff, 0x00, 0x00, 0x00, 0x00, 0x7c,
    0xff, 0xff, 0x00, 0x00, 0x00, 0x00, 0x7c, 0xff, 0xff, 0x00, 0x00, 0x00, 0x00, 0x7c, 0xff, 0xff,
    0x00, 0x00, 0x00, 0x00, 0x7c, 0xff, 0xff, 0x00, 0x00, 0x00, 0x00, 0x7c, 0xff, 0xff, 0x00, 0x00,
    0x00, 0x00, 0x7c, 0xff, 0xff, 0x00, 0x00, 0x00, 0x00, 0x7c, 0xff, 0xff, 0x00, 0x00, 0x00, 0x00,
    0x7c, 0xff, 0xff, 0x00, 0x00, 0x00, 0x00, 0x7c, 0xff, 0xff, 0x00, 0x00, 0x00, 0x00, 0x7c, 0xff,
    0xff, 0x00, 0x00, 0x00, 0x00, 0x7c, 0xff, 0xff, 0x00, 0x00, 0x00, 0x00, 0x7c, 0xff, 0xff, 0x00,
    0x00, 0x00, 0x00, 0x24, 0x73, 0x24, 0x00, 0x00, 0x00, 0x00, 0xdd, 0xff, 0xdd, 0x00, 0x00, 0x00,
    0x00, 0xdc, 0xff, 0xdb, 0x00, 0x00, 0x00, 0x00, 0x24, 0x74, 0x24, 0x00, 0x00, 0x00, 0x00, 0x00,
    0x00, 0x00, 0x00, 0x00, 0x00, 0x00, 0x00, 0x00, 0x00, 0x00, 0x00, 0x00, 0x00, 0x7c, 0xff, 0xff,
    0x00, 0x00, 0x00, 0x00, 0x7c, 0xff, 0xff, 0x00, 0x00, 0x00, 0x00, 0x7c, 0xff, 0xff, 0x00, 0x00,
    0x00, 0x00, 0x7c, 0xff, 0xff, 0x00, 0x00, 0x00, 0x00, 0x7c, 0xff, 0xff, 0x00, 0x00, 0x00, 0x00,
    0x7c, 0xff, 0xff, 0x00, 0x00, 0x00, 0x00, 0x7c, 0xff, 0xff, 0x00, 0x00, 0x00, 0x00, 0x7c, 0xff,
    0xff, 0x00, 0x00, 0x00, 0x00, 0x7c, 0xff, 0xff, 0x00, 0x00, 0x00, 0x00, 0x7c, 0xff, 0xff, 0x00,
    0x00, 0x00, 0x00, 0x7c, 0xff, 0xff, 0x00, 0x00, 0x00, 0x00, 0x7c, 0xff, 0xff, 0x00, 0x00, 0x00,
    0x00, 0x7c, 0xff, 0xff, 0x00, 0x00, 0x00, 0x00, 0x7c, 0xff, 0xff, 0x00, 0x00, 0x00, 0x00, 0x7c,
    0xff, 0xff, 0x00, 0x00, 0x00, 0x00, 0x7c, 0xff, 0xff, 0x00, 0x00, 0x00, 0x00, 0x7c, 0xff, 0xff,
    0x00, 0x00, 0x00, 0x00, 0x85, 0xff, 0xf7, 0x00, 0x00, 0x00, 0x00, 0xb9, 0xff, 0xda, 0x00, 0x00,
    0x4e, 0x92, 0xff, 0xff, 0x8f, 0x00, 0x00, 0xff, 0xff, 0xff, 0xe6, 0x15, 0x00, 0x00, 0xfc, 0xe5,
    0x9e, 0x1c, 0x00, 0x00, 0x00, 0x00, 0x00, 0xff, 0xff, 0x7c, 0x00, 0x00, 0x00, 0x00, 0x00, 0x00,
    0x00, 0x00, 0x00, 0x00, 0x00, 0x00, 0xff, 0xff, 0x7c, 0x00, 0x00, 0x00, 0x00, 0x00, 0x00, 0x00,
    0x00, 0x00, 0x00, 0x00, 0x00, 0xff, 0xff, 0x7c, 0x00, 0x00, 0x00, 0x00, 0x00, 0x00, 0x00, 0x00,
    0x00, 0x00, 0x00, 0x00, 0xff, 0xff, 0x7c, 0x00, 0x00, 0x00, 0x00, 0x00, 0x00, 0x00, 0x00, 0x00,
    0x00, 0x00, 0x00, 0xff, 0xff, 0x7c, 0x00, 0x00, 0x00, 0x00, 0x00, 0x00, 0x00, 0x00, 0x00, 0x00,
    0x00, 0x00, 0xff, 0xff, 0x7c, 0x00, 0x00, 0x00, 0x00, 0x00, 0x34, 0xf2, 0xff, 0xd2, 0x11, 0x00,
    0x00, 0xff, 0xff, 0x7c, 0x00, 0x00, 0x00, 0x00, 0x29, 0xec, 0xff, 0xdb, 0x18, 0x00, 0x00, 0x00,
    0xff, 0xff, 0x7c, 0x00, 0x00, 0x00, 0x20, 0xe4, 0xff, 0xe4, 0x20, 0x00, 0x00, 0x00, 0x00, 0xff,
    0xff, 0x7c, 0x00, 0x00, 0x18, 0xdb, 0xff, 0xeb, 0x29, 0x00, 0x00, 0x00, 0x00, 0x00, 0xff, 0xff,
    0x7c, 0x00, 0x11, 0xd1, 0xff, 0xf2, 0x33, 0x00, 0x00, 0x00, 0x00, 0x00, 0x00, 0xff, 0xff, 0x7c,
    0x0b, 0xc6, 0xff, 0xf7, 0x3f, 0x00, 0x00, 0x00, 0x00, 0x00, 0x00, 0x00, 0xff, 0xff, 0x82, 0xba,
    0xff, 0xff, 0x4d, 0x00, 0x00, 0x00, 0x00, 0x00, 0x00, 0x00, 0x00, 0xff, 0xff, 0xff, 0xff, 0xff,
    0xff, 0x7a, 0x00, 0x00, 0x00, 0x00, 0x00, 0x00, 0x00, 0x00, 0xff, 0xff, 0xff, 0xf0, 0xff, 0xff,
    0xfc, 0x3d, 0x00, 0x00, 0x00, 0x00, 0x00, 0x00, 0x00, 0xff, 0xff, 0xff, 0x27, 0x2f, 0xf7, 0xff,
    0xe4, 0x14, 0x00, 0x00, 0x00, 0x00, 0x00, 0x00, 0xff, 0xff, 0x82, 0x00, 0x00, 0x68, 0xff, 0xff,
    0xb7, 0x01, 0x00, 0x00, 0x00, 0x00, 0x00, 0xff, 0xff, 0x7c, 0x00, 0x00, 0x00, 0xa9, 0xff, 0xff,
    0x79, 0x00, 0x00, 0x00, 0x00, 0x00, 0xff, 0xff, 0x7c, 0x00, 0x00, 0x00, 0x0e, 0xdc, 0xff, 0xfc,
    0x3c, 0x00, 0x00, 0x00, 0x00, 0xff, 0xff, 0x7c, 0x00, 0x00, 0x00, 0x00, 0x33, 0xf9, 0xff, 0xe3,
    0x14, 0x00, 0x00, 0x00, 0xff, 0xff, 0x7c, 0x00, 0x00, 0x00, 0x00, 0x00, 0x6e, 0xff, 0xff, 0xb6,
    0x01, 0x00, 0x00, 0xff, 0xff, 0x7c, 0x00, 0x00, 0x00, 0x00, 0x00, 0x00, 0xae, 0xff, 0xff, 0x78,
    0x00, 0x00, 0xff, 0xff, 0x7c, 0x00, 0x00, 0x00, 0x00, 0xff, 0xff, 0x7c, 0x00, 0x00, 0x00, 0x00,
    0xff, 0xff, 0x7c, 0x00, 0x00, 0x00, 0x00, 0xff, 0xff, 0x7c, 0x00, 0x00, 0x00, 0x00, 0xff, 0xff,
    0x7c, 0x00, 0x00, 0x00, 0x00, 0xff, 0xff, 0x7c, 0x00, 0x00, 0x00, 0x00, 0xff, 0xff, 0x7c, 0x00,
    0x00, 0x00, 0x00, 0xff, 0xff, 0x7c, 0x00, 0x00, 0x00, 0x00, 0xff, 0xff, 0x7c, 0x00, 0x00, 0x00,
    0x00, 0xff, 0xff, 0x7c, 0x00, 0x00, 0x00, 0x00, 0xff, 0xff, 0x7c, 0x00, 0x00, 0x00, 0x00, 0xff,
    0xff, 0x7c, 0x00, 0x00, 0x00, 0x00, 0xff, 0xff, 0x7c, 0x00, 0x00, 0x00, 0x00, 0xff, 0xff, 0x7c,
    0x00, 0x00, 0x00, 0x00, 0xff, 0xff, 0x7c, 0x00, 0x00, 0x00, 0x00, 0xff, 0xff, 0x7c, 0x00, 0x00,
    0x00, 0x00, 0xff, 0xff, 0x7c, 0x00, 0x00, 0x00, 0x00, 0xff, 0xff, 0x7c, 0x00, 0x00, 0x00, 0x00,
    0xff, 0xff, 0x7c, 0x00, 0x00, 0x00, 0x00, 0xff, 0xff, 0x7c, 0x00, 0x00, 0x00, 0x00, 0xff, 0xff,
    0x7c, 0x00, 0x00, 0x00, 0x00, 0xff, 0xff, 0x7c, 0x00, 0x55, 0xc7, 0xf6, 0xec, 0xa0, 0x14, 0x00,
    0x00, 0x19, 0x92, 0xde, 0xf8, 0xe4, 0x9d, 0x21, 0x00, 0x00, 0x00, 0x00, 0x00, 0x00, 0xff, 0xff,
    0x7c, 0x7f, 0xff, 0xff, 0xff, 0xff, 0xff, 0xcd, 0x05, 0x33, 0xec, 0xff, 0xff, 0xff, 0xff, 0xff,
    0xef, 0x30, 0x00, 0x00, 0x00, 0x00, 0x00, 0xff, 0xff, 0xb0, 0xfc, 0xa2, 0x57, 0x5f, 0xb3, 0xff,
    0xff, 0x78, 0xdf, 0xf8, 0x8e, 0x53, 0x62, 0xb8, 0xff, 0xff, 0xd2, 0x00, 0x00, 0x00, 0x00, 0x00,
    0xff, 0xff, 0xff, 0x5e, 0x00, 0x00, 0x00, 0x00, 0x94, 0xff, 0xff, 0xfc, 0x3f, 0x00, 0x00, 0x00,
    0x00, 0x99, 0xff, 0xff, 0x37, 0x00, 0x00, 0x00, 0x00, 0xff, 0xff, 0xc5, 0x00, 0x00, 0x00, 0x00,
    0x00, 0x20, 0xff, 0xff, 0xb1, 0x00, 0x00, 0x00, 0x00, 0x00, 0x28, 0xff, 0xff, 0x64, 0x00, 0x00,
    0x00, 0x00, 0xff, 0xff, 0x8b, 0x00, 0x00, 0x00, 0x00, 0x00, 0x01, 0xff, 0xff, 0x82, 0x00, 0x00,
    0x00, 0x00, 0x00, 0x04, 0xff, 0xff, 0x79, 0x00, 0x00, 0x00, 0x00, 0xff, 0xff, 0x7c, 0x00, 0x00,
    0x00, 0x00, 0x00, 0x00, 0xff, 0xff, 0x7c, 0x00, 0x00, 0x00, 0x00, 0x00, 0x00, 0xff, 0xff, 0x7c,
    0x00, 0x00, 0x00, 0x00, 0xff, 0xff, 0x7c, 0x00, 0x00, 0x00, 0x00, 0x00, 0x00, 0xff, 0xff, 0x7c,
    0x00, 0x00, 0x00, 0x00, 0x00, 0x00, 0xff, 0xff, 0x7c, 0x00, 0x00, 0x00, 0x00, 0xff, 0xff, 0x7c,
    0x00, 0x00, 0x00, 0x00, 0x00, 0x00, 0xff, 0xff, 0x7c, 0x00, 0x00, 0x00, 0x00, 0x00, 0x00, 0xff,
    0xff, 0x7c, 0x00, 0x00, 0x00, 0x00, 0xff, 0xff, 0x7c, 0x00, 0x00, 0x00, 0x00, 0x00, 0x00, 0xff,
    0xff, 0x7c, 0x00, 0x00, 0x00, 0x00, 0x00, 0x00, 0xff, 0xff, 0x7c, 0x00, 0x00, 0x00, 0x00, 0xff,
    0xff, 0x7c, 0x00, 0x00, 0x00, 0x00, 0x00, 0x00, 0xff, 0xff, 0x7c, 0x00, 0x00, 0x00, 0x00, 0x00,
    0x00, 0xff, 0xff, 0x7c, 0x00, 0x00, 0x00, 0x00, 0xff, 0xff, 0x7c, 0x00, 0x00, 0x00, 0x00, 0x00,
    0x00, 0xff, 0xff, 0x7c, 0x00, 0x00, 0x00, 0x00, 0x00, 0x00, 0xff, 0xff, 0x7c, 0x00, 0x00, 0x00,
    0x00, 0xff, 0xff, 0x7c, 0x00, 0x00, 0x00, 0x00, 0x00, 0x00, 0xff, 0xff, 0x7c, 0x00, 0x00, 0x00,
    0x00, 0x00, 0x00, 0xff, 0xff, 0x7c, 0x00, 0x00, 0x00, 0x00, 0xff, 0xff, 0x7c, 0x00, 0x00, 0x00,
    0x00, 0x00, 0x00, 0xff, 0xff, 0x7c, 0x00, 0x00, 0x00, 0x00, 0x00, 0x00, 0xff, 0xff, 0x7c, 0x00,
    0x00, 0x00, 0x00, 0xff, 0xff, 0x7c, 0x00, 0x00, 0x00, 0x00, 0x00, 0x00, 0xff, 0xff, 0x7c, 0x00,
    0x00, 0x00, 0x00, 0x00, 0x00, 0xff, 0xff, 0x7c, 0x00, 0x00, 0x00, 0x00, 0xff, 0xff, 0x7c, 0x00,
    0x00, 0x00, 0x00, 0x00, 0x00, 0xff, 0xff, 0x7c, 0x00, 0x00, 0x00, 0x00, 0x00, 0x00, 0xff, 0xff,
    0x7c, 0x00, 0x00, 0x00, 0x00, 0xff, 0xff, 0x7c, 0x00, 0x45, 0xb7, 0xe7, 0xf5, 0xd7, 0x84, 0x0f,
    0x00, 0x00, 0x00, 0x00, 0x00, 0x00, 0xff, 0xff, 0x7c, 0x86, 0xff, 0xff, 0xff, 0xff, 0xff, 0xff,
    0xdb, 0x19, 0x00, 0x00, 0x00, 0x00, 0x00, 0xff, 0xff, 0xc1, 0xff, 0xc6, 0x69, 0x4e, 0x6d, 0xd7,
    0xff, 0xff, 0xb1, 0x00, 0x00, 0x00, 0x00, 0x00, 0xff, 0xff, 0xff, 0x92, 0x01, 0x00, 0x00, 0x00,
    0x0b, 0xd4, 0xff, 0xfe, 0x1c, 0x00, 0x00, 0x00, 0x00, 0xff, 0xff, 0xe2, 0x04, 0x00, 0x00, 0x00,
    0x00, 0x00, 0x4f, 0xff, 0xff, 0x59, 0x00, 0x00, 0x00, 0x00, 0xff, 0xff, 0x98, 0x00, 0x00, 0x00,
    0x00, 0x00, 0x00, 0x19, 0xff, 0xff, 0x71, 0x00, 0x00, 0x00, 0x00, 0xff, 0xff, 0x7f, 0x00, 0x00,
    0x00, 0x00, 0x00, 0x00, 0x00, 0xff, 0xff, 0x7c, 0x00, 0x00, 0x00, 0x00, 0xff, 0xff, 0x7c, 0x00,
    0x00, 0x00, 0x00, 0x00, 0x00, 0x00, 0xff, 0xff, 0x7c, 0x00, 0x00, 0x00, 0x00, 0xff, 0xff, 0x7c,
    0x00, 0x00, 0x00, 0x00, 0x00, 0x00, 0x00, 0xff, 0xff, 0x7c, 0x00, 0x00, 0x00, 0x00, 0xff, 0xff,
    0x7c, 0x00, 0x00, 0x00, 0x00, 0x00, 0x00, 0x00, 0xff, 0xff, 0x7c, 0x00, 0x00, 0x00, 0x00, 0xff,
    0xff, 0x7c, 0x00, 0x00, 0x00, 0x00, 0x00, 0x00, 0x00, 0xff, 0xff, 0x7c, 0x00, 0x00, 0x00, 0x00,
    0xff, 0xff, 0x7c, 0x00, 0x00, 0x00, 0x00, 0x00, 0x00, 0x00, 0xff, 0xff, 0x7c, 0x00, 0x00, 0x00,
    0x00, 0xff, 0xff, 0x7c, 0x00, 0x00, 0x00, 0x00, 0x00, 0x00, 0x00, 0xff, 0xff, 0x7c, 0x00, 0x00,
    0x00, 0x00, 0xff, 0xff, 0x7c, 0x00, 0x00, 0x00, 0x00, 0x00, 0x00, 0x00, 0xff, 0xff, 0x7c, 0x00,
    0x00, 0x00, 0x00, 0xff, 0xff, 0x7c, 0x00, 0x00, 0x00, 0x00, 0x00, 0x00, 0x00, 0xff, 0xff, 0x7c,
    0x00, 0x00, 0x00, 0x00, 0xff, 0xff, 0x7c, 0x00, 0x00, 0x00, 0x00, 0x00, 0x00, 0x00, 0xff, 0xff,
    0x7c, 0x00, 0x00, 0x00, 0x00, 0x00, 0x00, 0x1a, 0x85, 0xcf, 0xf0, 0xee, 0xcd, 0x81, 0x17, 0x00,
    0x00, 0x00, 0x00, 0x00, 0x00, 0x00, 0x4f, 0xf5, 0xff, 0xff, 0xff, 0xff, 0xff, 0xff, 0xf2, 0x4c,
    0x00, 0x00, 0x00, 0x00, 0x00, 0x47, 0xfd, 0xff, 0xf5, 0x8f, 0x59, 0x5c, 0x92, 0xf7, 0xff, 0xfd,
    0x45, 0x00, 0x00, 0x00, 0x0b, 0xe1, 0xff, 0xe9, 0x27, 0x00, 0x00, 0x00, 0x00, 0x2a, 0xeb, 0xff,
    0xe0, 0x0b, 0x00, 0x00, 0x5d, 0xff, 0xff, 0x54, 0x00, 0x00, 0x00, 0x00, 0x00, 0x00, 0x56, 0xff,
    0xff, 0x5c, 0x00, 0x00, 0xb0, 0xff, 0xe3, 0x01, 0x00, 0x00, 0x00, 0x00, 0x00, 0x00, 0x01, 0xe3,
    0xff, 0xb0, 0x00, 0x00, 0xdb, 0xff, 0xa3, 0x00, 0x00, 0x00, 0x00, 0x00, 0x00, 0x00, 0x00, 0xa4,
    0xff, 0xda, 0x00, 0x00, 0xf3, 0xff, 0x86, 0x00, 0x00, 0x00, 0x00, 0x00, 0x00, 0x00, 0x00, 0x87,
    0xff, 0xf2, 0x00, 0x00, 0xf4, 0xff, 0x85, 0x00, 0x00, 0x00, 0x00, 0x00, 0x00, 0x00, 0x00, 0x86,
    0xff, 0xf3, 0x00, 0x00, 0xdb, 0xff, 0xa1, 0x00, 0x00, 0x00, 0x00, 0x00, 0x00, 0x00, 0x00, 0xa1,
    0xff, 0xda, 0x00, 0x00, 0xb0, 0xff, 0xe1, 0x00, 0x00, 0x00, 0x00, 0x00, 0x00, 0x00, 0x00, 0xe1,
    0xff, 0xb0, 0x00, 0x00, 0x5d, 0xff, 0xff, 0x51, 0x00, 0x00, 0x00, 0x00, 0x00, 0x00, 0x53, 0xff,
    0xff, 0x5c, 0x00, 0x00, 0x0b, 0xe1, 0xff, 0xe7, 0x24, 0x00, 0x00, 0x00, 0x00, 0x28, 0xe9, 0xff,
    0xe1, 0x0b, 0x00, 0x00, 0x00, 0x48, 0xfd, 0xff, 0xf4, 0x8d, 0x58, 0x5a, 0x90, 0xf6, 0xff, 0xfd,
    0x46, 0x00, 0x00, 0x00, 0x00, 0x00, 0x52, 0xf6, 0xff, 0xff, 0xff, 0xff, 0xff, 0xff, 0xf4, 0x4e,
    0x00, 0x00, 0x00, 0x00, 0x00, 0x00, 0x00, 0x1d, 0x88, 0xd0, 0xf0, 0xf0, 0xcf, 0x84, 0x1a, 0x00,
    0x00, 0x00, 0x00, 0x00, 0x00, 0xff, 0xff, 0x7c, 0x00, 0x48, 0xc0, 0xf0, 0xf2, 0xce, 0x77, 0x0e,
    0x00, 0x00, 0x00, 0x00, 0x00, 0x00, 0xff, 0xff, 0x7c, 0x60, 0xff, 0xff, 0xff, 0xff, 0xff, 0xff,
    0xdd, 0x23, 0x00, 0x00, 0x00, 0x00, 0x00, 0xff, 0xff, 0xac, 0xf5, 0xe7, 0x7e, 0x53, 0x65, 0xb8,
    0xff, 0xff, 0xe0, 0x0b, 0x00, 0x00, 0x00, 0x00, 0xff, 0xff, 0xff, 0xd2, 0x13, 0x00, 0x00, 0x00,
    0x00, 0x77, 0xff, 0xff, 0x86, 0x00, 0x00, 0x00, 0x00, 0xff, 0xff, 0xff, 0x34, 0x00, 0x00, 0x00,
    0x00, 0x00, 0x00, 0xc4, 0xff, 0xe7, 0x01, 0x00, 0x00, 0x00, 0xff, 0xff, 0xd0, 0x00, 0x00, 0x00,
    0x00, 0x00, 0x00, 0x00, 0x5c, 0xff, 0xff, 0x36, 0x00, 0x00, 0x00, 0xff, 0xff, 0x99, 0x00, 0x00,
    0x00, 0x00, 0x00, 0x00, 0x00, 0x21, 0xff, 0xff, 0x5a, 0x00, 0x00, 0x00, 0xff, 0xff, 0x84, 0x00,
    0x00, 0x00, 0x00, 0x00, 0x00, 0x00, 0x09, 0xff, 0xff, 0x70, 0x00, 0x00, 0x00, 0xff, 0xff, 0x86,
    0x00, 0x00, 0x00, 0x00, 0x00, 0x00, 0x00, 0x0c, 0xff, 0xff, 0x6f, 0x00, 0x00, 0x00, 0xff, 0xff,
    0x9e, 0x00, 0x00, 0x00, 0x00, 0x00, 0x00, 0x00, 0x26, 0xff, 0xff, 0x58, 0x00, 0x00, 0x00, 0xff,
    0xff, 0xd9, 0x00, 0x00, 0x00, 0x00, 0x00, 0x00, 0x00, 0x64, 0xff, 0xff, 0x31, 0x00, 0x00, 0x00,
    0xff, 0xff, 0xff, 0x40, 0x00, 0x00, 0x00, 0x00, 0x00, 0x00, 0xcd, 0xff, 0xe2, 0x00, 0x00, 0x00,
    0x00, 0xff, 0xff, 0xff, 0xda, 0x17, 0x00, 0x00, 0x00, 0x00, 0x7e, 0xff, 0xff, 0x7b, 0x00, 0x00,
    0x00, 0x00, 0xff, 0xff, 0xca, 0xff, 0xea, 0x7f, 0x53, 0x64, 0xba, 0xff, 0xff, 0xd6, 0x06, 0x00,
    0x00, 0x00, 0x00, 0xff, 0xff, 0x7c, 0x93, 0xff, 0xff, 0xff, 0xff, 0xff, 0xff, 0xd3, 0x1a, 0x00,
    0x00, 0x00, 0x00, 0x00, 0xff, 0xff, 0x7c, 0x00, 0x62, 0xcc, 0xf4, 0xed, 0xc8, 0x6b, 0x09, 0x00,
    0x00, 0x00, 0x00, 0x00, 0x00, 0xff, 0xff, 0x7c, 0x00, 0x00, 0x00, 0x00, 0x00, 0x00, 0x00, 0x00,
    0x00, 0x00, 0x00, 0x00, 0x00, 0x00, 0xff, 0xff, 0x7c, 0x00, 0x00, 0x00, 0x00, 0x00, 0x00, 0x00,
    0x00, 0x00, 0x00, 0x00, 0x00, 0x00, 0x00, 0xff, 0xff, 0x7c, 0x00, 0x00, 0x00, 0x00, 0x00, 0x00,
    0x00, 0x00, 0x00, 0x00, 0x00, 0x00, 0x00, 0x00, 0xff, 0xff, 0x7c, 0x00, 0x00, 0x00, 0x00, 0x00,
    0x00, 0x00, 0x00, 0x00, 0x00, 0x00, 0x00, 0x00, 0x00, 0xff, 0xff, 0x7c, 0x00, 0x00, 0x00, 0x00,
    0x00, 0x00, 0x00, 0x00, 0x00, 0x00, 0x00, 0x00, 0x00, 0x00, 0xff, 0xff, 0x7c, 0x00, 0x00, 0x00,
    0x00, 0x00, 0x00, 0x00, 0x00, 0x00, 0x00, 0x00, 0x00, 0x00, 0x00, 0x00, 0x00, 0x39, 0xab, 0xdf,
    0xf8, 0xe2, 0x93, 0x13, 0x00, 0xff, 0xff, 0x7c, 0x00, 0x00, 0x00, 0x00, 0x00, 0x81, 0xff, 0xff,
    0xff, 0xff, 0xff, 0xff, 0xdc, 0x15, 0xff, 0xff, 0x7c, 0x00, 0x00, 0x00, 0x00, 0x6e, 0xff, 0xff,
    0xec, 0x81, 0x54, 0x63, 0xb2, 0xff, 0xb1, 0xff, 0xff, 0x7c, 0x00, 0x00, 0x00, 0x17, 0xf2, 0xff,
    0xdb, 0x18, 0x00, 0x00, 0x00, 0x00, 0x6b, 0xff, 0xff, 0xff, 0x7c, 0x00, 0x00, 0x00, 0x6e, 0xff,
    0xff, 0x3f, 0x00, 0x00, 0x00, 0x00, 0x00, 0x00, 0xbb, 0xff, 0xff, 0x7c, 0x00, 0x00, 0x00, 0xba,
    0xff, 0xd7, 0x00, 0x00, 0x00, 0x00, 0x00, 0x00, 0x00, 0x58, 0xff, 0xff, 0x7c, 0x00, 0x00, 0x00,
    0xdf, 0xff, 0x9c, 0x00, 0x00, 0x00, 0x00, 0x00, 0x00, 0x00, 0x1f, 0xff, 0xff, 0x7c, 0x00, 0x00,
    0x00, 0xf5, 0xff, 0x84, 0x00, 0x00, 0x00, 0x00, 0x00, 0x00, 0x00, 0x09, 0xff, 0xff, 0x7c, 0x00,
    0x00, 0x00, 0xf4, 0xff, 0x86, 0x00, 0x00, 0x00, 0x00, 0x00, 0x00, 0x00, 0x0b, 0xff, 0xff, 0x7c,
    0x00, 0x00, 0x00, 0xdd, 0xff, 0xa0, 0x00, 0x00, 0x00, 0x00, 0x00, 0x00, 0x00, 0x22, 0xff, 0xff,
    0x7c, 0x00, 0x00, 0x00, 0xb7, 0xff, 0xdd, 0x00, 0x00, 0x00, 0x00, 0x00, 0x00, 0x00, 0x5e, 0xff,
    0xff, 0x7c, 0x00, 0x00, 0x00, 0x6a, 0xff, 0xff, 0x47, 0x00, 0x00, 0x00, 0x00, 0x00, 0x00, 0xc4,
    0xff, 0xff, 0x7c, 0x00, 0x00, 0x00, 0x14, 0xef, 0xff, 0xe0, 0x1c, 0x00, 0x00, 0x00, 0x00, 0x76,
    0xff, 0xff, 0xff, 0x7c, 0x00, 0x00, 0x00, 0x00, 0x69, 0xff, 0xff, 0xee, 0x83, 0x54, 0x62, 0xb5,
    0xff, 0xa3, 0xff, 0xff, 0x7c, 0x00, 0x00, 0x00, 0x00, 0x00, 0x7f, 0xff, 0xff, 0xff, 0xff, 0xff,
    0xff, 0xd4, 0x0f, 0xff, 0xff, 0x7c, 0x00, 0x00, 0x00, 0x00, 0x00, 0x00, 0x39, 0xac, 0xe0, 0xf8,
    0xe1, 0x8e, 0x0e, 0x00, 0xff, 0xff, 0x7c, 0x00, 0x00, 0x00, 0x00, 0x00, 0x00, 0x00, 0x00, 0x00,
    0x00, 0x00, 0x00, 0x00, 0x00, 0xff, 0xff, 0x7c, 0x00, 0x00, 0x00, 0x00, 0x00, 0x00, 0x00, 0x00,
    0x00, 0x00, 0x00, 0x00, 0x00, 0x00, 0xff, 0xff, 0x7c, 0x00, 0x00, 0x00, 0x00, 0x00, 0x00, 0x00,
    0x00, 0x00, 0x00, 0x00, 0x00, 0x00, 0x00, 0xff, 0xff, 0x7c, 0x00, 0x00, 0x00, 0x00, 0x00, 0x00,
    0x00, 0x00, 0x00, 0x00, 0x00, 0x00, 0x00, 0x00, 0xff, 0xff, 0x7c, 0x00, 0x00, 0x00, 0x00, 0x00,
    0x00, 0x00, 0x00, 0x00, 0x00, 0x00, 0x00, 0x00, 0x00, 0xff, 0xff, 0x7c, 0x00, 0x00, 0x00, 0x00,
    0x00, 0x00, 0x00, 0x00, 0x00, 0x00, 0x00, 0x00, 0x00, 0x00, 0xff, 0xff, 0x7c, 0x00, 0x00, 0x00,
    0x00, 0xff, 0xff, 0x7c, 0x05, 0x77, 0xd6, 0xf9, 0xd8, 0x00, 0x00, 0xff, 0xff, 0x7d, 0xb8, 0xff,
    0xff, 0xff, 0xd8, 0x00, 0x00, 0xff, 0xff, 0xdb, 0xff, 0xbb, 0x64, 0x4d, 0x4e, 0x00, 0x00, 0xff,
    0xff, 0xff, 0x7a, 0x00, 0x00, 0x00, 0x00, 0x00, 0x00, 0xff, 0xff, 0xce, 0x00, 0x00, 0x00, 0x00,
    0x00, 0x00, 0x00, 0xff, 0xff, 0x8b, 0x00, 0x00, 0x00, 0x00, 0x00, 0x00, 0x00, 0xff, 0xff, 0x7c,
    0x00, 0x00, 0x00, 0x00, 0x00, 0x00, 0x00, 0xff, 0xff, 0x7c, 0x00, 0x00, 0x00, 0x00, 0x00, 0x00,
    0x00, 0xff, 0xff, 0x7c, 0x00, 0x00, 0x00, 0x00, 0x00, 0x00, 0x00, 0xff, 0xff, 0x7c, 0x00, 0x00,
    0x00, 0x00, 0x00, 0x00, 0x00, 0xff, 0xff, 0x7c, 0x00, 0x00, 0x00, 0x00, 0x00, 0x00, 0x00, 0xff,
    0xff, 0x7c, 0x00, 0x00, 0x00, 0x00, 0x00, 0x00, 0x00, 0xff, 0xff, 0x7c, 0x00, 0x00, 0x00, 0x00,
    0x00, 0x00, 0x00, 0xff, 0xff, 0x7c, 0x00, 0x00, 0x00, 0x00, 0x00, 0x00, 0x00, 0xff, 0xff, 0x7c,
    0x00, 0x00, 0x00, 0x00, 0x00, 0x00, 0x00, 0xff, 0xff, 0x7c, 0x00, 0x00, 0x00, 0x00, 0x00, 0x00,
    0x00, 0x00, 0x00, 0x42, 0xa6, 0xe2, 0xf9, 0xee, 0xc3, 0x68, 0x04, 0x00, 0x00, 0x00, 0x00, 0x00,
    0x02, 0x99, 0xff, 0xff, 0xff, 0xff, 0xff, 0xff, 0xff, 0xc2, 0x0c, 0x00, 0x00, 0x00, 0x00, 0x71,
    0xff, 0xff, 0xdc, 0x76, 0x51, 0x61, 0xaf, 0xff, 0xff, 0x96, 0x00, 0x00, 0x00, 0x00, 0xd9, 0xff,
    0xd3, 0x0c, 0x00, 0x00, 0x00, 0x00, 0x86, 0xff, 0xf5, 0x0e, 0x00, 0x00, 0x00, 0xf9, 0xff, 0x8a,
    0x00, 0x00, 0x00, 0x00, 0x00, 0x07, 0x4c, 0x0d, 0x00, 0x00, 0x00, 0x00, 0xdc, 0xff, 0xcf, 0x09,
    0x00, 0x00, 0x00, 0x00, 0x00, 0x00, 0x00, 0x00, 0x00, 0x00, 0x00, 0x70, 0xff, 0xff, 0xe0, 0x7d,
    0x35, 0x04, 0x00, 0x00, 0x00, 0x00, 0x00, 0x00, 0x00, 0x00, 0x01, 0x83, 0xfb, 0xff, 0xff, 0xff,
    0xf4, 0xba, 0x6b, 0x0d, 0x00, 0x00, 0x00, 0x00, 0x00, 0x00, 0x00, 0x1f, 0x7b, 0xc1, 0xf7, 0xff,
    0xff, 0xff, 0xe8, 0x3c, 0x00, 0x00, 0x00, 0x00, 0x00, 0x00, 0x00, 0x00, 0x00, 0x06, 0x3a, 0x8a,
    0xf6, 0xff, 0xed, 0x12, 0x00, 0x00, 0x00, 0x00, 0x00, 0x00, 0x00, 0x00, 0x00, 0x00, 0x00, 0x49,
    0xff, 0xff, 0x5f, 0x00, 0x00, 0x15, 0x5d, 0x94, 0x09, 0x00, 0x00, 0x00, 0x00, 0x00, 0x10, 0xff,
    0xff, 0x72, 0x00, 0x00, 0x40, 0xff, 0xff, 0x82, 0x00, 0x00, 0x00, 0x00, 0x00, 0x7c, 0xff, 0xff,
    0x49, 0x00, 0x00, 0x02, 0xc8, 0xff, 0xff, 0xb5, 0x64, 0x4f, 0x67, 0xb9, 0xff, 0xff, 0xd2, 0x02,
    0x00, 0x00, 0x00, 0x1f, 0xd8, 0xff, 0xff, 0xff, 0xff, 0xff, 0xff, 0xff, 0xd7, 0x1e, 0x00, 0x00,
    0x00, 0x00, 0x00, 0x09, 0x72, 0xc3, 0xee, 0xfa, 0xe8, 0xbc, 0x69, 0x06, 0x00, 0x00, 0x00, 0x00,
    0x00, 0x00, 0xff, 0xff, 0x7c, 0x00, 0x00, 0x00, 0x00, 0x00, 0x00, 0xff, 0xff, 0x7c, 0x00, 0x00,
    0x00, 0x00, 0x00, 0x00, 0xff, 0xff, 0x7c, 0x00, 0x00, 0x00, 0x00, 0x00, 0x00, 0xff, 0xff, 0x7c,
    0x00, 0x00, 0x00, 0x80, 0xff, 0xff, 0xff, 0xff, 0xff, 0xff, 0xff, 0x80, 0x80, 0xff, 0xff, 0xff,
    0xff, 0xff, 0xff, 0xff, 0x80, 0x24, 0x48, 0x48, 0xff, 0xff, 0xc4, 0x48, 0x48, 0x24, 0x00, 0x00,
    0x00, 0xff, 0xff, 0x7c, 0x00, 0x00, 0x00, 0x00, 0x00, 0x00, 0xff, 0xff, 0x7c, 0x00, 0x00, 0x00,
    0x00, 0x00, 0x00, 0xff, 0xff, 0x7c, 0x00, 0x00, 0x00, 0x00, 0x00, 0x00, 0xff, 0xff, 0x7c, 0x00,
    0x00, 0x00, 0x00, 0x00, 0x00, 0xff, 0xff, 0x7c, 0x00, 0x00, 0x00, 0x00, 0x00, 0x00, 0xff, 0xff,
    0x7c, 0x00, 0x00, 0x00, 0x00, 0x00, 0x00, 0xff, 0xff, 0x7c, 0x00, 0x00, 0x00, 0x00, 0x00, 0x00,
    0xff, 0xff, 0x7c, 0x00, 0x00, 0x00, 0x00, 0x00, 0x00, 0xff, 0xff, 0x7d, 0x00, 0x00, 0x00, 0x00,
    0x00, 0x00, 0xf3, 0xff, 0x99, 0x00, 0x00, 0x00, 0x00, 0x00, 0x00, 0xbb, 0xff, 0xf3, 0x6e, 0x4f,
    0x32, 0x00, 0x00, 0x00, 0x3d, 0xfb, 0xff, 0xff, 0xff, 0xa3, 0x00, 0x00, 0x00, 0x00, 0x3e, 0xbd,
    0xf3, 0xf9, 0xb5, 0x00, 0x00, 0xff, 0xff, 0x7c, 0x00, 0x00, 0x00, 0x00, 0x00, 0x00, 0x00, 0xff,
    0xff, 0x7c, 0x00, 0x00, 0x00, 0x00, 0xff, 0xff, 0x7c, 0x00, 0x00, 0x00, 0x00, 0x00, 0x00, 0x00,
    0xff, 0xff, 0x7c, 0x00, 0x00, 0x00, 0x00, 0xff, 0xff, 0x7c, 0x00, 0x00, 0x00, 0x00, 0x00, 0x00,
    0x00, 0xff, 0xff, 0x7c, 0x00, 0x00, 0x00, 0x00, 0xff, 0xff, 0x7c, 0x00, 0x00, 0x00, 0x00, 0x00,
    0x00, 0x00, 0xff, 0xff, 0x7c, 0x00, 0x00, 0x00, 0x00, 0xff, 0xff, 0x7c, 0x00, 0x00, 0x00, 0x00,
    0x00, 0x00, 0x00, 0xff, 0xff, 0x7c, 0x00, 0x00, 0x00, 0x00, 0xff, 0xff, 0x7c, 0x00, 0x00, 0x00,
    0x00, 0x00, 0x00, 0x00, 0xff, 0xff, 0x7c, 0x00, 0x00, 0x00, 0x00, 0xff, 0xff, 0x7c, 0x00, 0x00,
    0x00, 0x00, 0x00, 0x00, 0x00, 0xff, 0xff, 0x7c, 0x00, 0x00, 0x00, 0x00, 0xff, 0xff, 0x7c, 0x00,
    0x00, 0x00, 0x00, 0x00, 0x00, 0x00, 0xff, 0xff, 0x7c, 0x00, 0x00, 0x00, 0x00, 0xff, 0xff, 0x7c,
    0x00, 0x00, 0x00, 0x00, 0x00, 0x00, 0x00, 0xff, 0xff, 0x7c, 0x00, 0x00, 0x00, 0x00, 0xff, 0xff,
    0x7c, 0x00, 0x00, 0x00, 0x00, 0x00, 0x00, 0x03, 0xff, 0xff, 0x7c, 0x00, 0x00, 0x00, 0x00, 0xf5,
    0xff, 0x94, 0x00, 0x00, 0x00, 0x00, 0x00, 0x00, 0x1e, 0xff, 0xff, 0x7c, 0x00, 0x00, 0x00, 0x00,
    0xdd, 0xff, 0xca, 0x00, 0x00, 0x00, 0x00, 0x00, 0x00, 0x6f, 0xff, 0xff, 0x7c, 0x00, 0x00, 0x00,
    0x00, 0xa1, 0xff, 0xff, 0x5a, 0x00, 0x00, 0x00, 0x00, 0x29, 0xef, 0xff, 0xff, 0x7c, 0x00, 0x00,
    0x00, 0x00, 0x3b, 0xfe, 0xff, 0xfb, 0x99, 0x54, 0x54, 0x8c, 0xf3, 0xc1, 0xff, 0xff, 0x7c, 0x00,
    0x00, 0x00, 0x00, 0x00, 0x7d, 0xff, 0xff, 0xff, 0xff, 0xff, 0xff, 0xe3, 0x20, 0xff, 0xff, 0x7c,
    0x00, 0x00, 0x00, 0x00, 0x00, 0x00, 0x49, 0xb6, 0xea, 0xf6, 0xd6, 0x84, 0x13, 0x00, 0xff, 0xff,
    0x7c, 0x00, 0x00, 0x19, 0xfc, 0xff, 0x9b, 0x00, 0x00, 0x00, 0x00, 0x00, 0x00, 0x00, 0x00, 0xdc,
    0xff, 0xd0, 0x00, 0x00, 0xb8, 0xff, 0xed, 0x05, 0x00, 0x00, 0x00, 0x00, 0x00, 0x00, 0x35, 0xff,
    0xff, 0x73, 0x00, 0x00, 0x5b, 0xff, 0xff, 0x4b, 0x00, 0x00, 0x00, 0x00, 0x00, 0x00, 0x8d, 0xff,
    0xfc, 0x19, 0x00, 0x00, 0x0a, 0xf2, 0xff, 0xa2, 0x00, 0x00, 0x00, 0x00, 0x00, 0x01, 0xe3, 0xff,
    0xb8, 0x00, 0x00, 0x00, 0x00, 0xa0, 0xff, 0xf1, 0x08, 0x00, 0x00, 0x00, 0x00, 0x3d, 0xff, 0xff,
    0x5a, 0x00, 0x00, 0x00, 0x00, 0x42, 0xff, 0xff, 0x52, 0x00, 0x00, 0x00, 0x00, 0x95, 0xff, 0xf2,
    0x0a, 0x00, 0x00, 0x00, 0x00, 0x02, 0xe2, 0xff, 0xaa, 0x00, 0x00, 0x00, 0x03, 0xe9, 0xff, 0x9f,
    0x00, 0x00, 0x00, 0x00, 0x00, 0x00, 0x87, 0xff, 0xf5, 0x0b, 0x00, 0x00, 0x46, 0xff, 0xff, 0x42,
    0x00, 0x00, 0x00, 0x00, 0x00, 0x00, 0x29, 0xff, 0xff, 0x59, 0x00, 0x00, 0x9e, 0xff, 0xe2, 0x02,
    0x00, 0x00, 0x00, 0x00, 0x00, 0x00, 0x00, 0xcc, 0xff, 0xaf, 0x00, 0x04, 0xef, 0xff, 0x87, 0x00,
    0x00, 0x00, 0x00, 0x00, 0x00, 0x00, 0x00, 0x6f, 0xff, 0xf4, 0x07, 0x40, 0xff, 0xff, 0x29, 0x00,
    0x00, 0x00, 0x00, 0x00, 0x00, 0x00, 0x00, 0x15, 0xfb, 0xff, 0x48, 0x8a, 0xff, 0xcc, 0x00, 0x00,
    0x00, 0x00, 0x00, 0x00, 0x00, 0x00, 0x00, 0x00, 0xb4, 0xff, 0x93, 0xd3, 0xff, 0x6e, 0x00, 0x00,
    0x00, 0x00, 0x00, 0x00, 0x00, 0x00, 0x00, 0x00, 0x56, 0xff, 0xf3, 0xff, 0xfb, 0x16, 0x00, 0x00,
    0x00, 0x00, 0x00, 0x00, 0x00, 0x00, 0x00, 0x00, 0x08, 0xf0, 0xff, 0xff, 0xb3, 0x00, 0x00, 0x00,
    0x00, 0x00, 0x00, 0x00, 0x00, 0x00, 0x00, 0x00, 0x00, 0x9b, 0xff, 0xff, 0x56, 0x00, 0x00, 0x00,
    0x00, 0x00, 0x00, 0x01, 0xe6, 0xff, 0xb1, 0x00, 0x00, 0x00, 0x00, 0x00, 0x04, 0xf1, 0xff, 0xeb,
    0x01, 0x00, 0x00, 0x00, 0x00, 0x00, 0xcb, 0xff, 0xce, 0x00, 0x00, 0x9d, 0xff, 0xf1, 0x04, 0x00,
    0x00, 0x00, 0x00, 0x39, 0xff, 0xff, 0xff, 0x2f, 0x00, 0x00, 0x00, 0x00, 0x11, 0xfd, 0xff, 0x84,
    0x00, 0x00, 0x53, 0xff, 0xff, 0x3a, 0x00, 0x00, 0x00, 0x00, 0x7c, 0xff, 0xff, 0xff, 0x71, 0x00,
    0x00, 0x00, 0x00, 0x53, 0xff, 0xff, 0x3a, 0x00, 0x00, 0x0e, 0xfa, 0xff, 0x7e, 0x00, 0x00, 0x00,
    0x00, 0xbf, 0xff, 0xbc, 0xff, 0xb4, 0x00, 0x00, 0x00, 0x00, 0x97, 0xff, 0xed, 0x03, 0x00, 0x00,
    0x00, 0xbe, 0xff, 0xc2, 0x00, 0x00, 0x00, 0x09, 0xf8, 0xff, 0x46, 0xff, 0xf2, 0x04, 0x00, 0x00,
    0x00, 0xdb, 0xff, 0xa6, 0x00, 0x00, 0x00, 0x00, 0x74, 0xff, 0xfa, 0x0b, 0x00, 0x00, 0x45, 0xff,
    0xda, 0x02, 0xf0, 0xff, 0x39, 0x00, 0x00, 0x1e, 0xff, 0xff, 0x5c, 0x00, 0x00, 0x00, 0x00, 0x2a,
    0xff, 0xff, 0x4a, 0x00, 0x00, 0x88, 0xff, 0x9d, 0x00, 0xb4, 0xff, 0x7b, 0x00, 0x00, 0x63, 0xff,
    0xfd, 0x14, 0x00, 0x00, 0x00, 0x00, 0x00, 0xdf, 0xff, 0x8e, 0x00, 0x00, 0xca, 0xff, 0x5a, 0x00,
    0x72, 0xff, 0xbb, 0x00, 0x00, 0xa6, 0xff, 0xc8, 0x00, 0x00, 0x00, 0x00, 0x00, 0x00, 0x95, 0xff,
    0xd1, 0x00, 0x0e, 0xfc, 0xfe, 0x17, 0x00, 0x2e, 0xff, 0xf5, 0x04, 0x00, 0xe6, 0xff, 0x7e, 0x00,
    0x00, 0x00, 0x00, 0x00, 0x00, 0x4b, 0xff, 0xfe, 0x12, 0x49, 0xff, 0xd0, 0x00, 0x00, 0x01, 0xe7,
    0xff, 0x35, 0x26, 0xff, 0xff, 0x34, 0x00, 0x00, 0x00, 0x00, 0x00, 0x00, 0x09, 0xf7, 0xff, 0x4f,
    0x85, 0xff, 0x8b, 0x00, 0x00, 0x00, 0xa3, 0xff, 0x6f, 0x63, 0xff, 0xe8, 0x01, 0x00, 0x00, 0x00,
    0x00, 0x00, 0x00, 0x00, 0xb7, 0xff, 0x88, 0xbe, 0xff, 0x45, 0x00, 0x00, 0x00, 0x5c, 0xff, 0xa8,
    0x9d, 0xff, 0xa0, 0x00, 0x00, 0x00, 0x00, 0x00, 0x00, 0x00, 0x00, 0x6c, 0xff, 0xc1, 0xf2, 0xf7,
    0x08, 0x00, 0x00, 0x00, 0x17, 0xfe, 0xdf, 0xd4, 0xff, 0x56, 0x00, 0x00, 0x00, 0x00, 0x00, 0x00,
    0x00, 0x00, 0x21, 0xff, 0xff, 0xff, 0xba, 0x00, 0x00, 0x00, 0x00, 0x00, 0xd0, 0xff, 0xff, 0xfb,
    0x10, 0x00, 0x00, 0x00, 0x00, 0x00, 0x00, 0x00, 0x00, 0x00, 0xd8, 0xff, 0xff, 0x74, 0x00, 0x00,
    0x00, 0x00, 0x00, 0x8a, 0xff, 0xff, 0xc2, 0x00, 0x00, 0x00, 0x00, 0x00, 0x00, 0x00, 0x00, 0x00,
    0x00, 0x8d, 0xff, 0xff, 0x2e, 0x00, 0x00, 0x00, 0x00, 0x00, 0x43, 0xff, 0xff, 0x78, 0x00, 0x00,
    0x00, 0x00, 0x00, 0x00, 0x61, 0xff, 0xff, 0x79, 0x00, 0x00, 0x00, 0x00, 0x00, 0x09, 0xde, 0xff,
    0xde, 0x0a, 0x00, 0x00, 0xba, 0xff, 0xf5, 0x1f, 0x00, 0x00, 0x00, 0x00, 0x88, 0xff, 0xff, 0x44,
    0x00, 0x00, 0x00, 0x20, 0xf4, 0xff, 0xb0, 0x00, 0x00, 0x00, 0x2c, 0xfa, 0xff, 0x9e, 0x00, 0x00,
    0x00, 0x00, 0x00, 0x6e, 0xff, 0xff, 0x48, 0x00, 0x00, 0xbd, 0xff, 0xe8, 0x11, 0x00, 0x00, 0x00,
    0x00, 0x00, 0x02, 0xc5, 0xff, 0xd4, 0x03, 0x49, 0xff, 0xff, 0x54, 0x00, 0x00, 0x00, 0x00, 0x00,
    0x00, 0x00, 0x29, 0xf8, 0xff, 0x69, 0xd1, 0xff, 0xaf, 0x00, 0x00, 0x00, 0x00, 0x00, 0x00, 0x00,
    0x00, 0x00, 0x7c, 0xff, 0xff, 0xff, 0xf0, 0x1a, 0x00, 0x00, 0x00, 0x00, 0x00, 0x00, 0x00, 0x00,
    0x00, 0x04, 0xff, 0xff, 0xff, 0x6b, 0x00, 0x00, 0x00, 0x00, 0x00, 0x00, 0x00, 0x00, 0x00, 0x00,
    0x25, 0xff, 0xff, 0xff, 0x81, 0x00, 0x00, 0x00, 0x00, 0x00, 0x00, 0x00, 0x00, 0x00, 0x01, 0xc2,
    0xff, 0xf7, 0xff, 0xfa, 0x2f, 0x00, 0x00, 0x00, 0x00, 0x00, 0x00, 0x00, 0x00, 0x6c, 0xff, 0xfc,
    0x29, 0xb5, 0xff, 0xce, 0x04, 0x00, 0x00, 0x00, 0x00, 0x00, 0x00, 0x1f, 0xf3, 0xff, 0x96, 0x00,
    0x28, 0xfb, 0xff, 0x7d, 0x00, 0x00, 0x00, 0x00, 0x00, 0x00, 0xb9, 0xff, 0xee, 0x15, 0x00, 0x00,
    0x8f, 0xff, 0xf9, 0x2c, 0x00, 0x00, 0x00, 0x00, 0x62, 0xff, 0xff, 0x64, 0x00, 0x00, 0x00, 0x0d,
    0xe3, 0xff, 0xcb, 0x03, 0x00, 0x00, 0x19, 0xef, 0xff, 0xc3, 0x01, 0x00, 0x00, 0x00, 0x00, 0x51,
    0xff, 0xff, 0x79, 0x00, 0x00, 0xb0, 0xff, 0xf9, 0x2a, 0x00, 0x00, 0x00, 0x00, 0x00, 0x00, 0xb0,
    0xff, 0xf8, 0x2a, 0x19, 0xfc, 0xff, 0x9b, 0x00, 0x00, 0x00, 0x00, 0x00, 0x00, 0x00, 0x00, 0xdc,
    0xff, 0xd0, 0x00, 0x00, 0xb8, 0xff, 0xee, 0x05, 0x00, 0x00, 0x00, 0x00, 0x00, 0x00, 0x35, 0xff,
    0xff, 0x73, 0x00, 0x00, 0x5b, 0xff, 0xff, 0x4c, 0x00, 0x00, 0x00, 0x00, 0x00, 0x00, 0x8e, 0xff,
    0xfc, 0x18, 0x00, 0x00, 0x0a, 0xf2, 0xff, 0xa4, 0x00, 0x00, 0x00, 0x00, 0x00, 0x02, 0xe4, 0xff,
    0xb7, 0x00, 0x00, 0x00, 0x00, 0xa0, 0xff, 0xf2, 0x09, 0x00, 0x00, 0x00, 0x00, 0x40, 0xff, 0xff,
    0x59, 0x00, 0x00, 0x00, 0x00, 0x42, 0xff, 0xff, 0x54, 0x00, 0x00, 0x00, 0x00, 0x99, 0xff, 0xf1,
    0x09, 0x00, 0x00, 0x00, 0x00, 0x02, 0xe3, 0xff, 0xac, 0x00, 0x00, 0x00, 0x05, 0xec, 0xff, 0x9d,
    0x00, 0x00, 0x00, 0x00, 0x00, 0x00, 0x88, 0xff, 0xf6, 0x0d, 0x00, 0x00, 0x4b, 0xff, 0xff, 0x3f,
    0x00, 0x00, 0x00, 0x00, 0x00, 0x00, 0x2a, 0xff, 0xff, 0x5c, 0x00, 0x00, 0xa3, 0xff, 0xe0, 0x01,
    0x00, 0x00, 0x00, 0x00, 0x00, 0x00, 0x00, 0xcd, 0xff, 0xb2, 0x00, 0x07, 0xf2, 0xff, 0x83, 0x00,
    0x00, 0x00, 0x00, 0x00, 0x00, 0x00, 0x00, 0x6f, 0xff, 0xf6, 0x09, 0x47, 0xff, 0xff, 0x25, 0x00,
    0x00, 0x00, 0x00, 0x00, 0x00, 0x00, 0x00, 0x16, 0xfb, 0xff, 0x4b, 0x92, 0xff, 0xc7, 0x00, 0x00,
    0x00, 0x00, 0x00, 0x00, 0x00, 0x00, 0x00, 0x00, 0xb5, 0xff, 0x96, 0xdc, 0xff, 0x69, 0x00, 0x00,
    0x00, 0x00, 0x00, 0x00, 0x00, 0x00, 0x00, 0x00, 0x57, 0xff, 0xfd, 0xff, 0xf9, 0x12, 0x00, 0x00,
    0x00, 0x00, 0x00, 0x00, 0x00, 0x00, 0x00, 0x00, 0x08, 0xf0, 0xff, 0xff, 0xae, 0x00, 0x00, 0x00,
    0x00, 0x00, 0x00, 0x00, 0x00, 0x00, 0x00, 0x00, 0x00, 0x9c, 0xff, 0xff, 0x50, 0x00, 0x00, 0x00,
    0x00, 0x00, 0x00, 0x00, 0x00, 0x00, 0x00, 0x00, 0x00, 0x94, 0xff, 0xec, 0x05, 0x00, 0x00, 0x00,
    0x00, 0x00, 0x00, 0x00, 0x00, 0x00, 0x00, 0x00, 0x04, 0xe7, 0xff, 0x94, 0x00, 0x00, 0x00, 0x00,
    0x00, 0x00, 0x00, 0x00, 0x00, 0x00, 0x00, 0x00, 0x63, 0xff, 0xff, 0x32, 0x00, 0x00, 0x00, 0x00,
    0x00, 0x00, 0x00, 0x00, 0x00, 0x3e, 0x57, 0x77, 0xf6, 0xff, 0xbb, 0x00, 0x00, 0x00, 0x00, 0x00,
    0x00, 0x00, 0x00, 0x00, 0x00, 0xbe, 0xff, 0xff, 0xff, 0xe9, 0x23, 0x00, 0x00, 0x00, 0x00, 0x00,
    0x00, 0x00, 0x00, 0x00, 0x03, 0xd8, 0xf9, 0xeb, 0xa4, 0x20, 0x00, 0x00, 0x00, 0x00, 0x00, 0x00,
    0x00, 0x00, 0x00, 0x00, 0x00, 0x00, 0xff, 0xff, 0xff, 0xff, 0xff, 0xff, 0xff, 0xff, 0xff, 0xff,
    0xff, 0x00, 0x00, 0x00, 0x00, 0x00, 0xff, 0xff, 0xff, 0xff, 0xff, 0xff, 0xff, 0xff, 0xff, 0xff,
    0xfe, 0x00, 0x00, 0x00, 0x00, 0x00, 0x48, 0x48, 0x48, 0x48, 0x48, 0x48, 0x48, 0x82, 0xff, 0xff,
    0x96, 0x00, 0x00, 0x00, 0x00, 0x00, 0x00, 0x00, 0x00, 0x00, 0x00, 0x00, 0x13, 0xe2, 0xff, 0xdd,
    0x0c, 0x00, 0x00, 0x00, 0x00, 0x00, 0x00, 0x00, 0x00, 0x00, 0x00, 0x01, 0xb5, 0xff, 0xfe, 0x3e,
    0x00, 0x00, 0x00, 0x00, 0x00, 0x00, 0x00, 0x00, 0x00, 0x00, 0x00, 0x77, 0xff, 0xff, 0x8f, 0x00,
    0x00, 0x00, 0x00, 0x00, 0x00, 0x00, 0x00, 0x00, 0x00, 0x00, 0x3a, 0xfb, 0xff, 0xd9, 0x09, 0x00,
    0x00, 0x00, 0x00, 0x00, 0x00, 0x00, 0x00, 0x00, 0x00, 0x13, 0xe2, 0xff, 0xfd, 0x39, 0x00, 0x00,
    0x00, 0x00, 0x00, 0x00, 0x00, 0x00, 0x00, 0x00, 0x01, 0xb5, 0xff, 0xff, 0x89, 0x00, 0x00, 0x00,
    0x00, 0x00, 0x00, 0x00, 0x00, 0x00, 0x00, 0x00, 0x77, 0xff, 0xff, 0xd5, 0x07, 0x00, 0x00, 0x00,
    0x00, 0x00, 0x00, 0x00, 0x00, 0x00, 0x00, 0x3a, 0xfb, 0xff, 0xfb, 0x34, 0x00, 0x00, 0x00, 0x00,
    0x00, 0x00, 0x00, 0x00, 0x00, 0x00, 0x13, 0xe2, 0xff, 0xff, 0x83, 0x00, 0x00, 0x00, 0x00, 0x00,
    0x00, 0x00, 0x00, 0x00, 0x00, 0x01, 0xb5, 0xff, 0xff, 0xd0, 0x05, 0x00, 0x00, 0x00, 0x00, 0x00,
    0x00, 0x00, 0x00, 0x00, 0x00, 0x77, 0xff, 0xff, 0xff, 0x77, 0x48, 0x48, 0x48, 0x48, 0x48, 0x48,
    0x48, 0x00, 0x00, 0x00, 0x00, 0xfb, 0xff, 0xff, 0xff, 0xff, 0xff, 0xff, 0xff, 0xff, 0xff, 0xff,
    0xff, 0x00, 0x00, 0x00, 0x00, 0xff, 0xff, 0xff, 0xff, 0xff, 0xff, 0xff, 0xff, 0xff, 0xff, 0xff,
    0xff, 0x00, 0x00, 0x00, 0x00, 0x00, 0x00, 0x00, 0x00, 0x00, 0x00, 0x13, 0x38, 0x22, 0x00, 0x00,
    0x00, 0x00, 0x00, 0x00, 0x00, 0x35, 0xc5, 0xff, 0xff, 0x80, 0x00, 0x00, 0x00, 0x00, 0x00, 0x00,
    0x24, 0xf4, 0xff, 0xff, 0xff, 0x80, 0x00, 0x00, 0x00, 0x00, 0x00, 0x00, 0x99, 0xff, 0xff, 0x88,
    0x1b, 0x02, 0x00, 0x00, 0x00, 0x00, 0x00, 0x00, 0xd9, 0xff, 0xcf, 0x00, 0x00, 0x00, 0x00, 0x00,
    0x00, 0x00, 0x00, 0x00, 0xf6, 0xff, 0x93, 0x00, 0x00, 0x00, 0x00, 0x00, 0x00, 0x00, 0x00, 0x00,
    0xff, 0xff, 0x7d, 0x00, 0x00, 0x00, 0x00, 0x00, 0x00, 0x00, 0x00, 0x00, 0xff, 0xff, 0x7c, 0x00,
    0x00, 0x00, 0x00, 0x00, 0x00, 0x00, 0x00, 0x00, 0xff, 0xff, 0x7c, 0x00, 0x00, 0x00, 0x00, 0x00,
    0x00, 0x00, 0x00, 0x02, 0xff, 0xff, 0x7c, 0x00, 0x00, 0x00, 0x00, 0x00, 0x00, 0x00, 0x00, 0x1a,
    0xff, 0xff, 0x73, 0x00, 0x00, 0x00, 0x00, 0x00, 0x00, 0x00, 0x00, 0x66, 0xff, 0xff, 0x4c, 0x00,
    0x00, 0x00, 0x00, 0x00, 0x00, 0x97, 0xca, 0xff, 0xff, 0xc9, 0x06, 0x00, 0x00, 0x00, 0x00, 0x00,
    0x00, 0xff, 0xff, 0xff, 0x64, 0x06, 0x00, 0x00, 0x00, 0x00, 0x00, 0x00, 0x00, 0xff, 0xff, 0xff,
    0x94, 0x1a, 0x00, 0x00, 0x00, 0x00, 0x00, 0x00, 0x00, 0x08, 0x3c, 0xd7, 0xff, 0xe4, 0x0f, 0x00,
    0x00, 0x00, 0x00, 0x00, 0x00, 0x00, 0x00, 0x48, 0xff, 0xff, 0x55, 0x00, 0x00, 0x00, 0x00, 0x00,
    0x00, 0x00, 0x00, 0x13, 0xff, 0xff, 0x78, 0x00, 0x00, 0x00, 0x00, 0x00, 0x00, 0x00, 0x00, 0x00,
    0xff, 0xff, 0x7c, 0x00, 0x00, 0x00, 0x00, 0x00, 0x00, 0x00, 0x00, 0x00, 0xff, 0xff, 0x7c, 0x00,
    0x00, 0x00, 0x00, 0x00, 0x00, 0x00, 0x00, 0x00, 0xff, 0xff, 0x7c, 0x00, 0x00, 0x00, 0x00, 0x00,
    0x00, 0x00, 0x00, 0x00, 0xfd, 0xff, 0x81, 0x00, 0x00, 0x00, 0x00, 0x00, 0x00, 0x00, 0x00, 0x00,
    0xf1, 0xff, 0x9b, 0x00, 0x00, 0x00, 0x00, 0x00, 0x00, 0x00, 0x00, 0x00, 0xcd, 0xff, 0xe8, 0x08,
    0x00, 0x00, 0x00, 0x00, 0x00, 0x00, 0x00, 0x00, 0x80, 0xff, 0xff, 0xc7, 0x63, 0x26, 0x00, 0x00,
    0x00, 0x00, 0x00, 0x00, 0x0e, 0xd8, 0xff, 0xff, 0xff, 0x80, 0x00, 0x00, 0x00, 0x00, 0x00, 0x00,
    0x00, 0x10, 0x82, 0xce, 0xf1, 0x7e, 0x00, 0x00, 0x00, 0x00, 0x00, 0x80, 0x80, 0x3e, 0x00, 0x00,
    0x00, 0x00, 0x00, 0x00, 0x00, 0xff, 0xff, 0x7c, 0x00, 0x00, 0x00, 0x00, 0x00, 0x00, 0x00, 0xff,
    0xff, 0x7c, 0x00, 0x00, 0x00, 0x00, 0x00, 0x00, 0x00, 0xff, 0xff, 0x7c, 0x00, 0x00, 0x00, 0x00,
    0x00, 0x00, 0x00, 0xff, 0xff, 0x7c, 0x00, 0x00, 0x00, 0x00, 0x00, 0x00, 0x00, 0xff, 0xff, 0x7c,
    0x00, 0x00, 0x00, 0x00, 0x00, 0x00, 0x00, 0xff, 0xff, 0x7c, 0x00, 0x00, 0x00, 0x00, 0x00, 0x00,
    0x00, 0xff, 0xff, 0x7c, 0x00, 0x00, 0x00, 0x00, 0x00, 0x00, 0x00, 0xff, 0xff, 0x7c, 0x00, 0x00,
    0x00, 0x00, 0x00, 0x00, 0x00, 0xff, 0xff, 0x7c, 0x00, 0x00, 0x00, 0x00, 0x00, 0x00, 0x00, 0xff,
    0xff, 0x7c, 0x00, 0x00, 0x00, 0x00, 0x00, 0x00, 0x00, 0xff, 0xff, 0x7c, 0x00, 0x00, 0x00, 0x00,
    0x00, 0x00, 0x00, 0xff, 0xff, 0x7c, 0x00, 0x00, 0x00, 0x00, 0x00, 0x00, 0x00, 0xff, 0xff, 0x7c,
    0x00, 0x00, 0x00, 0x00, 0x00, 0x00, 0x00, 0xff, 0xff, 0x7c, 0x00, 0x00, 0x00, 0x00, 0x00, 0x00,
    0x00, 0xff, 0xff, 0x7c, 0x00, 0x00, 0x00, 0x00, 0x00, 0x00, 0x00, 0xff, 0xff, 0x7c, 0x00, 0x00,
    0x00, 0x00, 0x00, 0x00, 0x00, 0xff, 0xff, 0x7c, 0x00, 0x00, 0x00, 0x00, 0x00, 0x00, 0x00, 0xff,
    0xff, 0x7c, 0x00, 0x00, 0x00, 0x00, 0x00, 0x00, 0x00, 0xff, 0xff, 0x7c, 0x00, 0x00, 0x00, 0x00,
    0x00, 0x00, 0x00, 0xff, 0xff, 0x7c, 0x00, 0x00, 0x00, 0x00, 0x00, 0x00, 0x00, 0xff, 0xff, 0x7c,
    0x00, 0x00, 0x00, 0x00, 0x00, 0x00, 0x00, 0xff, 0xff, 0x7c, 0x00, 0x00, 0x00, 0x00, 0x00, 0x00,
    0x00, 0xff, 0xff, 0x7c, 0x00, 0x00, 0x00, 0x00, 0x00, 0x00, 0x00, 0xff, 0xff, 0x7c, 0x00, 0x00,
    0x00, 0x00, 0x00, 0x00, 0x00, 0xff, 0xff, 0x7c, 0x00, 0x00, 0x00, 0x00, 0x00, 0x00, 0x00, 0xff,
    0xff, 0x7c, 0x00, 0x00, 0x00, 0x00, 0x00, 0x00, 0x00, 0xff, 0xff, 0x7c, 0x00, 0x00, 0x00, 0x00,
    0x00, 0x00, 0x00, 0xff, 0xff, 0x7c, 0x00, 0x00, 0x00, 0x00, 0x00, 0x00, 0x00, 0xff, 0xff, 0x7c,
    0x00, 0x00, 0x00, 0x00, 0x00, 0x00, 0x00, 0xff, 0xff, 0x7c, 0x00, 0x00, 0x00, 0x00, 0x00, 0x00,
    0x00, 0xff, 0xff, 0x7c, 0x00, 0x00, 0x00, 0x00, 0x00, 0x00, 0x00, 0xff, 0xff, 0x7c, 0x00, 0x00,
    0x00, 0x00, 0x00, 0x00, 0x00, 0xff, 0xff, 0x7c, 0x00, 0x00, 0x00, 0x00, 0x00, 0x00, 0x00, 0xff,
    0xff, 0x7c, 0x00, 0x00, 0x00, 0x00, 0x00, 0x40, 0x2a, 0x03, 0x00, 0x00, 0x00, 0x00, 0x00, 0x00,
    0x00, 0x00, 0x00, 0xff, 0xff, 0xee, 0x83, 0x04, 0x00, 0x00, 0x00, 0x00, 0x00, 0x00, 0x00, 0xff,
    0xff, 0xff, 0xff, 0x94, 0x00, 0x00, 0x00, 0x00, 0x00, 0x00, 0x00, 0x09, 0x40, 0xdd, 0xff, 0xfb,
    0x16, 0x00, 0x00, 0x00, 0x00, 0x00, 0x00, 0x00, 0x00, 0x54, 0xff, 0xff, 0x52, 0x00, 0x00, 0x00,
    0x00, 0x00, 0x00, 0x00, 0x00, 0x18, 0xff, 0xff, 0x70, 0x00, 0x00, 0x00, 0x00, 0x00, 0x00, 0x00,
    0x00, 0x02, 0xff, 0xff, 0x7b, 0x00, 0x00, 0x00, 0x00, 0x00, 0x00, 0x00, 0x00, 0x00, 0xff, 0xff,
    0x7c, 0x00, 0x00, 0x00, 0x00, 0x00, 0x00, 0x00, 0x00, 0x00, 0xff, 0xff, 0x7c, 0x00, 0x00, 0x00,
    0x00, 0x00, 0x00, 0x00, 0x00, 0x00, 0xff, 0xff, 0x7e, 0x00, 0x00, 0x00, 0x00, 0x00, 0x00, 0x00,
    0x00, 0x00, 0xf7, 0xff, 0x95, 0x00, 0x00, 0x00, 0x00, 0x00, 0x00, 0x00, 0x00, 0x00, 0xd3, 0xff,
    0xdd, 0x04, 0x00, 0x00, 0x00, 0x00, 0x00, 0x00, 0x00, 0x00, 0x59, 0xfd, 0xff, 0xff, 0xaf, 0x49,
    0x00, 0x00, 0x00, 0x00, 0x00, 0x00, 0x00, 0x2f, 0x8f, 0xff, 0xff, 0xef, 0x00, 0x00, 0x00, 0x00,
    0x00, 0x00, 0x00, 0x5d, 0xbf, 0xff, 0xff, 0xf8, 0x00, 0x00, 0x00, 0x00, 0x00, 0x00, 0x7a, 0xff,
    0xff, 0x7e, 0x18, 0x01, 0x00, 0x00, 0x00, 0x00, 0x00, 0x00, 0xdd, 0xff, 0xc4, 0x00, 0x00, 0x00,
    0x00, 0x00, 0x00, 0x00, 0x00, 0x00, 0xfc, 0xff, 0x8e, 0x00, 0x00, 0x00, 0x00, 0x00, 0x00, 0x00,
    0x00, 0x00, 0xff, 0xff, 0x7c, 0x00, 0x00, 0x00, 0x00, 0x00, 0x00, 0x00, 0x00, 0x00, 0xff, 0xff,
    0x7c, 0x00, 0x00, 0x00, 0x00, 0x00, 0x00, 0x00, 0x00, 0x00, 0xff, 0xff, 0x7c, 0x00, 0x00, 0x00,
    0x00, 0x00, 0x00, 0x00, 0x00, 0x05, 0xff, 0xff, 0x79, 0x00, 0x00, 0x00, 0x00, 0x00, 0x00, 0x00,
    0x00, 0x20, 0xff, 0xff, 0x6b, 0x00, 0x00, 0x00, 0x00, 0x00, 0x00, 0x00, 0x00, 0x75, 0xff, 0xff,
    0x45, 0x00, 0x00, 0x00, 0x00, 0x00, 0x00, 0x50, 0x88, 0xf8, 0xff, 0xef, 0x09, 0x00, 0x00, 0x00,
    0x00, 0x00, 0x00, 0xff, 0xff, 0xff, 0xfe, 0x60, 0x00, 0x00, 0x00, 0x00, 0x00, 0x00, 0x00, 0xf9,
    0xe3, 0xad, 0x3f, 0x00, 0x00, 0x00, 0x00, 0x00, 0x00, 0x00, 0x00, 0x00, 0x00, 0x0a, 0x3a, 0x36,
    0x05, 0x00, 0x00, 0x00, 0x00, 0x00, 0x00, 0x00, 0x00, 0x00, 0x00, 0x00, 0x00, 0x00, 0x69, 0xf2,
    0xff, 0xff, 0xe7, 0x58, 0x00, 0x00, 0x00, 0x00, 0x61, 0xb8, 0xb1, 0x00, 0x00, 0x00, 0x00, 0x49,
    0xff, 0xff, 0xff, 0xff, 0xff, 0xff, 0x8d, 0x02, 0x00, 0x00, 0xb3, 0xff, 0xe2, 0x00, 0x00, 0x00,
    0x00, 0xb8, 0xff, 0xf2, 0x3f, 0x0d, 0x7b, 0xfd, 0xff, 0xbf, 0x5c, 0x86, 0xfe, 0xff, 0x9e, 0x00,
    0x00, 0x00, 0x00, 0xea, 0xff, 0x9c, 0x00, 0x00, 0x00, 0x4a, 0xf2, 0xff, 0xff, 0xff, 0xff, 0xf3,
    0x25, 0x00, 0x00, 0x00, 0x00, 0x71, 0x74, 0x3a, 0x00, 0x00, 0x00, 0x00, 0x22, 0xa9, 0xef, 0xf3,
    0xb8, 0x2f, 0x00, 0x00, 0x00, 0x00, 0x00, 0x00, 0x00, 0x00, 0x00, 0x00, 0x00, 0x00, 0x00, 0x00,
    0x00, 0x00, 0x00, 0x00, 0x00, 0x00, 0x00, 0x00, 0x00, 0x00, 0x00, 0x00, 0x00, 0x00, 0x00, 0x00,
    0x00, 0x00, 0x00, 0x00, 0x00, 0x00, 0x00, 0x00, 0x00, 0x00, 0x00, 0x00, 0x00, 0x00, 0x00, 0x00,
    0x00, 0x00, 0x00, 0x00, 0x00, 0x00, 0x00, 0x00, 0x00, 0x00, 0x00, 0x00, 0x00, 0x00, 0x00, 0x00,
    0x00, 0x00, 0x00, 0x00, 0x00, 0x00, 0x00, 0x00, 0x00, 0x00, 0x00, 0x00, 0x00, 0x00, 0x00, 0x00,
    0x00, 0x00, 0x00, 0x00, 0x00, 0x00, 0x00, 0x00, 0x00, 0x00, 0x00, 0x00, 0x00, 0x00, 0x00, 0x00,
    0x00, 0x00, 0x00, 0x00, 0x00, 0x00, 0x00, 0x00, 0x00, 0x00, 0x00, 0x00, 0x00, 0x00, 0x00, 0x00,
    0x00, 0x00, 0x00, 0x00, 0x00, 0x00, 0x18, 0x3d, 0x2f, 0x04, 0x00, 0x00, 0x00, 0x00, 0x00, 0x00,
    0x00, 0x18, 0xb0, 0xfd, 0xff, 0xff, 0xe5, 0x5e, 0x00, 0x00, 0x00, 0x00, 0x00, 0x12, 0xde, 0xff,
    0xff, 0xff, 0xff, 0xff, 0xff, 0x6c, 0x00, 0x00, 0x00, 0x00, 0x8f, 0xff, 0xff, 0x7c, 0x0c, 0x2c,
    0xda, 0xff, 0xf7, 0x13, 0x00, 0x00, 0x00, 0xe2, 0xff, 0xad, 0x00, 0x00, 0x00, 0x31, 0xff, 0xff,
    0x5d, 0x00, 0x00, 0x00, 0xf7, 0xff, 0x84, 0x00, 0x00, 0x00, 0x08, 0xff, 0xff, 0x73, 0x00, 0x00,
    0x00, 0xd4, 0xff, 0xca, 0x05, 0x00, 0x00, 0x53, 0xff, 0xff, 0x50, 0x00, 0x00, 0x00, 0x70, 0xff,
    0xff, 0xba, 0x53, 0x72, 0xf5, 0xff, 0xe5, 0x07, 0x00, 0x00, 0x00, 0x03, 0xb2, 0xff, 0xff, 0xff,
    0xff, 0xff, 0xf3, 0x3c, 0x00, 0x00, 0x00, 0x00, 0x00, 0x02, 0x6c, 0xcf, 0xf6, 0xe8, 0xa5, 0x27,
    0x00, 0x00, 0x00, 0x00, 0x00, 0x00, 0x00, 0x00, 0x00, 0x00, 0x00, 0x00, 0x00, 0x00, 0x00, 0x00,
    0x00, 0x00, 0x00, 0x00, 0x00, 0x00, 0x00, 0x00, 0x00, 0x00, 0x00, 0x00, 0x00, 0x00, 0x00, 0x00,
    0x00, 0x00, 0x00, 0x00, 0x00, 0x00, 0x00, 0x00, 0x00, 0x00, 0x00, 0x00, 0x00, 0x00, 0x00, 0x00,
    0x00, 0x00, 0x00, 0x00, 0x00, 0x00, 0x00, 0x00, 0x00, 0x00, 0x00, 0x00, 0x00, 0x00, 0x00, 0x00,
    0x00, 0x00, 0x00, 0x00, 0x00, 0x00, 0x00, 0x00, 0x00, 0x00, 0x00, 0x00, 0x00, 0x00, 0x00, 0x00,
    0x00, 0x00, 0x00, 0x00, 0x00, 0x00, 0x00, 0x00, 0x00, 0x00, 0x00, 0x00, 0x00, 0x00, 0x00, 0x00,
    0x00, 0x00, 0x00, 0x00, 0x00, 0x00, 0x00, 0x00, 0x00, 0x00, 0x00, 0x00, 0x00, 0x00, 0x00, 0x00,
    0x00, 0x00, 0x00, 0x00, 0x00, 0x00, 0x00, 0x00, 0x00, 0x00, 0x00, 0x00, 0x00, 0x00, 0x00, 0x00,
    0x00, 0x00, 0x00, 0x00, 0x00, 0x00, 0x00, 0x00, 0x00, 0x00, 0x00, 0x00, 0x00, 0x00, 0x00, 0x00,
    0x00, 0x00, 0x00, 0x00, 0x00, 0x00, 0x00, 0x00, 0x00, 0x00, 0x00, 0x00, 0x00, 0x00, 0x00, 0x00,
    0x00, 0x00, 0x00, 0x00, 0x2a, 0xf9, 0xff, 0x65, 0x00, 0x00, 0x00, 0x00, 0x00, 0x00, 0x00, 0x00,
    0x00, 0x00, 0x00, 0x00, 0x00, 0x00, 0x00, 0x83, 0xff, 0xd9, 0x01, 0x00, 0x00, 0x00, 0x00, 0x00,
    0x00, 0x00, 0x00, 0x00, 0x00, 0x00, 0x00, 0x00, 0x00, 0x07, 0xda, 0xff, 0x4f, 0x00, 0x00, 0x00,
    0x00, 0x00, 0x00, 0x00, 0x00, 0x00, 0x00, 0x00, 0x00, 0x00, 0x00, 0x00, 0x41, 0xff, 0xc5, 0x00,
    0x00, 0x00, 0x00, 0x00, 0x00, 0x00, 0x00, 0x00, 0x00, 0x00, 0x00, 0x00, 0x00, 0x00, 0x00, 0x00,
    0x00, 0x00, 0x00, 0x00, 0x00, 0x00, 0x00, 0x00, 0x00, 0x00, 0x00, 0x00, 0x00, 0x00, 0x00, 0x00,
    0x00, 0x00, 0x00, 0x00, 0x00, 0x00, 0x00, 0x00, 0x00, 0x00, 0x00, 0x00, 0x00, 0x00, 0x00, 0x00,
    0x00, 0x00, 0xa9, 0xff, 0xff, 0x90, 0x00, 0x00, 0x00, 0x00, 0x00, 0x00, 0x00, 0x00, 0x00, 0x00,
    0x00, 0x00, 0x00, 0x0b, 0xf5, 0xff, 0xff, 0xe6, 0x02, 0x00, 0x00, 0x00, 0x00, 0x00, 0x00, 0x00,
    0x00, 0x00, 0x00, 0x00, 0x00, 0x59, 0xff, 0xd8, 0xf0, 0xff, 0x42, 0x00, 0x00, 0x00, 0x00, 0x00,
    0x00, 0x00, 0x00, 0x00, 0x00, 0x00, 0x00, 0xb1, 0xff, 0x90, 0xae, 0xff, 0x9c, 0x00, 0x00, 0x00,
    0x00, 0x00, 0x00, 0x00, 0x00, 0x00, 0x00, 0x00, 0x0f, 0xf8, 0xff, 0x48, 0x68, 0xff, 0xef, 0x06,
    0x00, 0x00, 0x00, 0x00, 0x00, 0x00, 0x00, 0x00, 0x00, 0x00, 0x61, 0xff, 0xf6, 0x08, 0x1f, 0xff,
    0xff, 0x4e, 0x00, 0x00, 0x00, 0x00, 0x00, 0x00, 0x00, 0x00, 0x00, 0x00, 0xba, 0xff, 0xb2, 0x00,
    0x00, 0xd3, 0xff, 0xa8, 0x00, 0x00, 0x00, 0x00, 0x00, 0x00, 0x00, 0x00, 0x00, 0x15, 0xfc, 0xff,
    0x65, 0x00, 0x00, 0x83, 0xff, 0xf5, 0x0b, 0x00, 0x00, 0x00, 0x00, 0x00, 0x00, 0x00, 0x00, 0x6a,
    0xff, 0xfd, 0x18, 0x00, 0x00, 0x32, 0xff, 0xff, 0x5a, 0x00, 0x00, 0x00, 0x00, 0x00, 0x00, 0x00,
    0x00, 0xc2, 0xff, 0xc3, 0x00, 0x00, 0x00, 0x00, 0xdd, 0xff, 0xb4, 0x00, 0x00, 0x00, 0x00, 0x00,
    0x00, 0x00, 0x1c, 0xfe, 0xff, 0x6f, 0x00, 0x00, 0x00, 0x00, 0x88, 0xff, 0xfa, 0x13, 0x00, 0x00,
    0x00, 0x00, 0x00, 0x00, 0x73, 0xff, 0xff, 0x1d, 0x00, 0x00, 0x00, 0x00, 0x32, 0xff, 0xff, 0x66,
    0x00, 0x00, 0x00, 0x00, 0x00, 0x00, 0xcb, 0xff, 0xff, 0x58, 0x58, 0x58, 0x58, 0x58, 0x58, 0xff,
    0xff, 0xc0, 0x00, 0x00, 0x00, 0x00, 0x00, 0x23, 0xff, 0xff, 0xff, 0xff, 0xff, 0xff, 0xff, 0xff,
    0xff, 0xff, 0xff, 0xfd, 0x1b, 0x00, 0x00, 0x00, 0x00, 0x7b, 0xff, 0xff, 0xff, 0xff, 0xff, 0xff,
    0xff, 0xff, 0xff, 0xff, 0xff, 0xff, 0x72, 0x00, 0x00, 0x00, 0x00, 0xd3, 0xff, 0xd0, 0x00, 0x00,
    0x00, 0x00, 0x00, 0x00, 0x00, 0x00, 0xdb, 0xff, 0xcc, 0x00, 0x00, 0x00, 0x2b, 0xff, 0xff, 0x7d,
    0x00, 0x00, 0x00, 0x00, 0x00, 0x00, 0x00, 0x00, 0x86, 0xff, 0xff, 0x25, 0x00, 0x00, 0x84, 0xff,
    0xff, 0x2a, 0x00, 0x00, 0x00, 0x00, 0x00, 0x00, 0x00, 0x00, 0x30, 0xff, 0xff, 0x7e, 0x00, 0x00,
    0xdb, 0xff, 0xd7, 0x00, 0x00, 0x00, 0x00, 0x00, 0x00, 0x00, 0x00, 0x00, 0x00, 0xda, 0xff, 0xd7,
    0x00, 0x34, 0xff, 0xff, 0x84, 0x00, 0x00, 0x00, 0x00, 0x00, 0x00, 0x00, 0x00, 0x00, 0x00, 0x85,
    0xff, 0xff, 0x31, 0x8c, 0xff, 0xff, 0x31, 0x00, 0x00, 0x00, 0x00, 0x00, 0x00, 0x00, 0x00, 0x00,
    0x00, 0x2f, 0xff, 0xff, 0x8b, 0x00, 0x00, 0x00, 0x00, 0x00, 0x00, 0x00, 0x00, 0x00, 0x27, 0x80,
    0x80, 0x23, 0x00, 0x00, 0x00, 0x00, 0x00, 0x00, 0x00, 0x00, 0x00, 0x00, 0x00, 0x00, 0x00, 0x00,
    0x9d, 0xff, 0xd6, 0x04, 0x00, 0x00, 0x00, 0x00, 0x00, 0x00, 0x00, 0x00, 0x00, 0x00, 0x00, 0x00,
    0x00, 0x10, 0xf5, 0xff, 0x49, 0x00, 0x00, 0x00, 0x00, 0x00, 0x00, 0x00, 0x00, 0x00, 0x00, 0x00,
    0x00, 0x00, 0x00, 0x6f, 0xff, 0xb9, 0x00, 0x00, 0x00, 0x00, 0x00, 0x00, 0x00, 0x00, 0x00, 0x00,
    0x00, 0x00, 0x00, 0x00, 0x00, 0xd7, 0xfc, 0x2b, 0x00, 0x00, 0x00, 0x00, 0x00, 0x00, 0x00, 0x00,
    0x00, 0x00, 0x00, 0x00, 0x00, 0x00, 0x00, 0x00, 0x00, 0x00, 0x00, 0x00, 0x00, 0x00, 0x00, 0x00,
    0x00, 0x00, 0x00, 0x00, 0x00, 0x00, 0x00, 0x00, 0x00, 0x00, 0x00, 0x00, 0x00, 0x00, 0x00, 0x00,
    0x00, 0x00, 0x00, 0x00, 0x00, 0x00, 0x00, 0x00, 0x00, 0x00, 0xa9, 0xff, 0xff, 0x90, 0x00, 0x00,
    0x00, 0x00, 0x00, 0x00, 0x00, 0x00, 0x00, 0x00, 0x00, 0x00, 0x00, 0x0b, 0xf5, 0xff, 0xff, 0xe6,
    0x02, 0x00, 0x00, 0x00, 0x00, 0x00, 0x00, 0x00, 0x00, 0x00, 0x00, 0x00, 0x00, 0x59, 0xff, 0xd8,
    0xf0, 0xff, 0x42, 0x00, 0x00, 0x00, 0x00, 0x00, 0x00, 0x00, 0x00, 0x00, 0x00, 0x00, 0x00, 0xb1,
    0xff, 0x90, 0xae, 0xff, 0x9c, 0x00, 0x00, 0x00, 0x00, 0x00, 0x00, 0x00, 0x00, 0x00, 0x00, 0x00,
    0x0f, 0xf8, 0xff, 0x48, 0x68, 0xff, 0xef, 0x06, 0x00, 0x00, 0x00, 0x00, 0x00, 0x00, 0x00, 0x00,
    0x00, 0x00, 0x61, 0xff, 0xf6, 0x08, 0x1f, 0xff, 0xff, 0x4e, 0x00, 0x00, 0x00, 0x00, 0x00, 0x00,
    0x00, 0x00, 0x00, 0x00, 0xba, 0xff, 0xb2, 0x00, 0x00, 0xd3, 0xff, 0xa8, 0x00, 0x00, 0x00, 0x00,
    0x00, 0x00, 0x00, 0x00, 0x00, 0x15, 0xfc, 0xff, 0x65, 0x00, 0x00, 0x83, 0xff, 0xf5, 0x0b, 0x00,
    0x00, 0x00, 0x00, 0x00, 0x00, 0x00, 0x00, 0x6a, 0xff, 0xfd, 0x18, 0x00, 0x00, 0x32, 0xff, 0xff,
    0x5a, 0x00, 0x00, 0x00, 0x00, 0x00, 0x00, 0x00, 0x00, 0xc2, 0xff, 0xc3, 0x00, 0x00, 0x00, 0x00,
    0xdd, 0xff, 0xb4, 0x00, 0x00, 0x00, 0x00, 0x00, 0x00, 0x00, 0x1c, 0xfe, 0xff, 0x6f, 0x00, 0x00,
    0x00, 0x00, 0x88, 0xff, 0xfa, 0x13, 0x00, 0x00, 0x00, 0x00, 0x00, 0x00, 0x73, 0xff, 0xff, 0x1d,
    0x00, 0x00, 0x00, 0x00, 0x32, 0xff, 0xff, 0x66, 0x00, 0x00, 0x00, 0x00, 0x00, 0x00, 0xcb, 0xff,
    0xff, 0x58, 0x58, 0x58, 0x58, 0x58, 0x58, 0xff, 0xff, 0xc0, 0x00, 0x00, 0x00, 0x00, 0x00, 0x23,
    0xff, 0xff, 0xff, 0xff, 0xff, 0xff, 0xff, 0xff, 0xff, 0xff, 0xff, 0xfd, 0x1b, 0x00, 0x00, 0x00,
    0x00, 0x7b, 0xff, 0xff, 0xff, 0xff, 0xff, 0xff, 0xff, 0xff, 0xff, 0xff, 0xff, 0xff, 0x72, 0x00,
    0x00, 0x00, 0x00, 0xd3, 0xff, 0xd0, 0x00, 0x00, 0x00, 0x00, 0x00, 0x00, 0x00, 0x00, 0xdb, 0xff,
    0xcc, 0x00, 0x00, 0x00, 0x2b, 0xff, 0xff, 0x7d, 0x00, 0x00, 0x00, 0x00, 0x00, 0x00, 0x00, 0x00,
    0x86, 0xff, 0xff, 0x25, 0x00, 0x00, 0x84, 0xff, 0xff, 0x2a, 0x00, 0x00, 0x00, 0x00, 0x00, 0x00,
    0x00, 0x00, 0x30, 0xff, 0xff, 0x7e, 0x00, 0x00, 0xdb, 0xff, 0xd7, 0x00, 0x00, 0x00, 0x00, 0x00,
    0x00, 0x00, 0x00, 0x00, 0x00, 0xda, 0xff, 0xd7, 0x00, 0x34, 0xff, 0xff, 0x84, 0x00, 0x00, 0x00,
    0x00, 0x00, 0x00, 0x00, 0x00, 0x00, 0x00, 0x85, 0xff, 0xff, 0x31, 0x8c, 0xff, 0xff, 0x31, 0x00,
    0x00, 0x00, 0x00, 0x00, 0x00, 0x00, 0x00, 0x00, 0x00, 0x2f, 0xff, 0xff, 0x8b, 0x00, 0x00, 0x00,
    0x00, 0x00, 0x86, 0xf3, 0x87, 0x00, 0x00, 0x00, 0x86, 0xf3, 0x87, 0x00, 0x00, 0x00, 0x00, 0x00,
    0x00, 0x00, 0x00, 0x00, 0xf4, 0xff, 0xf3, 0x00, 0x00, 0x00, 0xf4, 0xff, 0xf3, 0x00, 0x00, 0x00,
    0x00, 0x00, 0x00, 0x00, 0x00, 0x00, 0x86, 0xf4, 0x86, 0x00, 0x00, 0x00, 0x86, 0xf4, 0x86, 0x00,
    0x00, 0x00, 0x00, 0x00, 0x00, 0x00, 0x00, 0x00, 0x00, 0x00, 0x00, 0x00, 0x00, 0x00, 0x00, 0x00,
    0x00, 0x00, 0x00, 0x00, 0x00, 0x00, 0x00, 0x00, 0x00, 0x00, 0x00, 0x00, 0x00, 0x00, 0x00, 0x00,
    0x00, 0x00, 0x00, 0x00, 0x00, 0x00, 0x00, 0x00, 0x00, 0x00, 0x00, 0x00, 0x00, 0x00, 0x00, 0x00,
    0x00, 0x00, 0x00, 0x00, 0x00, 0x00, 0x00, 0x00, 0x00, 0x00, 0x00, 0x00, 0x00, 0x00, 0x00, 0x00,
    0x72, 0xff, 0xff, 0xff, 0x57, 0x00, 0x00, 0x00, 0x00, 0x00, 0x00, 0x00, 0x00, 0x00, 0x00, 0x00,
    0x00, 0x00, 0xcc, 0xff, 0xff, 0xff, 0xa7, 0x00, 0x00, 0x00, 0x00, 0x00, 0x00, 0x00, 0x00, 0x00,
    0x00, 0x00, 0x00, 0x27, 0xff, 0xff, 0xe8, 0xff, 0xf0, 0x05, 0x00, 0x00, 0x00, 0x00, 0x00, 0x00,
    0x00, 0x00, 0x00, 0x00, 0x00, 0x82, 0xff, 0xfd, 0x5e, 0xff, 0xff, 0x46, 0x00, 0x00, 0x00, 0x00,
    0x00, 0x00, 0x00, 0x00, 0x00, 0x00, 0x00, 0xdc, 0xff, 0xc4, 0x0b, 0xfa, 0xff, 0x96, 0x00, 0x00,
    0x00, 0x00, 0x00, 0x00, 0x00, 0x00, 0x00, 0x00, 0x38, 0xff, 0xff, 0x73, 0x00, 0xc2, 0xff, 0xe4,
    0x01, 0x00, 0x00, 0x00, 0x00, 0x00, 0x00, 0x00, 0x00, 0x00, 0x93, 0xff, 0xff, 0x21, 0x00, 0x7c,
    0xff, 0xff, 0x35, 0x00, 0x00, 0x00, 0x00, 0x00, 0x00, 0x00, 0x00, 0x03, 0xe9, 0xff, 0xcd, 0x00,
    0x00, 0x32, 0xff, 0xff, 0x84, 0x00, 0x00, 0x00, 0x00, 0x00, 0x00, 0x00, 0x00, 0x48, 0xff, 0xff,
    0x76, 0x00, 0x00, 0x01, 0xe5, 0xff, 0xd4, 0x00, 0x00, 0x00, 0x00, 0x00, 0x00, 0x00, 0x00, 0xa3,
    0xff, 0xfe, 0x1d, 0x00, 0x00, 0x00, 0x97, 0xff, 0xff, 0x24, 0x00, 0x00, 0x00, 0x00, 0x00, 0x00,
    0x0a, 0xf3, 0xff, 0xc0, 0x00, 0x00, 0x00, 0x00, 0x48, 0xff, 0xff, 0x73, 0x00, 0x00, 0x00, 0x00,
    0x00, 0x00, 0x59, 0xff, 0xff, 0x66, 0x00, 0x00, 0x00, 0x00, 0x06, 0xf1, 0xff, 0xc3, 0x00, 0x00,
    0x00, 0x00, 0x00, 0x00, 0xb4, 0xff, 0xff, 0x69, 0x58, 0x58, 0x58, 0x58, 0x58, 0xff, 0xff, 0xfd,
    0x15, 0x00, 0x00, 0x00, 0x00, 0x14, 0xfa, 0xff, 0xff, 0xff, 0xff, 0xff, 0xff, 0xff, 0xff, 0xff,
    0xff, 0xff, 0x62, 0x00, 0x00, 0x00, 0x00, 0x6a, 0xff, 0xff, 0xff, 0xff, 0xff, 0xff, 0xff, 0xff,
    0xff, 0xff, 0xff, 0xff, 0xb2, 0x00, 0x00, 0x00, 0x00, 0xc4, 0xff, 0xf1, 0x08, 0x00, 0x00, 0x00,
    0x00, 0x00, 0x00, 0x00, 0xba, 0xff, 0xf6, 0x0a, 0x00, 0x00, 0x20, 0xfe, 0xff, 0xa0, 0x00, 0x00,
    0x00, 0x00, 0x00, 0x00, 0x00, 0x00, 0x6a, 0xff, 0xff, 0x51, 0x00, 0x00, 0x7a, 0xff, 0xff, 0x45,
    0x00, 0x00, 0x00, 0x00, 0x00, 0x00, 0x00, 0x00, 0x1c, 0xfe, 0xff, 0xa1, 0x00, 0x00, 0xd5, 0xff,
    0xe7, 0x03, 0x00, 0x00, 0x00, 0x00, 0x00, 0x00, 0x00, 0x00, 0x00, 0xcb, 0xff, 0xec, 0x03, 0x30,
    0xff, 0xff, 0x8f, 0x00, 0x00, 0x00, 0x00, 0x00, 0x00, 0x00, 0x00, 0x00, 0x00, 0x7c, 0xff, 0xff,
    0x40, 0x8b, 0xff, 0xff, 0x35, 0x00, 0x00, 0x00, 0x00, 0x00, 0x00, 0x00, 0x00, 0x00, 0x00, 0x2c,
    0xff, 0xff, 0x90, 0x00, 0x00, 0x00, 0x00, 0x00, 0x00, 0x02, 0x53, 0xac, 0xe1, 0xf9, 0xf3, 0xd7,
    0x9a, 0x3b, 0x00, 0x00, 0x00, 0x00, 0x00, 0x00, 0x00, 0x00, 0x00, 0x00, 0x00, 0x2a, 0xcf, 0xff,
    0xff, 0xff, 0xff, 0xff, 0xff, 0xff, 0xff, 0xb2, 0x17, 0x00, 0x00, 0x00, 0x00, 0x00, 0x00, 0x00,
    0x00, 0x38, 0xf2, 0xff, 0xff, 0xd1, 0x79, 0x55, 0x54, 0x83, 0xdd, 0xff, 0xff, 0xda, 0x19, 0x00,
    0x00, 0x00, 0x00, 0x00, 0x00, 0x18, 0xe8, 0xff, 0xf9, 0x5d, 0x00, 0x00, 0x00, 0x00, 0x00, 0x05,
    0x85, 0xff, 0xff, 0xbb, 0x00, 0x00, 0x00, 0x00, 0x00, 0x00, 0xa1, 0xff, 0xff, 0x4c, 0x00, 0x00,
    0x00, 0x00, 0x00, 0x00, 0x00, 0x00, 0x8f, 0xff, 0xff, 0x49, 0x00, 0x00, 0x00, 0x00, 0x1d, 0xfc,
    0xff, 0xa4, 0x00, 0x00, 0x00, 0x00, 0x00, 0x00, 0x00, 0x00, 0x00, 0x0e, 0xf1, 0xff, 0xac, 0x00,
    0x00, 0x00, 0x00, 0x74, 0xff, 0xff, 0x2d, 0x00, 0x00, 0x00, 0x00, 0x00, 0x00, 0x00, 0x00, 0x00,
    0x00, 0x75, 0xa4, 0x91, 0x00, 0x00, 0x00, 0x00, 0xb4, 0xff, 0xdd, 0x00, 0x00, 0x00, 0x00, 0x00,
    0x00, 0x00, 0x00, 0x00, 0x00, 0x00, 0x00, 0x00, 0x00, 0x00, 0x00, 0x00, 0x00, 0xdd, 0xff, 0xa8,
    0x00, 0x00, 0x00, 0x00, 0x00, 0x00, 0x00, 0x00, 0x00, 0x00, 0x00, 0x00, 0x00, 0x00, 0x00, 0x00,
    0x00, 0x00, 0xf5, 0xff, 0x92, 0x00, 0x00, 0x00, 0x00, 0x00, 0x00, 0x00, 0x00, 0x00, 0x00, 0x00,
    0x00, 0x00, 0x00, 0x00, 0x00, 0x00, 0x00, 0xfd, 0xff, 0x81, 0x00, 0x00, 0x00, 0x00, 0x00, 0x00,
    0x00, 0x00, 0x00, 0x00, 0x00, 0x00, 0x00, 0x00, 0x00, 0x00, 0x00, 0x00, 0xf5, 0xff, 0x92, 0x00,
    0x00, 0x00, 0x00, 0x00, 0x00, 0x00, 0x00, 0x00, 0x00, 0x00, 0x00, 0x00, 0x00, 0x00, 0x00, 0x00,
    0x00, 0xdd, 0xff, 0xa8, 0x00, 0x00, 0x00, 0x00, 0x00, 0x00, 0x00, 0x00, 0x00, 0x00, 0x00, 0x00,
    0x00, 0x00, 0x00, 0x00, 0x00, 0x00, 0xb4, 0xff, 0xdc, 0x00, 0x00, 0x00, 0x00, 0x00, 0x00, 0x00,
    0x00, 0x00, 0x00, 0x00, 0x00, 0x00, 0x00, 0x00, 0x00, 0x00, 0x00, 0x75, 0xff, 0xff, 0x2c, 0x00,
    0x00, 0x00, 0x00, 0x00, 0x00, 0x00, 0x00, 0x00, 0x00, 0x79, 0xa8, 0x94, 0x00, 0x00, 0x00, 0x00,
    0x1e, 0xfd, 0xff, 0xa3, 0x00, 0x00, 0x00, 0x00, 0x00, 0x00, 0x00, 0x00, 0x00, 0x0f, 0xf2, 0xff,
    0xaa, 0x00, 0x00, 0x00, 0x00, 0x00, 0xa3, 0xff, 0xff, 0x4d, 0x00, 0x00, 0x00, 0x00, 0x00, 0x00,
    0x00, 0x00, 0x9f, 0xff, 0xff, 0x45, 0x00, 0x00, 0x00, 0x00, 0x00, 0x19, 0xea, 0xff, 0xf9, 0x5d,
    0x00, 0x00, 0x00, 0x00, 0x00, 0x0b, 0x94, 0xff, 0xff, 0xb7, 0x00, 0x00, 0x00, 0x00, 0x00, 0x00,
    0x00, 0x3b, 0xf3, 0xff, 0xff, 0xd0, 0x78, 0x55, 0x54, 0x84, 0xe9, 0xff, 0xff, 0xd6, 0x16, 0x00,
    0x00, 0x00, 0x00, 0x00, 0x00, 0x00, 0x00, 0x2e, 0xd2, 0xff, 0xff, 0xff, 0xff, 0xff, 0xff, 0xff,
    0xff, 0xb0, 0x15, 0x00, 0x00, 0x00, 0x00, 0x00, 0x00, 0x00, 0x00, 0x00, 0x00, 0x02, 0x55, 0xad,
    0xe2, 0xff, 0xff, 0xd8, 0x9b, 0x3b, 0x00, 0x00, 0x00, 0x00, 0x00, 0x00, 0x00, 0x00, 0x00, 0x00,
    0x00, 0x00, 0x00, 0x00, 0x00, 0x03, 0xfb, 0x70, 0x00, 0x00, 0x00, 0x00, 0x00, 0x00, 0x00, 0x00,
    0x00, 0x00, 0x00, 0x00, 0x00, 0x00, 0x00, 0x00, 0x00, 0x00, 0x21, 0xff, 0xf8, 0xd4, 0x4a, 0x00,
    0x00, 0x00, 0x00, 0x00, 0x00, 0x00, 0x00, 0x00, 0x00, 0x00, 0x00, 0x00, 0x00, 0x00, 0x00, 0x09,
    0x30, 0x47, 0xf3, 0xe3, 0x00, 0x00, 0x00, 0x00, 0x00, 0x00, 0x00, 0x00, 0x00, 0x00, 0x00, 0x00,
    0x00, 0x00, 0x00, 0x00, 0x18, 0x24, 0x39, 0xf1, 0xeb, 0x00, 0x00, 0x00, 0x00, 0x00, 0x00, 0x00,
    0x00, 0x00, 0x00, 0x00, 0x00, 0x00, 0x00, 0x00, 0x00, 0xb0, 0xff, 0xff, 0xfd, 0x76, 0x00, 0x00,
    0x00, 0x00, 0x00, 0x00, 0x00, 0x00, 0x00, 0x00, 0x00, 0x00, 0x00, 0x00, 0x00, 0x00, 0x39, 0x53,
    0x46, 0x1b, 0x00, 0x00, 0x00, 0x00, 0x00, 0x00, 0x00, 0x00, 0x00, 0x00, 0x00, 0x00, 0x28, 0xf8,
    0xff, 0x7f, 0x00, 0x00, 0x00, 0x00, 0x00, 0x00, 0x00, 0x00, 0x00, 0x00, 0x00, 0x00, 0x00, 0x7a,
    0xff, 0xec, 0x0a, 0x00, 0x00, 0x00, 0x00, 0x00, 0x00, 0x00, 0x00, 0x00, 0x00, 0x00, 0x00, 0x04,
    0xce, 0xff, 0x6f, 0x00, 0x00, 0x00, 0x00, 0x00, 0x00, 0x00, 0x00, 0x00, 0x00, 0x00, 0x00, 0x00,
    0x30, 0xfb, 0xe2, 0x05, 0x00, 0x00, 0x00, 0x00, 0x00, 0x00, 0x00, 0x00, 0x00, 0x00, 0x00, 0x00,
    0x00, 0x00, 0x00, 0x00, 0x00, 0x00, 0x00, 0x00, 0x00, 0x00, 0x00, 0x00, 0x00, 0x00, 0x00, 0x00,
    0x00, 0x00, 0x00, 0x00, 0x00, 0x00, 0x00, 0x00, 0x00, 0x00, 0x00, 0x00, 0xff, 0xff, 0xff, 0xff,
    0xff, 0xff, 0xff, 0xff, 0xff, 0xff, 0xff, 0xff, 0x80, 0x00, 0x00, 0x00, 0xff, 0xff, 0xff, 0xff,
    0xff, 0xff, 0xff, 0xff, 0xff, 0xff, 0xff, 0xff, 0x80, 0x00, 0x00, 0x00, 0xff, 0xff, 0xa1, 0x48,
    0x48, 0x48, 0x48, 0x48, 0x48, 0x48, 0x48, 0x48, 0x24, 0x00, 0x00, 0x00, 0xff, 0xff, 0x7c, 0x00,
    0x00, 0x00, 0x00, 0x00, 0x00, 0x00, 0x00, 0x00, 0x00, 0x00, 0x00, 0x00, 0xff, 0xff, 0x7c, 0x00,
    0x00, 0x00, 0x00, 0x00, 0x00, 0x00, 0x00, 0x00, 0x00, 0x00, 0x00, 0x00, 0xff, 0xff, 0x7c, 0x00,
    0x00, 0x00, 0x00, 0x00, 0x00, 0x00, 0x00, 0x00, 0x00, 0x00, 0x00, 0x00, 0xff, 0xff, 0x7c, 0x00,
    0x00, 0x00, 0x00, 0x00, 0x00, 0x00, 0x00, 0x00, 0x00, 0x00, 0x00, 0x00, 0xff, 0xff, 0x7c, 0x00,
    0x00, 0x00, 0x00, 0x00, 0x00, 0x00, 0x00, 0x00, 0x00, 0x00, 0x00, 0x00, 0xff, 0xff, 0x7c, 0x00,
    0x00, 0x00, 0x00, 0x00, 0x00, 0x00, 0x00, 0x00, 0x00, 0x00, 0x00, 0x00, 0xff, 0xff, 0xff, 0xff,
    0xff, 0xff, 0xff, 0xff, 0xff, 0xff, 0xff, 0x80, 0x00, 0x00, 0x00, 0x00, 0xff, 0xff, 0xff, 0xff,
    0xff, 0xff, 0xff, 0xff, 0xff, 0xff, 0xff, 0x80, 0x00, 0x00, 0x00, 0x00, 0xff, 0xff, 0xa1, 0x48,
    0x48, 0x48, 0x48, 0x48, 0x48, 0x48, 0x48, 0x24, 0x00, 0x00, 0x00, 0x00, 0xff, 0xff, 0x7c, 0x00,
    0x00, 0x00, 0x00, 0x00, 0x00, 0x00, 0x00, 0x00, 0x00, 0x00, 0x00, 0x00, 0xff, 0xff, 0x7c, 0x00,
    0x00, 0x00, 0x00, 0x00, 0x00, 0x00, 0x00, 0x00, 0x00, 0x00, 0x00, 0x00, 0xff, 0xff, 0x7c, 0x00,
    0x00, 0x00, 0x00, 0x00, 0x00, 0x00, 0x00, 0x00, 0x00, 0x00, 0x00, 0x00, 0xff, 0xff, 0x7c, 0x00,
    0x00, 0x00, 0x00, 0x00, 0x00, 0x00, 0x00, 0x00, 0x00, 0x00, 0x00, 0x00, 0xff, 0xff, 0x7c, 0x00,
    0x00, 0x00, 0x00, 0x00, 0x00, 0x00, 0x00, 0x00, 0x00, 0x00, 0x00, 0x00, 0xff, 0xff, 0x7c, 0x00,
    0x00, 0x00, 0x00, 0x00, 0x00, 0x00, 0x00, 0x00, 0x00, 0x00, 0x00, 0x00, 0xff, 0xff, 0xa1, 0x48,
    0x48, 0x48, 0x48, 0x48, 0x48, 0x48, 0x48, 0x48, 0x24, 0x00, 0x00, 0x00, 0xff, 0xff, 0xff, 0xff,
    0xff, 0xff, 0xff, 0xff, 0xff, 0xff, 0xff, 0xff, 0x80, 0x00, 0x00, 0x00, 0xff, 0xff, 0xff, 0xff,
    0xff, 0xff, 0xff, 0xff, 0xff, 0xff, 0xff, 0xff, 0x80, 0x00, 0x00, 0x00, 0x00, 0x00, 0x00, 0x00,
    0x00, 0x00, 0x15, 0x80, 0x80, 0x3f, 0x00, 0x00, 0x00, 0x00, 0x00, 0x00, 0x00, 0x00, 0x00, 0x00,
    0x00, 0x00, 0x7c, 0xff, 0xf4, 0x1a, 0x00, 0x00, 0x00, 0x00, 0x00, 0x00, 0x00, 0x00, 0x00, 0x00,
    0x00, 0x03, 0xe3, 0xff, 0x7a, 0x00, 0x00, 0x00, 0x00, 0x00, 0x00, 0x00, 0x00, 0x00, 0x00, 0x00,
    0x00, 0x53, 0xff, 0xde, 0x07, 0x00, 0x00, 0x00, 0x00, 0x00, 0x00, 0x00, 0x00, 0x00, 0x00, 0x00,
    0x00, 0xbe, 0xff, 0x52, 0x00, 0x00, 0x00, 0x00, 0x00, 0x00, 0x00, 0x00, 0x00, 0x00, 0x00, 0x00,
    0x00, 0x00, 0x00, 0x00, 0x00, 0x00, 0x00, 0x00, 0x00, 0x00, 0x00, 0x00, 0x00, 0x00, 0x00, 0x00,
    0x00, 0x00, 0x00, 0x00, 0x00, 0x00, 0x00, 0x00, 0x00, 0x00, 0x00, 0x00, 0xff, 0xff, 0xff, 0xff,
    0xff, 0xff, 0xff, 0xff, 0xff, 0xff, 0xff, 0xff, 0x80, 0x00, 0x00, 0x00, 0xff, 0xff, 0xff, 0xff,
    0xff, 0xff, 0xff, 0xff, 0xff, 0xff, 0xff, 0xff, 0x80, 0x00, 0x00, 0x00, 0xff, 0xff, 0xa1, 0x48,
    0x48, 0x48, 0x48, 0x48, 0x48, 0x48, 0x48, 0x48, 0x24, 0x00, 0x00, 0x00, 0xff, 0xff, 0x7c, 0x00,
    0x00, 0x00, 0x00, 0x00, 0x00, 0x00, 0x00, 0x00, 0x00, 0x00, 0x00, 0x00, 0xff, 0xff, 0x7c, 0x00,
    0x00, 0x00, 0x00, 0x00, 0x00, 0x00, 0x00, 0x00, 0x00, 0x00, 0x00, 0x00, 0xff, 0xff, 0x7c, 0x00,
    0x00, 0x00, 0x00, 0x00, 0x00, 0x00, 0x00, 0x00, 0x00, 0x00, 0x00, 0x00, 0xff, 0xff, 0x7c, 0x00,
    0x00, 0x00, 0x00, 0x00, 0x00, 0x00, 0x00, 0x00, 0x00, 0x00, 0x00, 0x00, 0xff, 0xff, 0x7c, 0x00,
    0x00, 0x00, 0x00, 0x00, 0x00, 0x00, 0x00, 0x00, 0x00, 0x00, 0x00, 0x00, 0xff, 0xff, 0x7c, 0x00,
    0x00, 0x00, 0x00, 0x00, 0x00, 0x00, 0x00, 0x00, 0x00, 0x00, 0x00, 0x00, 0xff, 0xff, 0xff, 0xff,
    0xff, 0xff, 0xff, 0xff, 0xff, 0xff, 0xff, 0x80, 0x00, 0x00, 0x00, 0x00, 0xff, 0xff, 0xff, 0xff,
    0xff, 0xff, 0xff, 0xff, 0xff, 0xff, 0xff, 0x80, 0x00, 0x00, 0x00, 0x00, 0xff, 0xff, 0xa1, 0x48,
    0x48, 0x48, 0x48, 0x48, 0x48, 0x48, 0x48, 0x24, 0x00, 0x00, 0x00, 0x00, 0xff, 0xff, 0x7c, 0x00,
    0x00, 0x00, 0x00, 0x00, 0x00, 0x00, 0x00, 0x00, 0x00, 0x00, 0x00, 0x00, 0xff, 0xff, 0x7c, 0x00,
    0x00, 0x00, 0x00, 0x00, 0x00, 0x00, 0x00, 0x00, 0x00, 0x00, 0x00, 0x00, 0xff, 0xff, 0x7c, 0x00,
    0x00, 0x00, 0x00, 0x00, 0x00, 0x00, 0x00, 0x00, 0x00, 0x00, 0x00, 0x00, 0xff, 0xff, 0x7c, 0x00,
    0x00, 0x00, 0x00, 0x00, 0x00, 0x00, 0x00, 0x00, 0x00, 0x00, 0x00, 0x00, 0xff, 0xff, 0x7c, 0x00,
    0x00, 0x00, 0x00, 0x00, 0x00, 0x00, 0x00, 0x00, 0x00, 0x00, 0x00, 0x00, 0xff, 0xff, 0x7c, 0x00,
    0x00, 0x00, 0x00, 0x00, 0x00, 0x00, 0x00, 0x00, 0x00, 0x00, 0x00, 0x00, 0xff, 0xff, 0xa1, 0x48,
    0x48, 0x48, 0x48, 0x48, 0x48, 0x48, 0x48, 0x48, 0x24, 0x00, 0x00, 0x00, 0xff, 0xff, 0xff, 0xff,
    0xff, 0xff, 0xff, 0xff, 0xff, 0xff, 0xff, 0xff, 0x80, 0x00, 0x00, 0x00, 0xff, 0xff, 0xff, 0xff,
    0xff, 0xff, 0xff, 0xff, 0xff, 0xff, 0xff, 0xff, 0x80, 0x00, 0x00, 0x00, 0x00, 0x00, 0x86, 0xf3,
    0x87, 0x00, 0x00, 0x00, 0x86, 0xf3, 0x87, 0x00, 0x00, 0x00, 0x00, 0x00, 0x00, 0x00, 0xf4, 0xff,
    0xf3, 0x00, 0x00, 0x00, 0xf4, 0xff, 0xf3, 0x00, 0x00, 0x00, 0x00, 0x00, 0x00, 0x00, 0x86, 0xf4,
    0x86, 0x00, 0x00, 0x00, 0x86, 0xf4, 0x86, 0x00, 0x00, 0x00, 0x00, 0x00, 0x00, 0x00, 0x00, 0x00,
    0x00, 0x00, 0x00, 0x00, 0x00, 0x00, 0x00, 0x00, 0x00, 0x00, 0x00, 0x00, 0x00, 0x00, 0x00, 0x00,
    0x00, 0x00, 0x00, 0x00, 0x00, 0x00, 0x00, 0x00, 0x00, 0x00, 0x00, 0x00, 0x00, 0x00, 0x00, 0x00,
    0x00, 0x00, 0x00, 0x00, 0x00, 0x00, 0x00, 0x00, 0x00, 0x00, 0x00, 0x00, 0xff, 0xff, 0xff, 0xff,
    0xff, 0xff, 0xff, 0xff, 0xff, 0xff, 0xff, 0xff, 0x80, 0x00, 0x00, 0x00, 0xff, 0xff, 0xff, 0xff,
    0xff, 0xff, 0xff, 0xff, 0xff, 0xff, 0xff, 0xff, 0x80, 0x00, 0x00, 0x00, 0xff, 0xff, 0xa1, 0x48,
    0x48, 0x48, 0x48, 0x48, 0x48, 0x48, 0x48, 0x48, 0x24, 0x00, 0x00, 0x00, 0xff, 0xff, 0x7c, 0x00,
    0x00, 0x00, 0x00, 0x00, 0x00, 0x00, 0x00, 0x00, 0x00, 0x00, 0x00, 0x00, 0xff, 0xff, 0x7c, 0x00,
    0x00, 0x00, 0x00, 0x00, 0x00, 0x00, 0x00, 0x00, 0x00, 0x00, 0x00, 0x00, 0xff, 0xff, 0x7c, 0x00,
    0x00, 0x00, 0x00, 0x00, 0x00, 0x00, 0x00, 0x00, 0x00, 0x00, 0x00, 0x00, 0xff, 0xff, 0x7c, 0x00,
    0x00, 0x00, 0x00, 0x00, 0x00, 0x00, 0x00, 0x00, 0x00, 0x00, 0x00, 0x00, 0xff, 0xff, 0x7c, 0x00,
    0x00, 0x00, 0x00, 0x00, 0x00, 0x00, 0x00, 0x00, 0x00, 0x00, 0x00, 0x00, 0xff, 0xff, 0x7c, 0x00,
    0x00, 0x00, 0x00, 0x00, 0x00, 0x00, 0x00, 0x00, 0x00, 0x00, 0x00, 0x00, 0xff, 0xff, 0xff, 0xff,
    0xff, 0xff, 0xff, 0xff, 0xff, 0xff, 0xff, 0x80, 0x00, 0x00, 0x00, 0x00, 0xff, 0xff, 0xff, 0xff,
    0xff, 0xff, 0xff, 0xff, 0xff, 0xff, 0xff, 0x80, 0x00, 0x00, 0x00, 0x00, 0xff, 0xff, 0xa1, 0x48,
    0x48, 0x48, 0x48, 0x48, 0x48, 0x48, 0x48, 0x24, 0x00, 0x00, 0x00, 0x00, 0xff, 0xff, 0x7c, 0x00,
    0x00, 0x00, 0x00, 0x00, 0x00, 0x00, 0x00, 0x00, 0x00, 0x00, 0x00, 0x00, 0xff, 0xff, 0x7c, 0x00,
    0x00, 0x00, 0x00, 0x00, 0x00, 0x00, 0x00, 0x00, 0x00, 0x00, 0x00, 0x00, 0xff, 0xff, 0x7c, 0x00,
    0x00, 0x00, 0x00, 0x00, 0x00, 0x00, 0x00, 0x00, 0x00, 0x00, 0x00, 0x00, 0xff, 0xff, 0x7c, 0x00,
    0x00, 0x00, 0x00, 0x00, 0x00, 0x00, 0x00, 0x00, 0x00, 0x00, 0x00, 0x00, 0xff, 0xff, 0x7c, 0x00,
    0x00, 0x00, 0x00, 0x00, 0x00, 0x00, 0x00, 0x00, 0x00, 0x00, 0x00, 0x00, 0xff, 0xff, 0x7c, 0x00,
    0x00, 0x00, 0x00, 0x00, 0x00, 0x00, 0x00, 0x00, 0x00, 0x00, 0x00, 0x00, 0xff, 0xff, 0xa1, 0x48,
    0x48, 0x48, 0x48, 0x48, 0x48, 0x48, 0x48, 0x48, 0x24, 0x00, 0x00, 0x00, 0xff, 0xff, 0xff, 0xff,
    0xff, 0xff, 0xff, 0xff, 0xff, 0xff, 0xff, 0xff, 0x80, 0x00, 0x00, 0x00, 0xff, 0xff, 0xff, 0xff,
    0xff, 0xff, 0xff, 0xff, 0xff, 0xff, 0xff, 0xff, 0x80, 0x00, 0x13, 0xe9, 0xff, 0xa5, 0x00, 0x00,
    0x00, 0x00, 0x00, 0x54, 0xff, 0xfb, 0x1f, 0x00, 0x00, 0x00, 0x00, 0x00, 0xac, 0xff, 0x8f, 0x00,
    0x00, 0x00, 0x00, 0x00, 0x17, 0xed, 0xf3, 0x11, 0x00, 0x00, 0x00, 0x00, 0x00, 0x00, 0x00, 0x00,
    0x00, 0x00, 0x00, 0x00, 0x00, 0x00, 0x00, 0x00, 0x00, 0x00, 0x00, 0x00, 0x00, 0xff, 0xff, 0x7c,
    0x00, 0x00, 0x00, 0x00, 0x00, 0xff, 0xff, 0x7c, 0x00, 0x00, 0x00, 0x00, 0x00, 0xff, 0xff, 0x7c,
    0x00, 0x00, 0x00, 0x00, 0x00, 0xff, 0xff, 0x7c, 0x00, 0x00, 0x00, 0x00, 0x00, 0xff, 0xff, 0x7c,
    0x00, 0x00, 0x00, 0x00, 0x00, 0xff, 0xff, 0x7c, 0x00, 0x00, 0x00, 0x00, 0x00, 0xff, 0xff, 0x7c,
    0x00, 0x00, 0x00, 0x00, 0x00, 0xff, 0xff, 0x7c, 0x00, 0x00, 0x00, 0x00, 0x00, 0xff, 0xff, 0x7c,
    0x00, 0x00, 0x00, 0x00, 0x00, 0xff, 0xff, 0x7c, 0x00, 0x00, 0x00, 0x00, 0x00, 0xff, 0xff, 0x7c,
    0x00, 0x00, 0x00, 0x00, 0x00, 0xff, 0xff, 0x7c, 0x00, 0x00, 0x00, 0x00, 0x00, 0xff, 0xff, 0x7c,
    0x00, 0x00, 0x00, 0x00, 0x00, 0xff, 0xff, 0x7c, 0x00, 0x00, 0x00, 0x00, 0x00, 0xff, 0xff, 0x7c,
    0x00, 0x00, 0x00, 0x00, 0x00, 0xff, 0xff, 0x7c, 0x00, 0x00, 0x00, 0x00, 0x00, 0xff, 0xff, 0x7c,
    0x00, 0x00, 0x00, 0x00, 0x00, 0xff, 0xff, 0x7c, 0x00, 0x00, 0x00, 0x00, 0x00, 0xff, 0xff, 0x7c,
    0x00, 0x00, 0x00, 0x00, 0x00, 0xff, 0xff, 0x7c, 0x00, 0x00, 0x00, 0x00, 0x00, 0xff, 0xff, 0x7c,
    0x00, 0x00, 0x00, 0x00, 0x00, 0x07, 0x7f, 0x80, 0x4f, 0x00, 0x00, 0x00, 0x5d, 0xff, 0xfd, 0x30,
    0x00, 0x00, 0x00, 0xc6, 0xff, 0x97, 0x00, 0x00, 0x00, 0x2f, 0xff, 0xed, 0x13, 0x00, 0x00, 0x00,
    0x98, 0xff, 0x6b, 0x00, 0x00, 0x00, 0x00, 0x00, 0x00, 0x00, 0x00, 0x00, 0x00, 0x00, 0x00, 0x00,
    0x00, 0x00, 0x00, 0x00, 0x00, 0xff, 0xff, 0x7c, 0x00, 0x00, 0x00, 0x00, 0xff, 0xff, 0x7c, 0x00,
    0x00, 0x00, 0x00, 0xff, 0xff, 0x7c, 0x00, 0x00, 0x00, 0x00, 0xff, 0xff, 0x7c, 0x00, 0x00, 0x00,
    0x00, 0xff, 0xff, 0x7c, 0x00, 0x00, 0x00, 0x00, 0xff, 0xff, 0x7c, 0x00, 0x00, 0x00, 0x00, 0xff,
    0xff, 0x7c, 0x00, 0x00, 0x00, 0x00, 0xff, 0xff, 0x7c, 0x00, 0x00, 0x00, 0x00, 0xff, 0xff, 0x7c,
    0x00, 0x00, 0x00, 0x00, 0xff, 0xff, 0x7c, 0x00, 0x00, 0x00, 0x00, 0xff, 0xff, 0x7c, 0x00, 0x00,
    0x00, 0x00, 0xff, 0xff, 0x7c, 0x00, 0x00, 0x00, 0x00, 0xff, 0xff, 0x7c, 0x00, 0x00, 0x00, 0x00,
    0xff, 0xff, 0x7c, 0x00, 0x00, 0x00, 0x00, 0xff, 0xff, 0x7c, 0x00, 0x00, 0x00, 0x00, 0xff, 0xff,
    0x7c, 0x00, 0x00, 0x00, 0x00, 0xff, 0xff, 0x7c, 0x00, 0x00, 0x00, 0x00, 0xff, 0xff, 0x7c, 0x00,
    0x00, 0x00, 0x00, 0xff, 0xff, 0x7c, 0x00, 0x00, 0x00, 0x00, 0xff, 0xff, 0x7c, 0x00, 0x00, 0x00,
    0x00, 0xff, 0xff, 0x7c, 0x00, 0x00, 0x76, 0xf2, 0xd0, 0x1f, 0x00, 0x00, 0x87, 0xf3, 0x87, 0xf2,
    0xff, 0xff, 0x75, 0x00, 0x00, 0xf4, 0xff, 0xf3, 0x76, 0xf2, 0xd1, 0x1f, 0x00, 0x00, 0x86, 0xf4,
    0x86, 0x00, 0x00, 0x00, 0x00, 0x00, 0x00, 0x00, 0x00, 0x00, 0x00, 0x00, 0x00, 0x00, 0x00, 0x00,
    0x00, 0x00, 0x00, 0x00, 0x00, 0x00, 0x00, 0x00, 0x00, 0x00, 0x00, 0x00, 0x00, 0x00, 0x00, 0x7c,
    0xff, 0xff, 0x00, 0x00, 0x00, 0x00, 0x00, 0x00, 0x7c, 0xff, 0xff, 0x00, 0x00, 0x00, 0x00, 0x00,
    0x00, 0x7c, 0xff, 0xff, 0x00, 0x00, 0x00, 0x00, 0x00, 0x00, 0x7c, 0xff, 0xff, 0x00, 0x00, 0x00,
    0x00, 0x00, 0x00, 0x7c, 0xff, 0xff, 0x00, 0x00, 0x00, 0x00, 0x00, 0x00, 0x7c, 0xff, 0xff, 0x00,
    0x00, 0x00, 0x00, 0x00, 0x00, 0x7c, 0xff, 0xff, 0x00, 0x00, 0x00, 0x00, 0x00, 0x00, 0x7c, 0xff,
    0xff, 0x00, 0x00, 0x00, 0x00, 0x00, 0x00, 0x7c, 0xff, 0xff, 0x00, 0x00, 0x00, 0x00, 0x00, 0x00,
    0x7c, 0xff, 0xff, 0x00, 0x00, 0x00, 0x00, 0x00, 0x00, 0x7c, 0xff, 0xff, 0x00, 0x00, 0x00, 0x00,
    0x00, 0x00, 0x7c, 0xff, 0xff, 0x00, 0x00, 0x00, 0x00, 0x00, 0x00, 0x7c, 0xff, 0xff, 0x00, 0x00,
    0x00, 0x00, 0x00, 0x00, 0x7c, 0xff, 0xff, 0x00, 0x00, 0x00, 0x00, 0x00, 0x00, 0x7c, 0xff, 0xff,
    0x00, 0x00, 0x00, 0x00, 0x00, 0x00, 0x7c, 0xff, 0xff, 0x00, 0x00, 0x00, 0x00, 0x00, 0x00, 0x7c,
    0xff, 0xff, 0x00, 0x00, 0x00, 0x00, 0x00, 0x00, 0x7c, 0xff, 0xff, 0x00, 0x00, 0x00, 0x00, 0x00,
    0x00, 0x7c, 0xff, 0xff, 0x00, 0x00, 0x00, 0x00, 0x00, 0x00, 0x7c, 0xff, 0xff, 0x00, 0x00, 0x00,
    0x00, 0x00, 0x00, 0x7c, 0xff, 0xff, 0x00, 0x00, 0x00, 0x00, 0x00, 0x00, 0x00, 0x00, 0x00, 0x1f,
    0xcb, 0xf0, 0xac, 0x2d, 0x00, 0xc8, 0xd3, 0x00, 0x00, 0x00, 0x00, 0x00, 0x00, 0x00, 0x00, 0x00,
    0x00, 0x00, 0x00, 0xa1, 0xff, 0xe6, 0xff, 0xfe, 0xde, 0xff, 0xa8, 0x00, 0x00, 0x00, 0x00, 0x00,
    0x00, 0x00, 0x00, 0x00, 0x00, 0x00, 0x00, 0xc9, 0xdc, 0x03, 0x32, 0xad, 0xf0, 0xce, 0x22, 0x00,
    0x00, 0x00, 0x00, 0x00, 0x00, 0x00, 0x00, 0x00, 0x00, 0x00, 0x00, 0x00, 0x00, 0x00, 0x00, 0x00,
    0x00, 0x00, 0x00, 0x00, 0x00, 0x00, 0x00, 0x00, 0x00, 0x00, 0x00, 0x00, 0x00, 0x00, 0x00, 0x00,
    0x00, 0x00, 0x00, 0x00, 0x00, 0x00, 0x00, 0x00, 0x00, 0x00, 0x00, 0x00, 0x00, 0x00, 0x00, 0x00,
    0x00, 0x00, 0x00, 0x00, 0x00, 0x00, 0x00, 0x00, 0x00, 0x00, 0x00, 0x00, 0x00, 0x00, 0x00, 0x00,
    0x00, 0x00, 0x00, 0xff, 0xff, 0xff, 0x58, 0x00, 0x00, 0x00, 0x00, 0x00, 0x00, 0x00, 0x00, 0x00,
    0x7c, 0xff, 0xff, 0x00, 0x00, 0x00, 0x00, 0xff, 0xff, 0xff, 0xe5, 0x0d, 0x00, 0x00, 0x00, 0x00,
    0x00, 0x00, 0x00, 0x00, 0x7c, 0xff, 0xff, 0x00, 0x00, 0x00, 0x00, 0xff, 0xff, 0xff, 0xff, 0x8e,
    0x00, 0x00, 0x00, 0x00, 0x00, 0x00, 0x00, 0x00, 0x7c, 0xff, 0xff, 0x00, 0x00, 0x00, 0x00, 0xff,
    0xff, 0xcd, 0xff, 0xfb, 0x2d, 0x00, 0x00, 0x00, 0x00, 0x00, 0x00, 0x00, 0x7c, 0xff, 0xff, 0x00,
    0x00, 0x00, 0x00, 0xff, 0xff, 0x7c, 0xca, 0xff, 0xc2, 0x00, 0x00, 0x00, 0x00, 0x00, 0x00, 0x00,
    0x7c, 0xff, 0xff, 0x00, 0x00, 0x00, 0x00, 0xff, 0xff, 0x7c, 0x43, 0xff, 0xff, 0x5e, 0x00, 0x00,
    0x00, 0x00, 0x00, 0x00, 0x7c, 0xff, 0xff, 0x00, 0x00, 0x00, 0x00, 0xff, 0xff, 0x7c, 0x00, 0xb6,
    0xff, 0xe9, 0x10, 0x00, 0x00, 0x00, 0x00, 0x00, 0x7c, 0xff, 0xff, 0x00, 0x00, 0x00, 0x00, 0xff,
    0xff, 0x7c, 0x00, 0x2a, 0xfb, 0xff, 0x94, 0x00, 0x00, 0x00, 0x00, 0x00, 0x7c, 0xff, 0xff, 0x00,
    0x00, 0x00, 0x00, 0xff, 0xff, 0x7c, 0x00, 0x00, 0x90, 0xff, 0xfc, 0x31, 0x00, 0x00, 0x00, 0x00,
    0x7c, 0xff, 0xff, 0x00, 0x00, 0x00, 0x00, 0xff, 0xff, 0x7c, 0x00, 0x00, 0x0f, 0xe8, 0xff, 0xc7,
    0x01, 0x00, 0x00, 0x00, 0x7c, 0xff, 0xff, 0x00, 0x00, 0x00, 0x00, 0xff, 0xff, 0x7c, 0x00, 0x00,
    0x00, 0x5e, 0xff, 0xff, 0x64, 0x00, 0x00, 0x00, 0x7c, 0xff, 0xff, 0x00, 0x00, 0x00, 0x00, 0xff,
    0xff, 0x7c, 0x00, 0x00, 0x00, 0x00, 0xc2, 0xff, 0xeb, 0x12, 0x00, 0x00, 0x7c, 0xff, 0xff, 0x00,
    0x00, 0x00, 0x00, 0xff, 0xff, 0x7c, 0x00, 0x00, 0x00, 0x00, 0x2e, 0xfc, 0xff, 0x99, 0x00, 0x00,
    0x7c, 0xff, 0xff, 0x00, 0x00, 0x00, 0x00, 0xff, 0xff, 0x7c, 0x00, 0x00, 0x00, 0x00, 0x00, 0x90,
    0xff, 0xfd, 0x35, 0x00, 0x7c, 0xff, 0xff, 0x00, 0x00, 0x00, 0x00, 0xff, 0xff, 0x7c, 0x00, 0x00,
    0x00, 0x00, 0x00, 0x0e, 0xe7, 0xff, 0xc6, 0x00, 0x7c, 0xff, 0xff, 0x00, 0x00, 0x00, 0x00, 0xff,
    0xff, 0x7c, 0x00, 0x00, 0x00, 0x00, 0x00, 0x00, 0x5c, 0xff, 0xff, 0x52, 0x7c, 0xff, 0xff, 0x00,
    0x00, 0x00, 0x00, 0xff, 0xff, 0x7c, 0x00, 0x00, 0x00, 0x00, 0x00, 0x00, 0x00, 0xc1, 0xff, 0xd6,
    0x7d, 0xff, 0xff, 0x00, 0x00, 0x00, 0x00, 0xff, 0xff, 0x7c, 0x00, 0x00, 0x00, 0x00, 0x00, 0x00,
    0x00, 0x2c, 0xfb, 0xff, 0xc2, 0xff, 0xff, 0x00, 0x00, 0x00, 0x00, 0xff, 0xff, 0x7c, 0x00, 0x00,
    0x00, 0x00, 0x00, 0x00, 0x00, 0x00, 0x8e, 0xff, 0xff, 0xff, 0xff, 0x00, 0x00, 0x00, 0x00, 0xff,
    0xff, 0x7c, 0x00, 0x00, 0x00, 0x00, 0x00, 0x00, 0x00, 0x00, 0x0d, 0xe6, 0xff, 0xff, 0xff, 0x00,
    0x00, 0x00, 0x00, 0xff, 0xff, 0x7c, 0x00, 0x00, 0x00, 0x00, 0x00, 0x00, 0x00, 0x00, 0x00, 0x59,
    0xff, 0xff, 0xff, 0x00, 0x00, 0x00, 0x00, 0x00, 0x00, 0x00, 0x00, 0x00, 0x45, 0xff, 0xff, 0x64,
    0x00, 0x00, 0x00, 0x00, 0x00, 0x00, 0x00, 0x00, 0x00, 0x00, 0x00, 0x00, 0x00, 0x00, 0x00, 0x00,
    0x00, 0x00, 0x00, 0x9b, 0xff, 0xdb, 0x03, 0x00, 0x00, 0x00, 0x00, 0x00, 0x00, 0x00, 0x00, 0x00,
    0x00, 0x00, 0x00, 0x00, 0x00, 0x00, 0x00, 0x00, 0x00, 0x0e, 0xe3, 0xff, 0x58, 0x00, 0x00, 0x00,
    0x00, 0x00, 0x00, 0x00, 0x00, 0x00, 0x00, 0x00, 0x00, 0x00, 0x00, 0x00, 0x00, 0x00, 0x00, 0x00,
    0x49, 0xff, 0xd1, 0x01, 0x00, 0x00, 0x00, 0x00, 0x00, 0x00, 0x00, 0x00, 0x00, 0x00, 0x00, 0x00,
    0x00, 0x00, 0x00, 0x00, 0x00, 0x00, 0x00, 0x00, 0x00, 0x00, 0x00, 0x00, 0x00, 0x00, 0x00, 0x00,
    0x00, 0x00, 0x00, 0x00, 0x00, 0x00, 0x00, 0x00, 0x00, 0x00, 0x00, 0x00, 0x00, 0x00, 0x00, 0x00,
    0x00, 0x00, 0x00, 0x00, 0x00, 0x00, 0x00, 0x00, 0x00, 0x00, 0x00, 0x00, 0x00, 0x00, 0x00, 0x00,
    0x4a, 0xa5, 0xdd, 0xf7, 0xf7, 0xdd, 0xa5, 0x4a, 0x00, 0x00, 0x00, 0x00, 0x00, 0x00, 0x00, 0x00,
    0x00, 0x00, 0x00, 0x00, 0x24, 0xc6, 0xff, 0xff, 0xff, 0xff, 0xff, 0xff, 0xff, 0xff, 0xc6, 0x24,
    0x00, 0x00, 0x00, 0x00, 0x00, 0x00, 0x00, 0x00, 0x00, 0x32, 0xee, 0xff, 0xff, 0xdb, 0x7f, 0x5a,
    0x59, 0x7f, 0xdb, 0xff, 0xff, 0xed, 0x31, 0x00, 0x00, 0x00, 0x00, 0x00, 0x00, 0x00, 0x14, 0xe4,
    0xff, 0xfc, 0x6c, 0x02, 0x00, 0x00, 0x00, 0x00, 0x02, 0x6e, 0xfc, 0xff, 0xe3, 0x13, 0x00, 0x00,
    0x00, 0x00, 0x00, 0x00, 0x9c, 0xff, 0xff, 0x57, 0x00, 0x00, 0x00, 0x00, 0x00, 0x00, 0x00, 0x00,
    0x5a, 0xff, 0xff, 0x98, 0x00, 0x00, 0x00, 0x00, 0x00, 0x1b, 0xfb, 0xff, 0xab, 0x00, 0x00, 0x00,
    0x00, 0x00, 0x00, 0x00, 0x00, 0x00, 0x00, 0xaf, 0xff, 0xfa, 0x18, 0x00, 0x00, 0x00, 0x00, 0x72,
    0xff, 0xff, 0x30, 0x00, 0x00, 0x00, 0x00, 0x00, 0x00, 0x00, 0x00, 0x00, 0x00, 0x34, 0xff, 0xff,
    0x6f, 0x00, 0x00, 0x00, 0x00, 0xb3, 0xff, 0xdf, 0x00, 0x00, 0x00, 0x00, 0x00, 0x00, 0x00, 0x00,
    0x00, 0x00, 0x00, 0x00, 0xe1, 0xff, 0xb1, 0x00, 0x00, 0x00, 0x00, 0xdd, 0xff, 0xa8, 0x00, 0x00,
    0x00, 0x00, 0x00, 0x00, 0x00, 0x00, 0x00, 0x00, 0x00, 0x00, 0xaa, 0xff, 0xdb, 0x00, 0x00, 0x00,
    0x00, 0xf5, 0xff, 0x92, 0x00, 0x00, 0x00, 0x00, 0x00, 0x00, 0x00, 0x00, 0x00, 0x00, 0x00, 0x00,
    0x93, 0xff, 0xf3, 0x00, 0x00, 0x00, 0x00, 0xfd, 0xff, 0x81, 0x00, 0x00, 0x00, 0x00, 0x00, 0x00,
    0x00, 0x00, 0x00, 0x00, 0x00, 0x00, 0x82, 0xff, 0xfc, 0x00, 0x00, 0x00, 0x00, 0xf5, 0xff, 0x92,
    0x00, 0x00, 0x00, 0x00, 0x00, 0x00, 0x00, 0x00, 0x00, 0x00, 0x00, 0x00, 0x93, 0xff, 0xf3, 0x00,
    0x00, 0x00, 0x00, 0xdd, 0xff, 0xa8, 0x00, 0x00, 0x00, 0x00, 0x00, 0x00, 0x00, 0x00, 0x00, 0x00,
    0x00, 0x00, 0xaa, 0xff, 0xdc, 0x00, 0x00, 0x00, 0x00, 0xb3, 0xff, 0xde, 0x00, 0x00, 0x00, 0x00,
    0x00, 0x00, 0x00, 0x00, 0x00, 0x00, 0x00, 0x00, 0xe0, 0xff, 0xb2, 0x00, 0x00, 0x00, 0x00, 0x73,
    0xff, 0xff, 0x2f, 0x00, 0x00, 0x00, 0x00, 0x00, 0x00, 0x00, 0x00, 0x00, 0x00, 0x33, 0xff, 0xff,
    0x70, 0x00, 0x00, 0x00, 0x00, 0x1c, 0xfc, 0xff, 0xa8, 0x00, 0x00, 0x00, 0x00, 0x00, 0x00, 0x00,
    0x00, 0x00, 0x00, 0xad, 0xff, 0xfa, 0x19, 0x00, 0x00, 0x00, 0x00, 0x00, 0x9e, 0xff, 0xff, 0x55,
    0x00, 0x00, 0x00, 0x00, 0x00, 0x00, 0x00, 0x00, 0x58, 0xff, 0xff, 0x9a, 0x00, 0x00, 0x00, 0x00,
    0x00, 0x00, 0x16, 0xe6, 0xff, 0xfb, 0x68, 0x01, 0x00, 0x00, 0x00, 0x00, 0x01, 0x6a, 0xfc, 0xff,
    0xe5, 0x15, 0x00, 0x00, 0x00, 0x00, 0x00, 0x00, 0x00, 0x35, 0xf0, 0xff, 0xff, 0xd8, 0x7e, 0x59,
    0x58, 0x7e, 0xd9, 0xff, 0xff, 0xef, 0x34, 0x00, 0x00, 0x00, 0x00, 0x00, 0x00, 0x00, 0x00, 0x00,
    0x27, 0xca, 0xff, 0xff, 0xff, 0xff, 0xff, 0xff, 0xff, 0xff, 0xca, 0x27, 0x00, 0x00, 0x00, 0x00,
    0x00, 0x00, 0x00, 0x00, 0x00, 0x00, 0x00, 0x01, 0x4e, 0xa7, 0xdf, 0xf8, 0xf8, 0xdf, 0xa7, 0x4e,
    0x01, 0x00, 0x00, 0x00, 0x00, 0x00, 0x00, 0x00, 0x00, 0x00, 0x00, 0x00, 0x00, 0x00, 0x00, 0x00,
    0x00, 0x00, 0x23, 0x80, 0x80, 0x36, 0x00, 0x00, 0x00, 0x00, 0x00, 0x00, 0x00, 0x00, 0x00, 0x00,
    0x00, 0x00, 0x00, 0x00, 0x00, 0x00, 0x00, 0x00, 0xa3, 0xff, 0xe0, 0x0d, 0x00, 0x00, 0x00, 0x00,
    0x00, 0x00, 0x00, 0x00, 0x00, 0x00, 0x00, 0x00, 0x00, 0x00, 0x00, 0x00, 0x00, 0x20, 0xfb, 0xff,
    0x44, 0x00, 0x00, 0x00, 0x00, 0x00, 0x00, 0x00, 0x00, 0x00, 0x00, 0x00, 0x00, 0x00, 0x00, 0x00,
    0x00, 0x00, 0x00, 0x97, 0xff, 0x99, 0x00, 0x00, 0x00, 0x00, 0x00, 0x00, 0x00, 0x00, 0x00, 0x00,
    0x00, 0x00, 0x00, 0x00, 0x00, 0x00, 0x00, 0x00, 0x01, 0x77, 0x7f, 0x0d, 0x00, 0x00, 0x00, 0x00,
    0x00, 0x00, 0x00, 0x00, 0x00, 0x00, 0x00, 0x00, 0x00, 0x00, 0x00, 0x00, 0x00, 0x00, 0x00, 0x00,
    0x00, 0x00, 0x00, 0x00, 0x00, 0x00, 0x00, 0x00, 0x00, 0x00, 0x00, 0x00, 0x00, 0x00, 0x00, 0x00,
    0x00, 0x00, 0x00, 0x00, 0x00, 0x00, 0x00, 0x00, 0x00, 0x00, 0x00, 0x00, 0x00, 0x00, 0x00, 0x00,
    0x00, 0x00, 0x00, 0x00, 0x00, 0x00, 0x00, 0x00, 0x4a, 0xa5, 0xdd, 0xf7, 0xf7, 0xdd, 0xa5, 0x4a,
    0x00, 0x00, 0x00, 0x00, 0x00, 0x00, 0x00, 0x00, 0x00, 0x00, 0x00, 0x00, 0x24, 0xc6, 0xff, 0xff,
    0xff, 0xff, 0xff, 0xff, 0xff, 0xff, 0xc6, 0x24, 0x00, 0x00, 0x00, 0x00, 0x00, 0x00, 0x00, 0x00,
    0x00, 0x32, 0xee, 0xff, 0xff, 0xdb, 0x7f, 0x5a, 0x59, 0x7f, 0xdb, 0xff, 0xff, 0xed, 0x31, 0x00,
    0x00, 0x00, 0x00, 0x00, 0x00, 0x00, 0x14, 0xe4, 0xff, 0xfc, 0x6c, 0x02, 0x00, 0x00, 0x00, 0x00,
    0x02, 0x6e, 0xfc, 0xff, 0xe3, 0x13, 0x00, 0x00, 0x00, 0x00, 0x00, 0x00, 0x9c, 0xff, 0xff, 0x57,
    0x00, 0x00, 0x00, 0x00, 0x00, 0x00, 0x00, 0x00, 0x5a, 0xff, 0xff, 0x98, 0x00, 0x00, 0x00, 0x00,
    0x00, 0x1b, 0xfb, 0xff, 0xab, 0x00, 0x00, 0x00, 0x00, 0x00, 0x00, 0x00, 0x00, 0x00, 0x00, 0xaf,
    0xff, 0xfa, 0x18, 0x00, 0x00, 0x00, 0x00, 0x72, 0xff, 0xff, 0x30, 0x00, 0x00, 0x00, 0x00, 0x00,
    0x00, 0x00, 0x00, 0x00, 0x00, 0x34, 0xff, 0xff, 0x6f, 0x00, 0x00, 0x00, 0x00, 0xb3, 0xff, 0xdf,
    0x00, 0x00, 0x00, 0x00, 0x00, 0x00, 0x00, 0x00, 0x00, 0x00, 0x00, 0x00, 0xe1, 0xff, 0xb1, 0x00,
    0x00, 0x00, 0x00, 0xdd, 0xff, 0xa8, 0x00, 0x00, 0x00, 0x00, 0x00, 0x00, 0x00, 0x00, 0x00, 0x00,
    0x00, 0x00, 0xaa, 0xff, 0xdb, 0x00, 0x00, 0x00, 0x00, 0xf5, 0xff, 0x92, 0x00, 0x00, 0x00, 0x00,
    0x00, 0x00, 0x00, 0x00, 0x00, 0x00, 0x00, 0x00, 0x93, 0xff, 0xf3, 0x00, 0x00, 0x00, 0x00, 0xfd,
    0xff, 0x81, 0x00, 0x00, 0x00, 0x00, 0x00, 0x00, 0x00, 0x00, 0x00, 0x00, 0x00, 0x00, 0x82, 0xff,
    0xfc, 0x00, 0x00, 0x00, 0x00, 0xf5, 0xff, 0x92, 0x00, 0x00, 0x00, 0x00, 0x00, 0x00, 0x00, 0x00,
    0x00, 0x00, 0x00, 0x00, 0x93, 0xff, 0xf3, 0x00, 0x00, 0x00, 0x00, 0xdd, 0xff, 0xa8, 0x00, 0x00,
    0x00, 0x00, 0x00, 0x00, 0x00, 0x00, 0x00, 0x00, 0x00, 0x00, 0xaa, 0xff, 0xdc, 0x00, 0x00, 0x00,
    0x00, 0xb3, 0xff, 0xde, 0x00, 0x00, 0x00, 0x00, 0x00, 0x00, 0x00, 0x00, 0x00, 0x00, 0x00, 0x00,
    0xe0, 0xff, 0xb2, 0x00, 0x00, 0x00, 0x00, 0x73, 0xff, 0xff, 0x2f, 0x00, 0x00, 0x00, 0x00, 0x00,
    0x00, 0x00, 0x00, 0x00, 0x00, 0x33, 0xff, 0xff, 0x70, 0x00, 0x00, 0x00, 0x00, 0x1c, 0xfc, 0xff,
    0xa8, 0x00, 0x00, 0x00, 0x00, 0x00, 0x00, 0x00, 0x00, 0x00, 0x00, 0xad, 0xff, 0xfa, 0x19, 0x00,
    0x00, 0x00, 0x00, 0x00, 0x9e, 0xff, 0xff, 0x55, 0x00, 0x00, 0x00, 0x00, 0x00, 0x00, 0x00, 0x00,
    0x58, 0xff, 0xff, 0x9a, 0x00, 0x00, 0x00, 0x00, 0x00, 0x00, 0x16, 0xe6, 0xff, 0xfb, 0x68, 0x01,
    0x00, 0x00, 0x00, 0x00, 0x01, 0x6a, 0xfc, 0xff, 0xe5, 0x15, 0x00, 0x00, 0x00, 0x00, 0x00, 0x00,
    0x00, 0x35, 0xf0, 0xff, 0xff, 0xd8, 0x7e, 0x59, 0x58, 0x7e, 0xd9, 0xff, 0xff, 0xef, 0x34, 0x00,
    0x00, 0x00, 0x00, 0x00, 0x00, 0x00, 0x00, 0x00, 0x27, 0xca, 0xff, 0xff, 0xff, 0xff, 0xff, 0xff,
    0xff, 0xff, 0xca, 0x27, 0x00, 0x00, 0x00, 0x00, 0x00, 0x00, 0x00, 0x00, 0x00, 0x00, 0x00, 0x01,
    0x4e, 0xa7, 0xdf, 0xf8, 0xf8, 0xdf, 0xa7, 0x4e, 0x01, 0x00, 0x00, 0x00, 0x00, 0x00, 0x00, 0x00,
    0x00, 0x00, 0x00, 0x00, 0x00, 0x00, 0x87, 0xf3, 0x87, 0x00, 0x00, 0x86, 0xf3, 0x87, 0x00, 0x00,
    0x00, 0x00, 0x00, 0x00, 0x00, 0x00, 0x00, 0x00, 0x00, 0x00, 0x00, 0x00, 0xf4, 0xff, 0xf3, 0x00,
    0x00, 0xf4, 0xff, 0xf3, 0x00, 0x00, 0x00, 0x00, 0x00, 0x00, 0x00, 0x00, 0x00, 0x00, 0x00, 0x00,
    0x00, 0x00, 0x86, 0xf4, 0x86, 0x00, 0x00, 0x86, 0xf4, 0x86, 0x00, 0x00, 0x00, 0x00, 0x00, 0x00,
    0x00, 0x00, 0x00, 0x00, 0x00, 0x00, 0x00, 0x00, 0x00, 0x00, 0x00, 0x00, 0x00, 0x00, 0x00, 0x00,
    0x00, 0x00, 0x00, 0x00, 0x00, 0x00, 0x00, 0x00, 0x00, 0x00, 0x00, 0x00, 0x00, 0x00, 0x00, 0x00,
    0x00, 0x00, 0x00, 0x00, 0x00, 0x00, 0x00, 0x00, 0x00, 0x00, 0x00, 0x00, 0x00, 0x00, 0x00, 0x00,
    0x00, 0x00, 0x00, 0x00, 0x00, 0x00, 0x00, 0x00, 0x00, 0x00, 0x00, 0x00, 0x00, 0x00, 0x00, 0x00,
    0x00, 0x00, 0x00, 0x00, 0x00, 0x00, 0x00, 0x00, 0x00, 0x00, 0x4a, 0xa5, 0xdd, 0xf7, 0xf7, 0xdd,
    0xa5, 0x4a, 0x00, 0x00, 0x00, 0x00, 0x00, 0x00, 0x00, 0x00, 0x00, 0x00, 0x00, 0x00, 0x24, 0xc6,
    0xff, 0xff, 0xff, 0xff, 0xff, 0xff, 0xff, 0xff, 0xc6, 0x24, 0x00, 0x00, 0x00, 0x00, 0x00, 0x00,
    0x00, 0x00, 0x00, 0x32, 0xee, 0xff, 0xff, 0xdb, 0x7f, 0x5a, 0x59, 0x7f, 0xdb, 0xff, 0xff, 0xed,
    0x31, 0x00, 0x00, 0x00, 0x00, 0x00, 0x00, 0x00, 0x14, 0xe4, 0xff, 0xfc, 0x6c, 0x02, 0x00, 0x00,
    0x00, 0x00, 0x02, 0x6e, 0xfc, 0xff, 0xe3, 0x13, 0x00, 0x00, 0x00, 0x00, 0x00, 0x00, 0x9c, 0xff,
    0xff, 0x57, 0x00, 0x00, 0x00, 0x00, 0x00, 0x00, 0x00, 0x00, 0x5a, 0xff, 0xff, 0x98, 0x00, 0x00,
    0x00, 0x00, 0x00, 0x1b, 0xfb, 0xff, 0xab, 0x00, 0x00, 0x00, 0x00, 0x00, 0x00, 0x00, 0x00, 0x00,
    0x00, 0xaf, 0xff, 0xfa, 0x18, 0x00, 0x00, 0x00, 0x00, 0x72, 0xff, 0xff, 0x30, 0x00, 0x00, 0x00,
    0x00, 0x00, 0x00, 0x00, 0x00, 0x00, 0x00, 0x34, 0xff, 0xff, 0x6f, 0x00, 0x00, 0x00, 0x00, 0xb3,
    0xff, 0xdf, 0x00, 0x00, 0x00, 0x00, 0x00, 0x00, 0x00, 0x00, 0x00, 0x00, 0x00, 0x00, 0xe1, 0xff,
    0xb1, 0x00, 0x00, 0x00, 0x00, 0xdd, 0xff, 0xa8, 0x00, 0x00, 0x00, 0x00, 0x00, 0x00, 0x00, 0x00,
    0x00, 0x00, 0x00, 0x00, 0xaa, 0xff, 0xdb, 0x00, 0x00, 0x00, 0x00, 0xf5, 0xff, 0x92, 0x00, 0x00,
    0x00, 0x00, 0x00, 0x00, 0x00, 0x00, 0x00, 0x00, 0x00, 0x00, 0x93, 0xff, 0xf3, 0x00, 0x00, 0x00,
    0x00, 0xfd, 0xff, 0x81, 0x00, 0x00, 0x00, 0x00, 0x00, 0x00, 0x00, 0x00, 0x00, 0x00, 0x00, 0x00,
    0x82, 0xff, 0xfc, 0x00, 0x00, 0x00, 0x00, 0xf5, 0xff, 0x92, 0x00, 0x00, 0x00, 0x00, 0x00, 0x00,
    0x00, 0x00, 0x00, 0x00, 0x00, 0x00, 0x93, 0xff, 0xf3, 0x00, 0x00, 0x00, 0x00, 0xdd, 0xff, 0xa8,
    0x00, 0x00, 0x00, 0x00, 0x00, 0x00, 0x00, 0x00, 0x00, 0x00, 0x00, 0x00, 0xaa, 0xff, 0xdc, 0x00,
    0x00, 0x00, 0x00, 0xb3, 0xff, 0xde, 0x00, 0x00, 0x00, 0x00, 0x00, 0x00, 0x00, 0x00, 0x00, 0x00,
    0x00, 0x00, 0xe0, 0xff, 0xb2, 0x00, 0x00, 0x00, 0x00, 0x73, 0xff, 0xff, 0x2f, 0x00, 0x00, 0x00,
    0x00, 0x00, 0x00, 0x00, 0x00, 0x00, 0x00, 0x33, 0xff, 0xff, 0x70, 0x00, 0x00, 0x00, 0x00, 0x1c,
    0xfc, 0xff, 0xa8, 0x00, 0x00, 0x00, 0x00, 0x00, 0x00, 0x00, 0x00, 0x00, 0x00, 0xad, 0xff, 0xfa,
    0x19, 0x00, 0x00, 0x00, 0x00, 0x00, 0x9e, 0xff, 0xff, 0x55, 0x00, 0x00, 0x00, 0x00, 0x00, 0x00,
    0x00, 0x00, 0x58, 0xff, 0xff, 0x9a, 0x00, 0x00, 0x00, 0x00, 0x00, 0x00, 0x16, 0xe6, 0xff, 0xfb,
    0x68, 0x01, 0x00, 0x00, 0x00, 0x00, 0x01, 0x6a, 0xfc, 0xff, 0xe5, 0x15, 0x00, 0x00, 0x00, 0x00,
    0x00, 0x00, 0x00, 0x35, 0xf0, 0xff, 0xff, 0xd8, 0x7e, 0x59, 0x58, 0x7e, 0xd9, 0xff, 0xff, 0xef,
    0x34, 0x00, 0x00, 0x00, 0x00, 0x00, 0x00, 0x00, 0x00, 0x00, 0x27, 0xca, 0xff, 0xff, 0xff, 0xff,
    0xff, 0xff, 0xff, 0xff, 0xca, 0x27, 0x00, 0x00, 0x00, 0x00, 0x00, 0x00, 0x00, 0x00, 0x00, 0x00,
    0x00, 0x01, 0x4e, 0xa7, 0xdf, 0xf8, 0xf8, 0xdf, 0xa7, 0x4e, 0x01, 0x00, 0x00, 0x00, 0x00, 0x00,
    0x00, 0x00, 0x00, 0x00, 0x00, 0x00, 0x00, 0x5e, 0xff, 0xff, 0x5e, 0x00, 0x00, 0x00, 0x00, 0x00,
    0x00, 0x00, 0x00, 0x00, 0x00, 0x00, 0x00, 0x00, 0x00, 0x00, 0x00, 0x00, 0xaf, 0xff, 0xd9, 0x02,
    0x00, 0x00, 0x00, 0x00, 0x00, 0x00, 0x00, 0x00, 0x00, 0x00, 0x00, 0x00, 0x00, 0x00, 0x00, 0x00,
    0x16, 0xeb, 0xff, 0x5a, 0x00, 0x00, 0x00, 0x00, 0x00, 0x00, 0x00, 0x00, 0x00, 0x00, 0x00, 0x00,
    0x00, 0x00, 0x00, 0x00, 0x00, 0x53, 0xff, 0xd6, 0x02, 0x00, 0x00, 0x00, 0x00, 0x00, 0x00, 0x00,
    0x00, 0x00, 0x00, 0x00, 0x00, 0x00, 0x00, 0x00, 0x00, 0x00, 0x00, 0x00, 0x00, 0x00, 0x00, 0x00,
    0x00, 0x00, 0x00, 0x00, 0x00, 0x00, 0x00, 0x00, 0x00, 0x00, 0x00, 0x00, 0x00, 0x00, 0x00, 0x00,
    0x00, 0x00, 0x00, 0x00, 0x00, 0x00, 0x00, 0x00, 0x00, 0x00, 0x00, 0x00, 0x00, 0x00, 0x00, 0x00,
    0x00, 0x00, 0x00, 0x00, 0x00, 0x00, 0x00, 0x00, 0x00, 0x00, 0x00, 0x00, 0x00, 0x00, 0x00, 0xff,
    0xff, 0x7c, 0x00, 0x00, 0x00, 0x00, 0x00, 0x00, 0x00, 0x00, 0x00, 0x00, 0x7c, 0xff, 0xff, 0x00,
    0x00, 0x00, 0x00, 0xff, 0xff, 0x7c, 0x00, 0x00, 0x00, 0x00, 0x00, 0x00, 0x00, 0x00, 0x00, 0x00,
    0x7c, 0xff, 0xff, 0x00, 0x00, 0x00, 0x00, 0xff, 0xff, 0x7c, 0x00, 0x00, 0x00, 0x00, 0x00, 0x00,
    0x00, 0x00, 0x00, 0x00, 0x7c, 0xff, 0xff, 0x00, 0x00, 0x00, 0x00, 0xff, 0xff, 0x7c, 0x00, 0x00,
    0x00, 0x00, 0x00, 0x00, 0x00, 0x00, 0x00, 0x00, 0x7c, 0xff, 0xff, 0x00, 0x00, 0x00, 0x00, 0xff,
    0xff, 0x7c, 0x00, 0x00, 0x00, 0x00, 0x00, 0x00, 0x00, 0x00, 0x00, 0x00, 0x7c, 0xff, 0xff, 0x00,
    0x00, 0x00, 0x00, 0xff, 0xff, 0x7c, 0x00, 0x00, 0x00, 0x00, 0x00, 0x00, 0x00, 0x00, 0x00, 0x00,
    0x7c, 0xff, 0xff, 0x00, 0x00, 0x00, 0x00, 0xff, 0xff, 0x7c, 0x00, 0x00, 0x00, 0x00, 0x00, 0x00,
    0x00, 0x00, 0x00, 0x00, 0x7c, 0xff, 0xff, 0x00, 0x00, 0x00, 0x00, 0xff, 0xff, 0x7c, 0x00, 0x00,
    0x00, 0x00, 0x00, 0x00, 0x00, 0x00, 0x00, 0x00, 0x7c, 0xff, 0xff, 0x00, 0x00, 0x00, 0x00, 0xff,
    0xff, 0x7c, 0x00, 0x00, 0x00, 0x00, 0x00, 0x00, 0x00, 0x00, 0x00, 0x00, 0x7c, 0xff, 0xff, 0x00,
    0x00, 0x00, 0x00, 0xff, 0xff, 0x7c, 0x00, 0x00, 0x00, 0x00, 0x00, 0x00, 0x00, 0x00, 0x00, 0x00,
    0x7c, 0xff, 0xff, 0x00, 0x00, 0x00, 0x00, 0xff, 0xff, 0x7c, 0x00, 0x00, 0x00, 0x00, 0x00, 0x00,
    0x00, 0x00, 0x00, 0x00, 0x7c, 0xff, 0xff, 0x00, 0x00, 0x00, 0x00, 0xff, 0xff, 0x7c, 0x00, 0x00,
    0x00, 0x00, 0x00, 0x00, 0x00, 0x00, 0x00, 0x00, 0x7c, 0xff, 0xff, 0x00, 0x00, 0x00, 0x00, 0xff,
    0xff, 0x7c, 0x00, 0x00, 0x00, 0x00, 0x00, 0x00, 0x00, 0x00, 0x00, 0x00, 0x7c, 0xff, 0xff, 0x00,
    0x00, 0x00, 0x00, 0xfe, 0xff, 0x7f, 0x00, 0x00, 0x00, 0x00, 0x00, 0x00, 0x00, 0x00, 0x00, 0x00,
    0x7f, 0xff, 0xfd, 0x00, 0x00, 0x00, 0x00, 0xe5, 0xff, 0x98, 0x00, 0x00, 0x00, 0x00, 0x00, 0x00,
    0x00, 0x00, 0x00, 0x00, 0x98, 0xff, 0xe4, 0x00, 0x00, 0x00, 0x00, 0xc0, 0xff, 0xdb, 0x01, 0x00,
    0x00, 0x00, 0x00, 0x00, 0x00, 0x00, 0x00, 0x01, 0xdc, 0xff, 0xbf, 0x00, 0x00, 0x00, 0x00, 0x66,
    0xff, 0xff, 0x60, 0x00, 0x00, 0x00, 0x00, 0x00, 0x00, 0x00, 0x00, 0x60, 0xff, 0xff, 0x63, 0x00,
    0x00, 0x00, 0x00, 0x0b, 0xdf, 0xff, 0xf6, 0x59, 0x00, 0x00, 0x00, 0x00, 0x00, 0x00, 0x59, 0xf6,
    0xff, 0xdd, 0x09, 0x00, 0x00, 0x00, 0x00, 0x00, 0x2f, 0xf4, 0xff, 0xff, 0xc9, 0x76, 0x55, 0x54,
    0x75, 0xc8, 0xff, 0xff, 0xf4, 0x2e, 0x00, 0x00, 0x00, 0x00, 0x00, 0x00, 0x00, 0x2b, 0xd1, 0xff,
    0xff, 0xff, 0xff, 0xff, 0xff, 0xff, 0xff, 0xd0, 0x2a, 0x00, 0x00, 0x00, 0x00, 0x00, 0x00, 0x00,
    0x00, 0x00, 0x05, 0x4f, 0xaa, 0xd7, 0xf2, 0xf3, 0xd8, 0xab, 0x50, 0x05, 0x00, 0x00, 0x00, 0x00,
    0x00, 0x00, 0x00, 0x00, 0x00, 0x00, 0x00, 0x00, 0x00, 0x00, 0x00, 0x20, 0x80, 0x80, 0x44, 0x00,
    0x00, 0x00, 0x00, 0x00, 0x00, 0x00, 0x00, 0x00, 0x00, 0x00, 0x00, 0x00, 0x00, 0x00, 0x00, 0x9f,
    0xff, 0xec, 0x18, 0x00, 0x00, 0x00, 0x00, 0x00, 0x00, 0x00, 0x00, 0x00, 0x00, 0x00, 0x00, 0x00,
    0x00, 0x00, 0x21, 0xfb, 0xff, 0x55, 0x00, 0x00, 0x00, 0x00, 0x00, 0x00, 0x00, 0x00, 0x00, 0x00,
    0x00, 0x00, 0x00, 0x00, 0x00, 0x00, 0x9b, 0xff, 0xa6, 0x00, 0x00, 0x00, 0x00, 0x00, 0x00, 0x00,
    0x00, 0x00, 0x00, 0x00, 0x00, 0x00, 0x00, 0x00, 0x00, 0x02, 0x7a, 0x7f, 0x12, 0x00, 0x00, 0x00,
    0x00, 0x00, 0x00, 0x00, 0x00, 0x00, 0x00, 0x00, 0x00, 0x00, 0x00, 0x00, 0x00, 0x00, 0x00, 0x00,
    0x00, 0x00, 0x00, 0x00, 0x00, 0x00, 0x00, 0x00, 0x00, 0x00, 0x00, 0x00, 0x00, 0x00, 0x00, 0x00,
    0x00, 0x00, 0x00, 0x00, 0x00, 0x00, 0x00, 0x00, 0x00, 0x00, 0x00, 0x00, 0x00, 0x00, 0x00, 0xff,
    0xff, 0x7c, 0x00, 0x00, 0x00, 0x00, 0x00, 0x00, 0x00, 0x00, 0x00, 0x00, 0x7c, 0xff, 0xff, 0x00,
    0x00, 0x00, 0x00, 0xff, 0xff, 0x7c, 0x00, 0x00, 0x00, 0x00, 0x00, 0x00, 0x00, 0x00, 0x00, 0x00,
    0x7c, 0xff, 0xff, 0x00, 0x00, 0x00, 0x00, 0xff, 0xff, 0x7c, 0x00, 0x00, 0x00, 0x00, 0x00, 0x00,
    0x00, 0x00, 0x00, 0x00, 0x7c, 0xff, 0xff, 0x00, 0x00, 0x00, 0x00, 0xff, 0xff, 0x7c, 0x00, 0x00,
    0x00, 0x00, 0x00, 0x00, 0x00, 0x00, 0x00, 0x00, 0x7c, 0xff, 0xff, 0x00, 0x00, 0x00, 0x00, 0xff,
    0xff, 0x7c, 0x00, 0x00, 0x00, 0x00, 0x00, 0x00, 0x00, 0x00, 0x00, 0x00, 0x7c, 0xff, 0xff, 0x00,
    0x00, 0x00, 0x00, 0xff, 0xff, 0x7c, 0x00, 0x00, 0x00, 0x00, 0x00, 0x00, 0x00, 0x00, 0x00, 0x00,
    0x7c, 0xff, 0xff, 0x00, 0x00, 0x00, 0x00, 0xff, 0xff, 0x7c, 0x00, 0x00, 0x00, 0x00, 0x00, 0x00,
    0x00, 0x00, 0x00, 0x00, 0x7c, 0xff, 0xff, 0x00, 0x00, 0x00, 0x00, 0xff, 0xff, 0x7c, 0x00, 0x00,
    0x00, 0x00, 0x00, 0x00, 0x00, 0x00, 0x00, 0x00, 0x7c, 0xff, 0xff, 0x00, 0x00, 0x00, 0x00, 0xff,
    0xff, 0x7c, 0x00, 0x00, 0x00, 0x00, 0x00, 0x00, 0x00, 0x00, 0x00, 0x00, 0x7c, 0xff, 0xff, 0x00,
    0x00, 0x00, 0x00, 0xff, 0xff, 0x7c, 0x00, 0x00, 0x00, 0x00, 0x00, 0x00, 0x00, 0x00, 0x00, 0x00,
    0x7c, 0xff, 0xff, 0x00, 0x00, 0x00, 0x00, 0xff, 0xff, 0x7c, 0x00, 0x00, 0x00, 0x00, 0x00, 0x00,
    0x00, 0x00, 0x00, 0x00, 0x7c, 0xff, 0xff, 0x00, 0x00, 0x00, 0x00, 0xff, 0xff, 0x7c, 0x00, 0x00,
    0x00, 0x00, 0x00, 0x00, 0x00, 0x00, 0x00, 0x00, 0x7c, 0xff, 0xff, 0x00, 0x00, 0x00, 0x00, 0xff,
    0xff, 0x7c, 0x00, 0x00, 0x00, 0x00, 0x00, 0x00, 0x00, 0x00, 0x00, 0x00, 0x7c, 0xff, 0xff, 0x00,
    0x00, 0x00, 0x00, 0xfe, 0xff, 0x7f, 0x00, 0x00, 0x00, 0x00, 0x00, 0x00, 0x00, 0x00, 0x00, 0x00,
    0x7f, 0xff, 0xfd, 0x00, 0x00, 0x00, 0x00, 0xe5, 0xff, 0x98, 0x00, 0x00, 0x00, 0x00, 0x00, 0x00,
    0x00, 0x00, 0x00, 0x00, 0x98, 0xff, 0xe4, 0x00, 0x00, 0x00, 0x00, 0xc0, 0xff, 0xdb, 0x01, 0x00,
    0x00, 0x00, 0x00, 0x00, 0x00, 0x00, 0x00, 0x01, 0xdc, 0xff, 0xbf, 0x00, 0x00, 0x00, 0x00, 0x66,
    0xff, 0xff, 0x60, 0x00, 0x00, 0x00, 0x00, 0x00, 0x00, 0x00, 0x00, 0x60, 0xff, 0xff, 0x63, 0x00,
    0x00, 0x00, 0x00, 0x0b, 0xdf, 0xff, 0xf6, 0x59, 0x00, 0x00, 0x00, 0x00, 0x00, 0x00, 0x59, 0xf6,
    0xff, 0xdd, 0x09, 0x00, 0x00, 0x00, 0x00, 0x00, 0x2f, 0xf4, 0xff, 0xff, 0xc9, 0x76, 0x55, 0x54,
    0x75, 0xc8, 0xff, 0xff, 0xf4, 0x2e, 0x00, 0x00, 0x00, 0x00, 0x00, 0x00, 0x00, 0x2b, 0xd1, 0xff,
    0xff, 0xff, 0xff, 0xff, 0xff, 0xff, 0xff, 0xd0, 0x2a, 0x00, 0x00, 0x00, 0x00, 0x00, 0x00, 0x00,
    0x00, 0x00, 0x05, 0x4f, 0xaa, 0xd7, 0xf2, 0xf3, 0xd8, 0xab, 0x50, 0x05, 0x00, 0x00, 0x00, 0x00,
    0x00, 0x00, 0x00, 0x00, 0x00, 0x00, 0x00, 0x86, 0xf3, 0x87, 0x00, 0x00, 0x87, 0xf3, 0x87, 0x00,
    0x00, 0x00, 0x00, 0x00, 0x00, 0x00, 0x00, 0x00, 0x00, 0x00, 0x00, 0xf4, 0xff, 0xf3, 0x00, 0x00,
    0xf4, 0xff, 0xf3, 0x00, 0x00, 0x00, 0x00, 0x00, 0x00, 0x00, 0x00, 0x00, 0x00, 0x00, 0x00, 0x86,
    0xf4, 0x86, 0x00, 0x00, 0x86, 0xf4, 0x86, 0x00, 0x00, 0x00, 0x00, 0x00, 0x00, 0x00, 0x00, 0x00,
    0x00, 0x00, 0x00, 0x00, 0x00, 0x00, 0x00, 0x00, 0x00, 0x00, 0x00, 0x00, 0x00, 0x00, 0x00, 0x00,
    0x00, 0x00, 0x00, 0x00, 0x00, 0x00, 0x00, 0x00, 0x00, 0x00, 0x00, 0x00, 0x00, 0x00, 0x00, 0x00,
    0x00, 0x00, 0x00, 0x00, 0x00, 0x00, 0x00, 0x00, 0x00, 0x00, 0x00, 0x00, 0x00, 0x00, 0x00, 0x00,
    0x00, 0x00, 0x00, 0x00, 0x00, 0x00, 0x00, 0x00, 0x00, 0x00, 0x00, 0xff, 0xff, 0x7c, 0x00, 0x00,
    0x00, 0x00, 0x00, 0x00, 0x00, 0x00, 0x00, 0x00, 0x7c, 0xff, 0xff, 0x00, 0x00, 0x00, 0x00, 0xff,
    0xff, 0x7c, 0x00, 0x00, 0x00, 0x00, 0x00, 0x00, 0x00, 0x00, 0x00, 0x00, 0x7c, 0xff, 0xff, 0x00,
    0x00, 0x00, 0x00, 0xff, 0xff, 0x7c, 0x00, 0x00, 0x00, 0x00, 0x00, 0x00, 0x00, 0x00, 0x00, 0x00,
    0x7c, 0xff, 0xff, 0x00, 0x00, 0x00, 0x00, 0xff, 0xff, 0x7c, 0x00, 0x00, 0x00, 0x00, 0x00, 0x00,
    0x00, 0x00, 0x00, 0x00, 0x7c, 0xff, 0xff, 0x00, 0x00, 0x00, 0x00, 0xff, 0xff, 0x7c, 0x00, 0x00,
    0x00, 0x00, 0x00, 0x00, 0x00, 0x00, 0x00, 0x00, 0x7c, 0xff, 0xff, 0x00, 0x00, 0x00, 0x00, 0xff,
    0xff, 0x7c, 0x00, 0x00, 0x00, 0x00, 0x00, 0x00, 0x00, 0x00, 0x00, 0x00, 0x7c, 0xff, 0xff, 0x00,
    0x00, 0x00, 0x00, 0xff, 0xff, 0x7c, 0x00, 0x00, 0x00, 0x00, 0x00, 0x00, 0x00, 0x00, 0x00, 0x00,
    0x7c, 0xff, 0xff, 0x00, 0x00, 0x00, 0x00, 0xff, 0xff, 0x7c, 0x00, 0x00, 0x00, 0x00, 0x00, 0x00,
    0x00, 0x00, 0x00, 0x00, 0x7c, 0xff, 0xff, 0x00, 0x00, 0x00, 0x00, 0xff, 0xff, 0x7c, 0x00, 0x00,
    0x00, 0x00, 0x00, 0x00, 0x00, 0x00, 0x00, 0x00, 0x7c, 0xff, 0xff, 0x00, 0x00, 0x00, 0x00, 0xff,
    0xff, 0x7c, 0x00, 0x00, 0x00, 0x00, 0x00, 0x00, 0x00, 0x00, 0x00, 0x00, 0x7c, 0xff, 0xff, 0x00,
    0x00, 0x00, 0x00, 0xff, 0xff, 0x7c, 0x00, 0x00, 0x00, 0x00, 0x00, 0x00, 0x00, 0x00, 0x00, 0x00,
    0x7c, 0xff, 0xff, 0x00, 0x00, 0x00, 0x00, 0xff, 0xff, 0x7c, 0x00, 0x00, 0x00, 0x00, 0x00, 0x00,
    0x00, 0x00, 0x00, 0x00, 0x7c, 0xff, 0xff, 0x00, 0x00, 0x00, 0x00, 0xff, 0xff, 0x7c, 0x00, 0x00,
    0x00, 0x00, 0x00, 0x00, 0x00, 0x00, 0x00, 0x00, 0x7c, 0xff, 0xff, 0x00, 0x00, 0x00, 0x00, 0xfe,
    0xff, 0x7f, 0x00, 0x00, 0x00, 0x00, 0x00, 0x00, 0x00, 0x00, 0x00, 0x00, 0x7f, 0xff, 0xfd, 0x00,
    0x00, 0x00, 0x00, 0xe5, 0xff, 0x98, 0x00, 0x00, 0x00, 0x00, 0x00, 0x00, 0x00, 0x00, 0x00, 0x00,
    0x98, 0xff, 0xe4, 0x00, 0x00, 0x00, 0x00, 0xc0, 0xff, 0xdb, 0x01, 0x00, 0x00, 0x00, 0x00, 0x00,
    0x00, 0x00, 0x00, 0x01, 0xdc, 0xff, 0xbf, 0x00, 0x00, 0x00, 0x00, 0x66, 0xff, 0xff, 0x60, 0x00,
    0x00, 0x00, 0x00, 0x00, 0x00, 0x00, 0x00, 0x60, 0xff, 0xff, 0x63, 0x00, 0x00, 0x00, 0x00, 0x0b,
    0xdf, 0xff, 0xf6, 0x59, 0x00, 0x00, 0x00, 0x00, 0x00, 0x00, 0x59, 0xf6, 0xff, 0xdd, 0x09, 0x00,
    0x00, 0x00, 0x00, 0x00, 0x2f, 0xf4, 0xff, 0xff, 0xc9, 0x76, 0x55, 0x54, 0x75, 0xc8, 0xff, 0xff,
    0xf4, 0x2e, 0x00, 0x00, 0x00, 0x00, 0x00, 0x00, 0x00, 0x2b, 0xd1, 0xff, 0xff, 0xff, 0xff, 0xff,
    0xff, 0xff, 0xff, 0xd0, 0x2a, 0x00, 0x00, 0x00, 0x00, 0x00, 0x00, 0x00, 0x00, 0x00, 0x05, 0x4f,
    0xaa, 0xd7, 0xf2, 0xf3, 0xd8, 0xab, 0x50, 0x05, 0x00, 0x00, 0x00, 0x00, 0x00, 0x00, 0x00, 0x00,
    0x08, 0xd6, 0xff, 0xd4, 0x01, 0x00, 0x00, 0x00, 0x00, 0x00, 0x00, 0x00, 0x00, 0x00, 0x00, 0x00,
    0x00, 0x36, 0xfc, 0xff, 0x52, 0x00, 0x00, 0x00, 0x00, 0x00, 0x00, 0x00, 0x00, 0x00, 0x00, 0x00,
    0x00, 0x00, 0x87, 0xff, 0xcf, 0x00, 0x00, 0x00, 0x00, 0x00, 0x00, 0x00, 0x00, 0x00, 0x00, 0x00,
    0x00, 0x00, 0x06, 0xd3, 0xff, 0x4d, 0x00, 0x00, 0x00, 0x00, 0x00, 0x00, 0x00, 0x00, 0x00, 0x00,
    0x00, 0x00, 0x00, 0x00, 0x00, 0x00, 0x00, 0x00, 0x00, 0x00, 0x00, 0x00, 0x00, 0x00, 0x00, 0x00,
    0x00, 0x00, 0x00, 0x00, 0x00, 0x00, 0x00, 0x00, 0x00, 0x00, 0x00, 0x00, 0x00, 0x00, 0x00, 0x00,
    0x04, 0x5b, 0xb3, 0xe6, 0xfa, 0xe9, 0xc6, 0x78, 0x0e, 0x00, 0x00, 0x00, 0x00, 0x00, 0x00, 0x1b,
    0xcd, 0xff, 0xff, 0xff, 0xff, 0xff, 0xff, 0xff, 0xdd, 0x22, 0x00, 0x00, 0x00, 0x00, 0x06, 0xd5,
    0xff, 0xff, 0xce, 0x71, 0x4f, 0x5b, 0xa9, 0xff, 0xff, 0xc5, 0x00, 0x00, 0x00, 0x00, 0x52, 0xfd,
    0xff, 0x93, 0x01, 0x00, 0x00, 0x00, 0x00, 0x87, 0xff, 0xff, 0x2f, 0x00, 0x00, 0x00, 0x00, 0x18,
    0x62, 0x05, 0x00, 0x00, 0x00, 0x00, 0x00, 0x1b, 0xff, 0xff, 0x62, 0x00, 0x00, 0x00, 0x00, 0x00,
    0x00, 0x00, 0x00, 0x00, 0x00, 0x00, 0x00, 0x0e, 0xff, 0xff, 0x77, 0x00, 0x00, 0x00, 0x00, 0x00,
    0x00, 0x00, 0x02, 0x24, 0x4a, 0x69, 0x8a, 0xd4, 0xff, 0xff, 0x7c, 0x00, 0x00, 0x00, 0x00, 0x07,
    0x5d, 0xba, 0xf6, 0xff, 0xff, 0xff, 0xff, 0xfe, 0xff, 0xff, 0x7c, 0x00, 0x00, 0x00, 0x14, 0xd2,
    0xff, 0xff, 0xff, 0xdf, 0xb6, 0x95, 0x69, 0x29, 0xff, 0xff, 0x7c, 0x00, 0x00, 0x00, 0xa0, 0xff,
    0xfe, 0x8a, 0x1c, 0x00, 0x00, 0x00, 0x00, 0x00, 0xff, 0xff, 0x7c, 0x00, 0x00, 0x00, 0xea, 0xff,
    0xab, 0x00, 0x00, 0x00, 0x00, 0x00, 0x00, 0x10, 0xff, 0xff, 0x7c, 0x00, 0x00, 0x00, 0xf6, 0xff,
    0x86, 0x00, 0x00, 0x00, 0x00, 0x00, 0x00, 0x5f, 0xff, 0xff, 0x7c, 0x00, 0x00, 0x00, 0xd4, 0xff,
    0xd3, 0x09, 0x00, 0x00, 0x00, 0x00, 0x2e, 0xec, 0xff, 0xff, 0x7c, 0x00, 0x00, 0x00, 0x72, 0xff,
    0xff, 0xd5, 0x6e, 0x4d, 0x5d, 0x9c, 0xf8, 0xd2, 0xff, 0xff, 0x7c, 0x00, 0x00, 0x00, 0x03, 0xae,
    0xff, 0xff, 0xff, 0xff, 0xff, 0xff, 0xe6, 0x26, 0xff, 0xff, 0x7c, 0x00, 0x00, 0x00, 0x00, 0x01,
    0x5e, 0xbf, 0xed, 0xf9, 0xdd, 0x8f, 0x16, 0x00, 0xff, 0xff, 0x7c, 0x00, 0x00, 0x00, 0x00, 0x00,
    0x00, 0x00, 0x00, 0x00, 0x00, 0x66, 0x80, 0x78, 0x02, 0x00, 0x00, 0x00, 0x00, 0x00, 0x00, 0x00,
    0x00, 0x00, 0x00, 0x00, 0x21, 0xfd, 0xff, 0x82, 0x00, 0x00, 0x00, 0x00, 0x00, 0x00, 0x00, 0x00,
    0x00, 0x00, 0x00, 0x00, 0x8d, 0xff, 0xe0, 0x09, 0x00, 0x00, 0x00, 0x00, 0x00, 0x00, 0x00, 0x00,
    0x00, 0x00, 0x00, 0x0b, 0xef, 0xff, 0x50, 0x00, 0x00, 0x00, 0x00, 0x00, 0x00, 0x00, 0x00, 0x00,
    0x00, 0x00, 0x00, 0x69, 0xff, 0xb8, 0x00, 0x00, 0x00, 0x00, 0x00, 0x00, 0x00, 0x00, 0x00, 0x00,
    0x00, 0x00, 0x00, 0x00, 0x00, 0x00, 0x00, 0x00, 0x00, 0x00, 0x00, 0x00, 0x00, 0x00, 0x00, 0x00,
    0x00, 0x00, 0x00, 0x00, 0x00, 0x00, 0x00, 0x00, 0x00, 0x00, 0x00, 0x00, 0x00, 0x00, 0x00, 0x00,
    0x04, 0x5b, 0xb3, 0xe6, 0xfa, 0xe9, 0xc6, 0x78, 0x0e, 0x00, 0x00, 0x00, 0x00, 0x00, 0x00, 0x1b,
    0xcd, 0xff, 0xff, 0xff, 0xff, 0xff, 0xff, 0xff, 0xdd, 0x22, 0x00, 0x00, 0x00, 0x00, 0x06, 0xd5,
    0xff, 0xff, 0xce, 0x71, 0x4f, 0x5b, 0xa9, 0xff, 0xff, 0xc5, 0x00, 0x00, 0x00, 0x00, 0x52, 0xfd,
    0xff, 0x93, 0x01, 0x00, 0x00, 0x00, 0x00, 0x87, 0xff, 0xff, 0x2f, 0x00, 0x00, 0x00, 0x00, 0x18,
    0x62, 0x05, 0x00, 0x00, 0x00, 0x00, 0x00, 0x1b, 0xff, 0xff, 0x62, 0x00, 0x00, 0x00, 0x00, 0x00,
    0x00, 0x00, 0x00, 0x00, 0x00, 0x00, 0x00, 0x0e, 0xff, 0xff, 0x77, 0x00, 0x00, 0x00, 0x00, 0x00,
    0x00, 0x00, 0x02, 0x24, 0x4a, 0x69, 0x8a, 0xd4, 0xff, 0xff, 0x7c, 0x00, 0x00, 0x00, 0x00, 0x07,
    0x5d, 0xba, 0xf6, 0xff, 0xff, 0xff, 0xff, 0xfe, 0xff, 0xff, 0x7c, 0x00, 0x00, 0x00, 0x14, 0xd2,
    0xff, 0xff, 0xff, 0xdf, 0xb6, 0x95, 0x69, 0x29, 0xff, 0xff, 0x7c, 0x00, 0x00, 0x00, 0xa0, 0xff,
    0xfe, 0x8a, 0x1c, 0x00, 0x00, 0x00, 0x00, 0x00, 0xff, 0xff, 0x7c, 0x00, 0x00, 0x00, 0xea, 0xff,
    0xab, 0x00, 0x00, 0x00, 0x00, 0x00, 0x00, 0x10, 0xff, 0xff, 0x7c, 0x00, 0x00, 0x00, 0xf6, 0xff,
    0x86, 0x00, 0x00, 0x00, 0x00, 0x00, 0x00, 0x5f, 0xff, 0xff, 0x7c, 0x00, 0x00, 0x00, 0xd4, 0xff,
    0xd3, 0x09, 0x00, 0x00, 0x00, 0x00, 0x2e, 0xec, 0xff, 0xff, 0x7c, 0x00, 0x00, 0x00, 0x72, 0xff,
    0xff, 0xd5, 0x6e, 0x4d, 0x5d, 0x9c, 0xf8, 0xd2, 0xff, 0xff, 0x7c, 0x00, 0x00, 0x00, 0x03, 0xae,
    0xff, 0xff, 0xff, 0xff, 0xff, 0xff, 0xe6, 0x26, 0xff, 0xff, 0x7c, 0x00, 0x00, 0x00, 0x00, 0x01,
    0x5e, 0xbf, 0xed, 0xf9, 0xdd, 0x8f, 0x16, 0x00, 0xff, 0xff, 0x7c, 0x00, 0x00, 0x00, 0x00, 0x00,
    0x23, 0x73, 0x24, 0x00, 0x00, 0x00, 0x24, 0x73, 0x24, 0x00, 0x00, 0x00, 0x00, 0x00, 0x00, 0x00,
    0xdc, 0xff, 0xdc, 0x00, 0x00, 0x00, 0xdc, 0xff, 0xdc, 0x00, 0x00, 0x00, 0x00, 0x00, 0x00, 0x00,
    0xdc, 0xff, 0xdb, 0x00, 0x00, 0x00, 0xdc, 0xff, 0xdb, 0x00, 0x00, 0x00, 0x00, 0x00, 0x00, 0x00,
    0x23, 0x74, 0x24, 0x00, 0x00, 0x00, 0x24, 0x74, 0x24, 0x00, 0x00, 0x00, 0x00, 0x00, 0x00, 0x00,
    0x00, 0x00, 0x00, 0x00, 0x00, 0x00, 0x00, 0x00, 0x00, 0x00, 0x00, 0x00, 0x00, 0x00, 0x00, 0x00,
    0x00, 0x00, 0x00, 0x00, 0x00, 0x00, 0x00, 0x00, 0x00, 0x00, 0x00, 0x00, 0x00, 0x00, 0x00, 0x00,
    0x03, 0x5a, 0xb2, 0xe5, 0xfa, 0xe9, 0xc7, 0x79, 0x0e, 0x00, 0x00, 0x00, 0x00, 0x00, 0x00, 0x1a,
    0xcb, 0xff, 0xff, 0xff, 0xff, 0xff, 0xff, 0xff, 0xdd, 0x22, 0x00, 0x00, 0x00, 0x00, 0x05, 0xd2,
    0xff, 0xff, 0xcc, 0x70, 0x4e, 0x5c, 0xa9, 0xff, 0xff, 0xc5, 0x00, 0x00, 0x00, 0x00, 0x4e, 0xfd,
    0xff, 0x90, 0x01, 0x00, 0x00, 0x00, 0x00, 0x87, 0xff, 0xff, 0x2f, 0x00, 0x00, 0x00, 0x00, 0x18,
    0x61, 0x04, 0x00, 0x00, 0x00, 0x00, 0x00, 0x1b, 0xff, 0xff, 0x62, 0x00, 0x00, 0x00, 0x00, 0x00,
    0x00, 0x00, 0x00, 0x00, 0x00, 0x00, 0x00, 0x0e, 0xff, 0xff, 0x77, 0x00, 0x00, 0x00, 0x00, 0x00,
    0x00, 0x00, 0x02, 0x24, 0x4a, 0x69, 0x8a, 0xd4, 0xff, 0xff, 0x7c, 0x00, 0x00, 0x00, 0x00, 0x07,
    0x5d, 0xba, 0xf6, 0xff, 0xff, 0xff, 0xff, 0xfe, 0xff, 0xff, 0x7c, 0x00, 0x00, 0x00, 0x14, 0xd2,
    0xff, 0xff, 0xff, 0xdf, 0xb6, 0x95, 0x69, 0x29, 0xff, 0xff, 0x7c, 0x00, 0x00, 0x00, 0xa0, 0xff,
    0xfe, 0x8a, 0x1c, 0x00, 0x00, 0x00, 0x00, 0x00, 0xff, 0xff, 0x7c, 0x00, 0x00, 0x00, 0xea, 0xff,
    0xab, 0x00, 0x00, 0x00, 0x00, 0x00, 0x00, 0x10, 0xff, 0xff, 0x7c, 0x00, 0x00, 0x00, 0xf6, 0xff,
    0x86, 0x00, 0x00, 0x00, 0x00, 0x00, 0x00, 0x5f, 0xff, 0xff, 0x7c, 0x00, 0x00, 0x00, 0xd4, 0xff,
    0xd3, 0x09, 0x00, 0x00, 0x00, 0x00, 0x2e, 0xec, 0xff, 0xff, 0x7c, 0x00, 0x00, 0x00, 0x72, 0xff,
    0xff, 0xd5, 0x6e, 0x4d, 0x5d, 0x9c, 0xf8, 0xd2, 0xff, 0xff, 0x7c, 0x00, 0x00, 0x00, 0x03, 0xae,
    0xff, 0xff, 0xff, 0xff, 0xff, 0xff, 0xe6, 0x26, 0xff, 0xff, 0x7c, 0x00, 0x00, 0x00, 0x00, 0x01,
    0x5e, 0xbf, 0xed, 0xf9, 0xdd, 0x8f, 0x16, 0x00, 0xff, 0xff, 0x7c, 0x00, 0x00, 0x00, 0x00, 0x00,
    0x00, 0x20, 0x8f, 0xd3, 0xf4, 0xf3, 0xc9, 0x77, 0x0c, 0x00, 0x00, 0x00, 0x00, 0x00, 0x00, 0x59,
    0xf9, 0xff, 0xff, 0xff, 0xff, 0xff, 0xff, 0xe2, 0x30, 0x00, 0x00, 0x00, 0x00, 0x4e, 0xfe, 0xff,
    0xf0, 0x85, 0x55, 0x63, 0xa9, 0xfe, 0xff, 0xe8, 0x17, 0x00, 0x00, 0x0d, 0xe4, 0xff, 0xe2, 0x1d,
    0x00, 0x00, 0x00, 0x00, 0x57, 0xfe, 0xff, 0x96, 0x00, 0x00, 0x60, 0xff, 0xff, 0x49, 0x00, 0x00,
    0x00, 0x00, 0x00, 0x00, 0xa4, 0xb7, 0x63, 0x00, 0x00, 0xb1, 0xff, 0xdd, 0x00, 0x00, 0x00, 0x00,
    0x00, 0x00, 0x00, 0x00, 0x00, 0x00, 0x00, 0x00, 0xdb, 0xff, 0xa0, 0x00, 0x00, 0x00, 0x00, 0x00,
    0x00, 0x00, 0x00, 0x00, 0x00, 0x00, 0x00, 0xf4, 0xff, 0x86, 0x00, 0x00, 0x00, 0x00, 0x00, 0x00,
    0x00, 0x00, 0x00, 0x00, 0x00, 0x00, 0xf4, 0xff, 0x85, 0x00, 0x00, 0x00, 0x00, 0x00, 0x00, 0x00,
    0x00, 0x00, 0x00, 0x00, 0x00, 0xdc, 0xff, 0x9f, 0x00, 0x00, 0x00, 0x00, 0x00, 0x00, 0x00, 0x00,
    0x00, 0x00, 0x00, 0x00, 0xb2, 0xff, 0xdb, 0x00, 0x00, 0x00, 0x00, 0x00, 0x00, 0x00, 0x05, 0x00,
    0x00, 0x00, 0x00, 0x60, 0xff, 0xff, 0x46, 0x00, 0x00, 0x00, 0x00, 0x00, 0x00, 0xa5, 0xdb, 0x85,
    0x00, 0x00, 0x0d, 0xe5, 0xff, 0xdf, 0x1a, 0x00, 0x00, 0x00, 0x00, 0x4f, 0xfc, 0xff, 0x99, 0x00,
    0x00, 0x00, 0x4f, 0xfe, 0xff, 0xee, 0x84, 0x54, 0x61, 0xa6, 0xfd, 0xff, 0xe3, 0x19, 0x00, 0x00,
    0x00, 0x00, 0x5c, 0xfa, 0xff, 0xff, 0xff, 0xff, 0xff, 0xff, 0xe1, 0x24, 0x00, 0x00, 0x00, 0x00,
    0x00, 0x00, 0x23, 0x92, 0xd4, 0xff, 0xff, 0xcb, 0x79, 0x0d, 0x00, 0x00, 0x00, 0x00, 0x00, 0x00,
    0x00, 0x00, 0x00, 0x04, 0xfc, 0x7f, 0x06, 0x00, 0x00, 0x00, 0x00, 0x00, 0x00, 0x00, 0x00, 0x00,
    0x00, 0x00, 0x21, 0xff, 0xff, 0xf5, 0x65, 0x00, 0x00, 0x00, 0x00, 0x00, 0x00, 0x00, 0x00, 0x00,
    0x00, 0x05, 0x1c, 0x33, 0xf0, 0xea, 0x00, 0x00, 0x00, 0x00, 0x00, 0x00, 0x00, 0x00, 0x00, 0x00,
    0x18, 0x24, 0x3b, 0xf2, 0xe9, 0x00, 0x00, 0x00, 0x00, 0x00, 0x00, 0x00, 0x00, 0x00, 0x00, 0xb0,
    0xff, 0xff, 0xfc, 0x72, 0x00, 0x00, 0x00, 0x00, 0x00, 0x00, 0x00, 0x00, 0x00, 0x00, 0x39, 0x53,
    0x45, 0x1a, 0x00, 0x00, 0x00, 0x00, 0x00, 0x00, 0x00, 0x00, 0x00, 0x79, 0xff, 0xfe, 0x2d, 0x00,
    0x00, 0x00, 0x00, 0x00, 0x00, 0x00, 0x00, 0x00, 0x00, 0x00, 0x00, 0x03, 0xcc, 0xff, 0xa4, 0x00,
    0x00, 0x00, 0x00, 0x00, 0x00, 0x00, 0x00, 0x00, 0x00, 0x00, 0x00, 0x00, 0x2e, 0xfa, 0xfc, 0x21,
    0x00, 0x00, 0x00, 0x00, 0x00, 0x00, 0x00, 0x00, 0x00, 0x00, 0x00, 0x00, 0x00, 0x80, 0xff, 0x97,
    0x00, 0x00, 0x00, 0x00, 0x00, 0x00, 0x00, 0x00, 0x00, 0x00, 0x00, 0x00, 0x00, 0x00, 0x00, 0x00,
    0x00, 0x00, 0x00, 0x00, 0x00, 0x00, 0x00, 0x00, 0x00, 0x00, 0x00, 0x00, 0x00, 0x00, 0x00, 0x00,
    0x00, 0x00, 0x00, 0x00, 0x00, 0x00, 0x00, 0x00, 0x00, 0x00, 0x00, 0x26, 0x98, 0xdc, 0xf9, 0xf1,
    0xc6, 0x71, 0x0b, 0x00, 0x00, 0x00, 0x00, 0x00, 0x00, 0x00, 0x55, 0xf8, 0xff, 0xff, 0xff, 0xff,
    0xff, 0xff, 0xdc, 0x2a, 0x00, 0x00, 0x00, 0x00, 0x00, 0x4a, 0xfd, 0xff, 0xec, 0x85, 0x55, 0x5f,
    0xa7, 0xfd, 0xff, 0xe1, 0x14, 0x00, 0x00, 0x00, 0x0b, 0xe1, 0xff, 0xd4, 0x19, 0x00, 0x00, 0x00,
    0x00, 0x57, 0xfe, 0xff, 0x8f, 0x00, 0x00, 0x00, 0x5d, 0xff, 0xfc, 0x2c, 0x00, 0x00, 0x00, 0x00,
    0x00, 0x00, 0xa7, 0xff, 0xf3, 0x05, 0x00, 0x00, 0xaf, 0xff, 0xbc, 0x00, 0x00, 0x00, 0x00, 0x00,
    0x00, 0x00, 0x49, 0xff, 0xff, 0x3b, 0x00, 0x00, 0xdb, 0xff, 0xd3, 0x48, 0x48, 0x48, 0x48, 0x48,
    0x48, 0x48, 0x5e, 0xff, 0xff, 0x61, 0x00, 0x00, 0xf3, 0xff, 0xff, 0xff, 0xff, 0xff, 0xff, 0xff,
    0xff, 0xff, 0xff, 0xff, 0xff, 0x73, 0x00, 0x00, 0xf5, 0xff, 0xff, 0xff, 0xff, 0xff, 0xff, 0xff,
    0xff, 0xff, 0xff, 0xff, 0xff, 0x7c, 0x00, 0x00, 0xdc, 0xff, 0x94, 0x00, 0x00, 0x00, 0x00, 0x00,
    0x00, 0x00, 0x00, 0x00, 0x00, 0x00, 0x00, 0x00, 0xb3, 0xff, 0xca, 0x00, 0x00, 0x00, 0x00, 0x00,
    0x00, 0x00, 0x00, 0x00, 0x00, 0x00, 0x00, 0x00, 0x61, 0xff, 0xff, 0x33, 0x00, 0x00, 0x00, 0x00,
    0x00, 0x00, 0x29, 0x57, 0x15, 0x00, 0x00, 0x00, 0x0d, 0xe5, 0xff, 0xd8, 0x1e, 0x00, 0x00, 0x00,
    0x00, 0x0d, 0xcd, 0xff, 0xf7, 0x11, 0x00, 0x00, 0x00, 0x4c, 0xfe, 0xff, 0xef, 0x90, 0x5a, 0x55,
    0x7d, 0xe6, 0xff, 0xff, 0x83, 0x00, 0x00, 0x00, 0x00, 0x00, 0x53, 0xf5, 0xff, 0xff, 0xff, 0xff,
    0xff, 0xff, 0xff, 0x94, 0x03, 0x00, 0x00, 0x00, 0x00, 0x00, 0x00, 0x1b, 0x82, 0xcd, 0xed, 0xf7,
    0xdf, 0xa2, 0x39, 0x00, 0x00, 0x00, 0x00, 0x00, 0x00, 0x00, 0x00, 0x00, 0x00, 0x00, 0x00, 0x3d,
    0x80, 0x80, 0x19, 0x00, 0x00, 0x00, 0x00, 0x00, 0x00, 0x00, 0x00, 0x00, 0x00, 0x00, 0x00, 0xcc,
    0xff, 0xc1, 0x00, 0x00, 0x00, 0x00, 0x00, 0x00, 0x00, 0x00, 0x00, 0x00, 0x00, 0x00, 0x39, 0xff,
    0xfd, 0x2f, 0x00, 0x00, 0x00, 0x00, 0x00, 0x00, 0x00, 0x00, 0x00, 0x00, 0x00, 0x00, 0xa6, 0xff,
    0x97, 0x00, 0x00, 0x00, 0x00, 0x00, 0x00, 0x00, 0x00, 0x00, 0x00, 0x00, 0x00, 0x17, 0xf9, 0xee,
    0x14, 0x00, 0x00, 0x00, 0x00, 0x00, 0x00, 0x00, 0x00, 0x00, 0x00, 0x00, 0x00, 0x00, 0x00, 0x00,
    0x00, 0x00, 0x00, 0x00, 0x00, 0x00, 0x00, 0x00, 0x00, 0x00, 0x00, 0x00, 0x00, 0x00, 0x00, 0x00,
    0x00, 0x00, 0x00, 0x00, 0x00, 0x00, 0x00, 0x00, 0x00, 0x00, 0x00, 0x26, 0x98, 0xdc, 0xf9, 0xf1,
    0xc6, 0x71, 0x0b, 0x00, 0x00, 0x00, 0x00, 0x00, 0x00, 0x00, 0x55, 0xf8, 0xff, 0xff, 0xff, 0xff,
    0xff, 0xff, 0xdc, 0x2a, 0x00, 0x00, 0x00, 0x00, 0x00, 0x4a, 0xfd, 0xff, 0xec, 0x85, 0x55, 0x5f,
    0xa7, 0xfd, 0xff, 0xe1, 0x14, 0x00, 0x00, 0x00, 0x0b, 0xe1, 0xff, 0xd4, 0x19, 0x00, 0x00, 0x00,
    0x00, 0x57, 0xfe, 0xff, 0x8f, 0x00, 0x00, 0x00, 0x5d, 0xff, 0xfc, 0x2c, 0x00, 0x00, 0x00, 0x00,
    0x00, 0x00, 0xa7, 0xff, 0xf3, 0x05, 0x00, 0x00, 0xaf, 0xff, 0xbc, 0x00, 0x00, 0x00, 0x00, 0x00,
    0x00, 0x00, 0x49, 0xff, 0xff, 0x3b, 0x00, 0x00, 0xdb, 0xff, 0xd3, 0x48, 0x48, 0x48, 0x48, 0x48,
    0x48, 0x48, 0x5e, 0xff, 0xff, 0x61, 0x00, 0x00, 0xf3, 0xff, 0xff, 0xff, 0xff, 0xff, 0xff, 0xff,
    0xff, 0xff, 0xff, 0xff, 0xff, 0x73, 0x00, 0x00, 0xf5, 0xff, 0xff, 0xff, 0xff, 0xff, 0xff, 0xff,
    0xff, 0xff, 0xff, 0xff, 0xff, 0x7c, 0x00, 0x00, 0xdc, 0xff, 0x94, 0x00, 0x00, 0x00, 0x00, 0x00,
    0x00, 0x00, 0x00, 0x00, 0x00, 0x00, 0x00, 0x00, 0xb3, 0xff, 0xca, 0x00, 0x00, 0x00, 0x00, 0x00,
    0x00, 0x00, 0x00, 0x00, 0x00, 0x00, 0x00, 0x00, 0x61, 0xff, 0xff, 0x33, 0x00, 0x00, 0x00, 0x00,
    0x00, 0x00, 0x29, 0x57, 0x15, 0x00, 0x00, 0x00, 0x0d, 0xe5, 0xff, 0xd8, 0x1e, 0x00, 0x00, 0x00,
    0x00, 0x0d, 0xcd, 0xff, 0xf7, 0x11, 0x00, 0x00, 0x00, 0x4c, 0xfe, 0xff, 0xef, 0x90, 0x5a, 0x55,
    0x7d, 0xe6, 0xff, 0xff, 0x83, 0x00, 0x00, 0x00, 0x00, 0x00, 0x53, 0xf5, 0xff, 0xff, 0xff, 0xff,
    0xff, 0xff, 0xff, 0x94, 0x03, 0x00, 0x00, 0x00, 0x00, 0x00, 0x00, 0x1b, 0x82, 0xcd, 0xed, 0xf7,
    0xdf, 0xa2, 0x39, 0x00, 0x00, 0x00, 0x00, 0x00, 0x00, 0x00, 0x1c, 0x73, 0x26, 0x00, 0x00, 0x00,
    0x24, 0x73, 0x24, 0x00, 0x00, 0x00, 0x00, 0x00, 0x00, 0x00, 0xc6, 0xff, 0xdd, 0x00, 0x00, 0x00,
    0xdc, 0xff, 0xdc, 0x00, 0x00, 0x00, 0x00, 0x00, 0x00, 0x00, 0xc5, 0xff, 0xdd, 0x00, 0x00, 0x00,
    0xdc, 0xff, 0xdb, 0x00, 0x00, 0x00, 0x00, 0x00, 0x00, 0x00, 0x1c, 0x73, 0x26, 0x00, 0x00, 0x00,
    0x24, 0x74, 0x24, 0x00, 0x00, 0x00, 0x00, 0x00, 0x00, 0x00, 0x00, 0x00, 0x00, 0x00, 0x00, 0x00,
    0x00, 0x00, 0x00, 0x00, 0x00, 0x00, 0x00, 0x00, 0x00, 0x00, 0x00, 0x00, 0x00, 0x00, 0x00, 0x00,
    0x00, 0x00, 0x00, 0x00, 0x00, 0x00, 0x00, 0x00, 0x00, 0x00, 0x00, 0x26, 0x98, 0xdc, 0xf9, 0xf1,
    0xc6, 0x71, 0x0b, 0x00, 0x00, 0x00, 0x00, 0x00, 0x00, 0x00, 0x55, 0xf8, 0xff, 0xff, 0xff, 0xff,
    0xff, 0xff, 0xdc, 0x2a, 0x00, 0x00, 0x00, 0x00, 0x00, 0x4a, 0xfd, 0xff, 0xec, 0x85, 0x55, 0x5f,
    0xa7, 0xfd, 0xff, 0xe1, 0x14, 0x00, 0x00, 0x00, 0x0b, 0xe1, 0xff, 0xd4, 0x19, 0x00, 0x00, 0x00,
    0x00, 0x57, 0xfe, 0xff, 0x8f, 0x00, 0x00, 0x00, 0x5d, 0xff, 0xfc, 0x2c, 0x00, 0x00, 0x00, 0x00,
    0x00, 0x00, 0xa7, 0xff, 0xf3, 0x05, 0x00, 0x00, 0xaf, 0xff, 0xbc, 0x00, 0x00, 0x00, 0x00, 0x00,
    0x00, 0x00, 0x49, 0xff, 0xff, 0x3b, 0x00, 0x00, 0xdb, 0xff, 0xd3, 0x48, 0x48, 0x48, 0x48, 0x48,
    0x48, 0x48, 0x5e, 0xff, 0xff, 0x61, 0x00, 0x00, 0xf3, 0xff, 0xff, 0xff, 0xff, 0xff, 0xff, 0xff,
    0xff, 0xff, 0xff, 0xff, 0xff, 0x73, 0x00, 0x00, 0xf5, 0xff, 0xff, 0xff, 0xff, 0xff, 0xff, 0xff,
    0xff, 0xff, 0xff, 0xff, 0xff, 0x7c, 0x00, 0x00, 0xdc, 0xff, 0x94, 0x00, 0x00, 0x00, 0x00, 0x00,
    0x00, 0x00, 0x00, 0x00, 0x00, 0x00, 0x00, 0x00, 0xb3, 0xff, 0xca, 0x00, 0x00, 0x00, 0x00, 0x00,
    0x00, 0x00, 0x00, 0x00, 0x00, 0x00, 0x00, 0x00, 0x61, 0xff, 0xff, 0x33, 0x00, 0x00, 0x00, 0x00,
    0x00, 0x00, 0x29, 0x57, 0x14, 0x00, 0x00, 0x00, 0x0d, 0xe5, 0xff, 0xd8, 0x1e, 0x00, 0x00, 0x00,
    0x00, 0x0d, 0xcd, 0xff, 0xf3, 0x0d, 0x00, 0x00, 0x00, 0x4d, 0xfe, 0xff, 0xef, 0x90, 0x5a, 0x55,
    0x7d, 0xe6, 0xff, 0xff, 0x7b, 0x00, 0x00, 0x00, 0x00, 0x00, 0x54, 0xf6, 0xff, 0xff, 0xff, 0xff,
    0xff, 0xff, 0xff, 0x8e, 0x01, 0x00, 0x00, 0x00, 0x00, 0x00, 0x00, 0x1c, 0x84, 0xce, 0xed, 0xf7,
    0xdf, 0xa0, 0x36, 0x00, 0x00, 0x00, 0x00, 0x19, 0xee, 0xff, 0xa0, 0x00, 0x00, 0x00, 0x00, 0x00,
    0x5f, 0xff, 0xfb, 0x20, 0x00, 0x00, 0x00, 0x00, 0x00, 0xb5, 0xff, 0x96, 0x00, 0x00, 0x00, 0x00,
    0x00, 0x1c, 0xf0, 0xf8, 0x19, 0x00, 0x00, 0x00, 0x00, 0x00, 0x00, 0x00, 0x00, 0x00, 0x00, 0x00,
    0x00, 0x00, 0x00, 0x00, 0x00, 0x00, 0x00, 0x00, 0x00, 0x00, 0xff, 0xff, 0x7c, 0x00, 0x00, 0x00,
    0x00, 0x00, 0xff, 0xff, 0x7c, 0x00, 0x00, 0x00, 0x00, 0x00, 0xff, 0xff, 0x7c, 0x00, 0x00, 0x00,
    0x00, 0x00, 0xff, 0xff, 0x7c, 0x00, 0x00, 0x00, 0x00, 0x00, 0xff, 0xff, 0x7c, 0x00, 0x00, 0x00,
    0x00, 0x00, 0xff, 0xff, 0x7c, 0x00, 0x00, 0x00, 0x00, 0x00, 0xff, 0xff, 0x7c, 0x00, 0x00, 0x00,
    0x00, 0x00, 0xff, 0xff, 0x7c, 0x00, 0x00, 0x00, 0x00, 0x00, 0xff, 0xff, 0x7c, 0x00, 0x00, 0x00,
    0x00, 0x00, 0xff, 0xff, 0x7c, 0x00, 0x00, 0x00, 0x00, 0x00, 0xff, 0xff, 0x7c, 0x00, 0x00, 0x00,
    0x00, 0x00, 0xff, 0xff, 0x7c, 0x00, 0x00, 0x00, 0x00, 0x00, 0xff, 0xff, 0x7c, 0x00, 0x00, 0x00,
    0x00, 0x00, 0xff, 0xff, 0x7c, 0x00, 0x00, 0x00, 0x00, 0x00, 0xff, 0xff, 0x7c, 0x00, 0x00, 0x00,
    0x00, 0x00, 0xff, 0xff, 0x7c, 0x00, 0x00, 0x00, 0x00, 0x00, 0x28, 0xfd, 0xff, 0x82, 0x00, 0x00,
    0x00, 0xa1, 0xff, 0xd2, 0x06, 0x00, 0x00, 0x20, 0xfb, 0xfb, 0x32, 0x00, 0x00, 0x00, 0x97, 0xff,
    0x84, 0x00, 0x00, 0x00, 0x00, 0x00, 0x00, 0x00, 0x00, 0x00, 0x00, 0x00, 0x00, 0x00, 0x00, 0x00,
    0x00, 0x00, 0x00, 0xff, 0xff, 0x7c, 0x00, 0x00, 0x00, 0x00, 0xff, 0xff, 0x7c, 0x00, 0x00, 0x00,
    0x00, 0xff, 0xff, 0x7c, 0x00, 0x00, 0x00, 0x00, 0xff, 0xff, 0x7c, 0x00, 0x00, 0x00, 0x00, 0xff,
    0xff, 0x7c, 0x00, 0x00, 0x00, 0x00, 0xff, 0xff, 0x7c, 0x00, 0x00, 0x00, 0x00, 0xff, 0xff, 0x7c,
    0x00, 0x00, 0x00, 0x00, 0xff, 0xff, 0x7c, 0x00, 0x00, 0x00, 0x00, 0xff, 0xff, 0x7c, 0x00, 0x00,
    0x00, 0x00, 0xff, 0xff, 0x7c, 0x00, 0x00, 0x00, 0x00, 0xff, 0xff, 0x7c, 0x00, 0x00, 0x00, 0x00,
    0xff, 0xff, 0x7c, 0x00, 0x00, 0x00, 0x00, 0xff, 0xff, 0x7c, 0x00, 0x00, 0x00, 0x00, 0xff, 0xff,
    0x7c, 0x00, 0x00, 0x00, 0x00, 0xff, 0xff, 0x7c, 0x00, 0x00, 0x00, 0x00, 0xff, 0xff, 0x7c, 0x00,
    0x00, 0x24, 0x73, 0x24, 0x00, 0x00, 0x00, 0x23, 0x73, 0x24, 0xdc, 0xff, 0xdc, 0x00, 0x00, 0x00,
    0xdc, 0xff, 0xdc, 0xdc, 0xff, 0xdb, 0x00, 0x00, 0x00, 0xdc, 0xff, 0xdb, 0x24, 0x74, 0x24, 0x00,
    0x00, 0x00, 0x23, 0x74, 0x24, 0x00, 0x00, 0x00, 0x00, 0x00, 0x00, 0x00, 0x00, 0x00, 0x00, 0x00,
    0x00, 0x00, 0x00, 0x00, 0x00, 0x00, 0x00, 0x00, 0x00, 0x00, 0xff, 0xff, 0x7c, 0x00, 0x00, 0x00,
    0x00, 0x00, 0x00, 0xff, 0xff, 0x7c, 0x00, 0x00, 0x00, 0x00, 0x00, 0x00, 0xff, 0xff, 0x7c, 0x00,
    0x00, 0x00, 0x00, 0x00, 0x00, 0xff, 0xff, 0x7c, 0x00, 0x00, 0x00, 0x00, 0x00, 0x00, 0xff, 0xff,
    0x7c, 0x00, 0x00, 0x00, 0x00, 0x00, 0x00, 0xff, 0xff, 0x7c, 0x00, 0x00, 0x00, 0x00, 0x00, 0x00,
    0xff, 0xff, 0x7c, 0x00, 0x00, 0x00, 0x00, 0x00, 0x00, 0xff, 0xff, 0x7c, 0x00, 0x00, 0x00, 0x00,
    0x00, 0x00, 0xff, 0xff, 0x7c, 0x00, 0x00, 0x00, 0x00, 0x00, 0x00, 0xff, 0xff, 0x7c, 0x00, 0x00,
    0x00, 0x00, 0x00, 0x00, 0xff, 0xff, 0x7c, 0x00, 0x00, 0x00, 0x00, 0x00, 0x00, 0xff, 0xff, 0x7c,
    0x00, 0x00, 0x00, 0x00, 0x00, 0x00, 0xff, 0xff, 0x7c, 0x00, 0x00, 0x00, 0x00, 0x00, 0x00, 0xff,
    0xff, 0x7c, 0x00, 0x00, 0x00, 0x00, 0x00, 0x00, 0xff, 0xff, 0x7c, 0x00, 0x00, 0x00, 0x00, 0x00,
    0x00, 0xff, 0xff, 0x7c, 0x00, 0x00, 0x00, 0x00, 0x00, 0x00, 0x00, 0x14, 0xbb, 0xf2, 0xc0, 0x48,
    0x00, 0x78, 0xf0, 0x39, 0x00, 0x00, 0x00, 0x00, 0x00, 0x00, 0x00, 0x00, 0x8e, 0xff, 0xea, 0xfd,
    0xff, 0xe1, 0xf8, 0xf6, 0x11, 0x00, 0x00, 0x00, 0x00, 0x00, 0x00, 0x00, 0x00, 0xb9, 0xed, 0x11,
    0x1f, 0x92, 0xe6, 0xe9, 0x60, 0x00, 0x00, 0x00, 0x00, 0x00, 0x00, 0x00, 0x00, 0x00, 0x00, 0x00,
    0x00, 0x00, 0x00, 0x00, 0x00, 0x00, 0x00, 0x00, 0x00, 0x00, 0x00, 0x00, 0x00, 0x00, 0x00, 0x00,
    0x00, 0x00, 0x00, 0x00, 0x00, 0x00, 0x00, 0x00, 0x00, 0x00, 0x00, 0x00, 0x00, 0x00, 0x00, 0x00,
    0x00, 0x00, 0x00, 0x00, 0x00, 0x00, 0x00, 0x00, 0x00, 0x00, 0x00, 0x00, 0x00, 0x00, 0x00, 0xff,
    0xff, 0x7c, 0x00, 0x45, 0xb7, 0xe7, 0xf5, 0xd7, 0x84, 0x0f, 0x00, 0x00, 0x00, 0x00, 0x00, 0x00,
    0xff, 0xff, 0x7c, 0x86, 0xff, 0xff, 0xff, 0xff, 0xff, 0xff, 0xdb, 0x19, 0x00, 0x00, 0x00, 0x00,
    0x00, 0xff, 0xff, 0xc1, 0xff, 0xc6, 0x69, 0x4e, 0x6d, 0xd7, 0xff, 0xff, 0xb1, 0x00, 0x00, 0x00,
    0x00, 0x00, 0xff, 0xff, 0xff, 0x92, 0x01, 0x00, 0x00, 0x00, 0x0b, 0xd4, 0xff, 0xfe, 0x1c, 0x00,
    0x00, 0x00, 0x00, 0xff, 0xff, 0xe2, 0x04, 0x00, 0x00, 0x00, 0x00, 0x00, 0x4f, 0xff, 0xff, 0x59,
    0x00, 0x00, 0x00, 0x00, 0xff, 0xff, 0x98, 0x00, 0x00, 0x00, 0x00, 0x00, 0x00, 0x19, 0xff, 0xff,
    0x71, 0x00, 0x00, 0x00, 0x00, 0xff, 0xff, 0x7f, 0x00, 0x00, 0x00, 0x00, 0x00, 0x00, 0x00, 0xff,
    0xff, 0x7c, 0x00, 0x00, 0x00, 0x00, 0xff, 0xff, 0x7c, 0x00, 0x00, 0x00, 0x00, 0x00, 0x00, 0x00,
    0xff, 0xff, 0x7c, 0x00, 0x00, 0x00, 0x00, 0xff, 0xff, 0x7c, 0x00, 0x00, 0x00, 0x00, 0x00, 0x00,
    0x00, 0xff, 0xff, 0x7c, 0x00, 0x00, 0x00, 0x00, 0xff, 0xff, 0x7c, 0x00, 0x00, 0x00, 0x00, 0x00,
    0x00, 0x00, 0xff, 0xff, 0x7c, 0x00, 0x00, 0x00, 0x00, 0xff, 0xff, 0x7c, 0x00, 0x00, 0x00, 0x00,
    0x00, 0x00, 0x00, 0xff, 0xff, 0x7c, 0x00, 0x00, 0x00, 0x00, 0xff, 0xff, 0x7c, 0x00, 0x00, 0x00,
    0x00, 0x00, 0x00, 0x00, 0xff, 0xff, 0x7c, 0x00, 0x00, 0x00, 0x00, 0xff, 0xff, 0x7c, 0x00, 0x00,
    0x00, 0x00, 0x00, 0x00, 0x00, 0xff, 0xff, 0x7c, 0x00, 0x00, 0x00, 0x00, 0xff, 0xff, 0x7c, 0x00,
    0x00, 0x00, 0x00, 0x00, 0x00, 0x00, 0xff, 0xff, 0x7c, 0x00, 0x00, 0x00, 0x00, 0xff, 0xff, 0x7c,
    0x00, 0x00, 0x00, 0x00, 0x00, 0x00, 0x00, 0xff, 0xff, 0x7c, 0x00, 0x00, 0x00, 0x00, 0xff, 0xff,
    0x7c, 0x00, 0x00, 0x00, 0x00, 0x00, 0x00, 0x00, 0xff, 0xff, 0x7c, 0x00, 0x00, 0x00, 0x00, 0x00,
    0x00, 0x53, 0xff, 0xff, 0x59, 0x00, 0x00, 0x00, 0x00, 0x00, 0x00, 0x00, 0x00, 0x00, 0x00, 0x00,
    0x00, 0x00, 0xaa, 0xff, 0xd3, 0x01, 0x00, 0x00, 0x00, 0x00, 0x00, 0x00, 0x00, 0x00, 0x00, 0x00,
    0x00, 0x00, 0x15, 0xea, 0xff, 0x51, 0x00, 0x00, 0x00, 0x00, 0x00, 0x00, 0x00, 0x00, 0x00, 0x00,
    0x00, 0x00, 0x00, 0x55, 0xff, 0xcc, 0x00, 0x00, 0x00, 0x00, 0x00, 0x00, 0x00, 0x00, 0x00, 0x00,
    0x00, 0x00, 0x00, 0x00, 0x00, 0x00, 0x00, 0x00, 0x00, 0x00, 0x00, 0x00, 0x00, 0x00, 0x00, 0x00,
    0x00, 0x00, 0x00, 0x00, 0x00, 0x00, 0x00, 0x00, 0x00, 0x00, 0x00, 0x00, 0x00, 0x00, 0x00, 0x00,
    0x00, 0x1a, 0x85, 0xcf, 0xf0, 0xee, 0xcd, 0x81, 0x17, 0x00, 0x00, 0x00, 0x00, 0x00, 0x00, 0x00,
    0x4f, 0xf5, 0xff, 0xff, 0xff, 0xff, 0xff, 0xff, 0xf2, 0x4c, 0x00, 0x00, 0x00, 0x00, 0x00, 0x47,
    0xfd, 0xff, 0xf5, 0x8f, 0x59, 0x5c, 0x92, 0xf7, 0xff, 0xfd, 0x45, 0x00, 0x00, 0x00, 0x0b, 0xe1,
    0xff, 0xe9, 0x27, 0x00, 0x00, 0x00, 0x00, 0x2a, 0xeb, 0xff, 0xe0, 0x0b, 0x00, 0x00, 0x5d, 0xff,
    0xff, 0x54, 0x00, 0x00, 0x00, 0x00, 0x00, 0x00, 0x56, 0xff, 0xff, 0x5c, 0x00, 0x00, 0xb0, 0xff,
    0xe3, 0x01, 0x00, 0x00, 0x00, 0x00, 0x00, 0x00, 0x01, 0xe3, 0xff, 0xb0, 0x00, 0x00, 0xdb, 0xff,
    0xa3, 0x00, 0x00, 0x00, 0x00, 0x00, 0x00, 0x00, 0x00, 0xa4, 0xff, 0xda, 0x00, 0x00, 0xf3, 0xff,
    0x86, 0x00, 0x00, 0x00, 0x00, 0x00, 0x00, 0x00, 0x00, 0x87, 0xff, 0xf2, 0x00, 0x00, 0xf4, 0xff,
    0x85, 0x00, 0x00, 0x00, 0x00, 0x00, 0x00, 0x00, 0x00, 0x86, 0xff, 0xf3, 0x00, 0x00, 0xdb, 0xff,
    0xa1, 0x00, 0x00, 0x00, 0x00, 0x00, 0x00, 0x00, 0x00, 0xa1, 0xff, 0xda, 0x00, 0x00, 0xb0, 0xff,
    0xe1, 0x00, 0x00, 0x00, 0x00, 0x00, 0x00, 0x00, 0x00, 0xe1, 0xff, 0xb0, 0x00, 0x00, 0x5d, 0xff,
    0xff, 0x51, 0x00, 0x00, 0x00, 0x00, 0x00, 0x00, 0x53, 0xff, 0xff, 0x5c, 0x00, 0x00, 0x0b, 0xe1,
    0xff, 0xe7, 0x24, 0x00, 0x00, 0x00, 0x00, 0x28, 0xe9, 0xff, 0xe1, 0x0b, 0x00, 0x00, 0x00, 0x48,
    0xfd, 0xff, 0xf4, 0x8d, 0x58, 0x5a, 0x90, 0xf6, 0xff, 0xfd, 0x46, 0x00, 0x00, 0x00, 0x00, 0x00,
    0x52, 0xf6, 0xff, 0xff, 0xff, 0xff, 0xff, 0xff, 0xf4, 0x4e, 0x00, 0x00, 0x00, 0x00, 0x00, 0x00,
    0x00, 0x1d, 0x88, 0xd0, 0xf0, 0xf0, 0xcf, 0x84, 0x1a, 0x00, 0x00, 0x00, 0x00, 0x00, 0x00, 0x00,
    0x00, 0x00, 0x00, 0x00, 0x00, 0x24, 0x80, 0x80, 0x38, 0x00, 0x00, 0x00, 0x00, 0x00, 0x00, 0x00,
    0x00, 0x00, 0x00, 0x00, 0x00, 0x9b, 0xff, 0xec, 0x12, 0x00, 0x00, 0x00, 0x00, 0x00, 0x00, 0x00,
    0x00, 0x00, 0x00, 0x00, 0x12, 0xf6, 0xff, 0x67, 0x00, 0x00, 0x00, 0x00, 0x00, 0x00, 0x00, 0x00,
    0x00, 0x00, 0x00, 0x00, 0x77, 0xff, 0xcd, 0x02, 0x00, 0x00, 0x00, 0x00, 0x00, 0x00, 0x00, 0x00,
    0x00, 0x00, 0x00, 0x03, 0xe1, 0xfe, 0x39, 0x00, 0x00, 0x00, 0x00, 0x00, 0x00, 0x00, 0x00, 0x00,
    0x00, 0x00, 0x00, 0x00, 0x00, 0x00, 0x00, 0x00, 0x00, 0x00, 0x00, 0x00, 0x00, 0x00, 0x00, 0x00,
    0x00, 0x00, 0x00, 0x00, 0x00, 0x00, 0x00, 0x00, 0x00, 0x00, 0x00, 0x00, 0x00, 0x00, 0x00, 0x00,
    0x00, 0x1a, 0x85, 0xcf, 0xf0, 0xee, 0xcd, 0x81, 0x17, 0x00, 0x00, 0x00, 0x00, 0x00, 0x00, 0x00,
    0x4f, 0xf5, 0xff, 0xff, 0xff, 0xff, 0xff, 0xff, 0xf2, 0x4c, 0x00, 0x00, 0x00, 0x00, 0x00, 0x47,
    0xfd, 0xff, 0xf5, 0x8f, 0x59, 0x5c, 0x92, 0xf7, 0xff, 0xfd, 0x45, 0x00, 0x00, 0x00, 0x0b, 0xe1,
    0xff, 0xe9, 0x27, 0x00, 0x00, 0x00, 0x00, 0x2a, 0xeb, 0xff, 0xe0, 0x0b, 0x00, 0x00, 0x5d, 0xff,
    0xff, 0x54, 0x00, 0x00, 0x00, 0x00, 0x00, 0x00, 0x56, 0xff, 0xff, 0x5c, 0x00, 0x00, 0xb0, 0xff,
    0xe3, 0x01, 0x00, 0x00, 0x00, 0x00, 0x00, 0x00, 0x01, 0xe3, 0xff, 0xb0, 0x00, 0x00, 0xdb, 0xff,
    0xa3, 0x00, 0x00, 0x00, 0x00, 0x00, 0x00, 0x00, 0x00, 0xa4, 0xff, 0xda, 0x00, 0x00, 0xf3, 0xff,
    0x86, 0x00, 0x00, 0x00, 0x00, 0x00, 0x00, 0x00, 0x00, 0x87, 0xff, 0xf2, 0x00, 0x00, 0xf4, 0xff,
    0x85, 0x00, 0x00, 0x00, 0x00, 0x00, 0x00, 0x00, 0x00, 0x86, 0xff, 0xf3, 0x00, 0x00, 0xdb, 0xff,
    0xa1, 0x00, 0x00, 0x00, 0x00, 0x00, 0x00, 0x00, 0x00, 0xa1, 0xff, 0xda, 0x00, 0x00, 0xb0, 0xff,
    0xe1, 0x00, 0x00, 0x00, 0x00, 0x00, 0x00, 0x00, 0x00, 0xe1, 0xff, 0xb0, 0x00, 0x00, 0x5d, 0xff,
    0xff, 0x51, 0x00, 0x00, 0x00, 0x00, 0x00, 0x00, 0x53, 0xff, 0xff, 0x5c, 0x00, 0x00, 0x0b, 0xe1,
    0xff, 0xe7, 0x24, 0x00, 0x00, 0x00, 0x00, 0x28, 0xe9, 0xff, 0xe1, 0x0b, 0x00, 0x00, 0x00, 0x48,
    0xfd, 0xff, 0xf4, 0x8d, 0x58, 0x5a, 0x90, 0xf6, 0xff, 0xfd, 0x46, 0x00, 0x00, 0x00, 0x00, 0x00,
    0x52, 0xf6, 0xff, 0xff, 0xff, 0xff, 0xff, 0xff, 0xf4, 0x4e, 0x00, 0x00, 0x00, 0x00, 0x00, 0x00,
    0x00, 0x1d, 0x88, 0xd0, 0xf0, 0xf0, 0xcf, 0x84, 0x1a, 0x00, 0x00, 0x00, 0x00, 0x00, 0x00, 0x00,
    0x00, 0x24, 0x73, 0x24, 0x00, 0x00, 0x24, 0x73, 0x24, 0x00, 0x00, 0x00, 0x00, 0x00, 0x00, 0x00,
    0x00, 0xdc, 0xff, 0xdc, 0x00, 0x00, 0xdc, 0xff, 0xdc, 0x00, 0x00, 0x00, 0x00, 0x00, 0x00, 0x00,
    0x00, 0xdc, 0xff, 0xdb, 0x00, 0x00, 0xdc, 0xff, 0xdb, 0x00, 0x00, 0x00, 0x00, 0x00, 0x00, 0x00,
    0x00, 0x24, 0x74, 0x24, 0x00, 0x00, 0x24, 0x74, 0x24, 0x00, 0x00, 0x00, 0x00, 0x00, 0x00, 0x00,
    0x00, 0x00, 0x00, 0x00, 0x00, 0x00, 0x00, 0x00, 0x00, 0x00, 0x00, 0x00, 0x00, 0x00, 0x00, 0x00,
    0x00, 0x00, 0x00, 0x00, 0x00, 0x00, 0x00, 0x00, 0x00, 0x00, 0x00, 0x00, 0x00, 0x00, 0x00, 0x00,
    0x00, 0x1a, 0x85, 0xcf, 0xf0, 0xee, 0xcd, 0x81, 0x17, 0x00, 0x00, 0x00, 0x00, 0x00, 0x00, 0x00,
    0x4f, 0xf5, 0xff, 0xff, 0xff, 0xff, 0xff, 0xff, 0xf2, 0x4c, 0x00, 0x00, 0x00, 0x00, 0x00, 0x47,
    0xfd, 0xff, 0xff, 0xb8, 0x65, 0x54, 0x82, 0xee, 0xff, 0xfd, 0x45, 0x00, 0x00, 0x00, 0x0b, 0xe1,
    0xff, 0xff, 0x7d, 0x00, 0x00, 0x00, 0x00, 0x1b, 0xe1, 0xff, 0xe0, 0x0b, 0x00, 0x00, 0x5d, 0xff,
    0xff, 0xca, 0x00, 0x00, 0x00, 0x00, 0x00, 0x00, 0x48, 0xff, 0xff, 0x5c, 0x00, 0x00, 0xb0, 0xff,
    0xff, 0x61, 0x00, 0x00, 0x00, 0x00, 0x00, 0x00, 0x00, 0xde, 0xff, 0xb0, 0x00, 0x00, 0xdb, 0xff,
    0xff, 0x24, 0x00, 0x00, 0x00, 0x00, 0x00, 0x00, 0x00, 0xa1, 0xff, 0xda, 0x00, 0x00, 0xf3, 0xff,
    0xff, 0x0a, 0x00, 0x00, 0x00, 0x00, 0x00, 0x00, 0x00, 0x87, 0xff, 0xf2, 0x00, 0x00, 0xf4, 0xff,
    0xff, 0x09, 0x00, 0x00, 0x00, 0x00, 0x00, 0x00, 0x00, 0x85, 0xff, 0xf3, 0x00, 0x00, 0xdb, 0xff,
    0xff, 0x23, 0x00, 0x00, 0x00, 0x00, 0x00, 0x00, 0x00, 0x9f, 0xff, 0xda, 0x00, 0x00, 0xb0, 0xff,
    0xff, 0x5f, 0x00, 0x00, 0x00, 0x00, 0x00, 0x00, 0x00, 0xdb, 0xff, 0xb0, 0x00, 0x00, 0x5d, 0xff,
    0xff, 0xc7, 0x00, 0x00, 0x00, 0x00, 0x00, 0x00, 0x45, 0xff, 0xff, 0x5c, 0x00, 0x00, 0x0b, 0xe1,
    0xff, 0xff, 0x78, 0x00, 0x00, 0x00, 0x00, 0x18, 0xde, 0xff, 0xe1, 0x0b, 0x00, 0x00, 0x00, 0x48,
    0xfd, 0xff, 0xff, 0xb5, 0x64, 0x54, 0x81, 0xed, 0xff, 0xfd, 0x46, 0x00, 0x00, 0x00, 0x00, 0x00,
    0x52, 0xf6, 0xff, 0xff, 0xff, 0xff, 0xff, 0xff, 0xf4, 0x4e, 0x00, 0x00, 0x00, 0x00, 0x00, 0x00,
    0x00, 0x1d, 0x88, 0xd0, 0xf0, 0xf0, 0xcf, 0x84, 0x1a, 0x00, 0x00, 0x00, 0x00, 0x00, 0x00, 0x00,
    0x00, 0x29, 0xf7, 0xff, 0x9a, 0x00, 0x00, 0x00, 0x00, 0x00, 0x00, 0x00, 0x00, 0x00, 0x00, 0x00,
    0x00, 0x00, 0x00, 0x74, 0xff, 0xfa, 0x1e, 0x00, 0x00, 0x00, 0x00, 0x00, 0x00, 0x00, 0x00, 0x00,
    0x00, 0x00, 0x00, 0x00, 0x02, 0xc3, 0xff, 0x96, 0x00, 0x00, 0x00, 0x00, 0x00, 0x00, 0x00, 0x00,
    0x00, 0x00, 0x00, 0x00, 0x00, 0x00, 0x23, 0xf4, 0xf8, 0x1b, 0x00, 0x00, 0x00, 0x00, 0x00, 0x00,
    0x00, 0x00, 0x00, 0x00, 0x00, 0x00, 0x00, 0x00, 0x00, 0x00, 0x00, 0x00, 0x00, 0x00, 0x00, 0x00,
    0x00, 0x00, 0x00, 0x00, 0x00, 0x00, 0x00, 0x00, 0x00, 0x00, 0x00, 0x00, 0x00, 0x00, 0x00, 0x00,
    0x00, 0x00, 0x00, 0x00, 0x00, 0xff, 0xff, 0x7c, 0x00, 0x00, 0x00, 0x00, 0x00, 0x00, 0x00, 0xff,
    0xff, 0x7c, 0x00, 0x00, 0x00, 0x00, 0xff, 0xff, 0x7c, 0x00, 0x00, 0x00, 0x00, 0x00, 0x00, 0x00,
    0xff, 0xff, 0x7c, 0x00, 0x00, 0x00, 0x00, 0xff, 0xff, 0x7c, 0x00, 0x00, 0x00, 0x00, 0x00, 0x00,
    0x00, 0xff, 0xff, 0x7c, 0x00, 0x00, 0x00, 0x00, 0xff, 0xff, 0x7c, 0x00, 0x00, 0x00, 0x00, 0x00,
    0x00, 0x00, 0xff, 0xff, 0x7c, 0x00, 0x00, 0x00, 0x00, 0xff, 0xff, 0x7c, 0x00, 0x00, 0x00, 0x00,
    0x00, 0x00, 0x00, 0xff, 0xff, 0x7c, 0x00, 0x00, 0x00, 0x00, 0xff, 0xff, 0x7c, 0x00, 0x00, 0x00,
    0x00, 0x00, 0x00, 0x00, 0xff, 0xff, 0x7c, 0x00, 0x00, 0x00, 0x00, 0xff, 0xff, 0x7c, 0x00, 0x00,
    0x00, 0x00, 0x00, 0x00, 0x00, 0xff, 0xff, 0x7c, 0x00, 0x00, 0x00, 0x00, 0xff, 0xff, 0x7c, 0x00,
    0x00, 0x00, 0x00, 0x00, 0x00, 0x00, 0xff, 0xff, 0x7c, 0x00, 0x00, 0x00, 0x00, 0xff, 0xff, 0x7c,
    0x00, 0x00, 0x00, 0x00, 0x00, 0x00, 0x00, 0xff, 0xff, 0x7c, 0x00, 0x00, 0x00, 0x00, 0xff, 0xff,
    0x7c, 0x00, 0x00, 0x00, 0x00, 0x00, 0x00, 0x03, 0xff, 0xff, 0x7c, 0x00, 0x00, 0x00, 0x00, 0xf5,
    0xff, 0x94, 0x00, 0x00, 0x00, 0x00, 0x00, 0x00, 0x1e, 0xff, 0xff, 0x7c, 0x00, 0x00, 0x00, 0x00,
    0xdd, 0xff, 0xca, 0x00, 0x00, 0x00, 0x00, 0x00, 0x00, 0x6f, 0xff, 0xff, 0x7c, 0x00, 0x00, 0x00,
    0x00, 0xa1, 0xff, 0xff, 0x5a, 0x00, 0x00, 0x00, 0x00, 0x29, 0xef, 0xff, 0xff, 0x7c, 0x00, 0x00,
    0x00, 0x00, 0x3b, 0xfe, 0xff, 0xfb, 0x99, 0x54, 0x54, 0x8c, 0xf3, 0xc1, 0xff, 0xff, 0x7c, 0x00,
    0x00, 0x00, 0x00, 0x00, 0x7d, 0xff, 0xff, 0xff, 0xff, 0xff, 0xff, 0xe3, 0x20, 0xff, 0xff, 0x7c,
    0x00, 0x00, 0x00, 0x00, 0x00, 0x00, 0x49, 0xb6, 0xea, 0xf6, 0xd6, 0x84, 0x13, 0x00, 0xff, 0xff,
    0x7c, 0x00, 0x00, 0x00, 0x00, 0x00, 0x00, 0x00, 0x00, 0x00, 0x00, 0x29, 0xfd, 0xff, 0x94, 0x00,
    0x00, 0x00, 0x00, 0x00, 0x00, 0x00, 0x00, 0x00, 0x00, 0x00, 0x00, 0x00, 0xa6, 0xff, 0xdb, 0x0a,
    0x00, 0x00, 0x00, 0x00, 0x00, 0x00, 0x00, 0x00, 0x00, 0x00, 0x00, 0x00, 0x26, 0xfc, 0xfd, 0x3b,
    0x00, 0x00, 0x00, 0x00, 0x00, 0x00, 0x00, 0x00, 0x00, 0x00, 0x00, 0x00, 0x00, 0xa1, 0xff, 0x8a,
    0x00, 0x00, 0x00, 0x00, 0x00, 0x00, 0x00, 0x00, 0x00, 0x00, 0x00, 0x00, 0x00, 0x00, 0x00, 0x00,
    0x00, 0x00, 0x00, 0x00, 0x00, 0x00, 0x00, 0x00, 0x00, 0x00, 0x00, 0x00, 0x00, 0x00, 0x00, 0x00,
    0x00, 0x00, 0x00, 0x00, 0x00, 0x00, 0x00, 0x00, 0x00, 0x00, 0x00, 0xff, 0xff, 0x7c, 0x00, 0x00,
    0x00, 0x00, 0x00, 0x00, 0x00, 0xff, 0xff, 0x7c, 0x00, 0x00, 0x00, 0x00, 0xff, 0xff, 0x7c, 0x00,
    0x00, 0x00, 0x00, 0x00, 0x00, 0x00, 0xff, 0xff, 0x7c, 0x00, 0x00, 0x00, 0x00, 0xff, 0xff, 0x7c,
    0x00, 0x00, 0x00, 0x00, 0x00, 0x00, 0x00, 0xff, 0xff, 0x7c, 0x00, 0x00, 0x00, 0x00, 0xff, 0xff,
    0x7c, 0x00, 0x00, 0x00, 0x00, 0x00, 0x00, 0x00, 0xff, 0xff, 0x7c, 0x00, 0x00, 0x00, 0x00, 0xff,
    0xff, 0x7c, 0x00, 0x00, 0x00, 0x00, 0x00, 0x00, 0x00, 0xff, 0xff, 0x7c, 0x00, 0x00, 0x00, 0x00,
    0xff, 0xff, 0x7c, 0x00, 0x00, 0x00, 0x00, 0x00, 0x00, 0x00, 0xff, 0xff, 0x7c, 0x00, 0x00, 0x00,
    0x00, 0xff, 0xff, 0x7c, 0x00, 0x00, 0x00, 0x00, 0x00, 0x00, 0x00, 0xff, 0xff, 0x7c, 0x00, 0x00,
    0x00, 0x00, 0xff, 0xff, 0x7c, 0x00, 0x00, 0x00, 0x00, 0x00, 0x00, 0x00, 0xff, 0xff, 0x7c, 0x00,
    0x00, 0x00, 0x00, 0xff, 0xff, 0x7c, 0x00, 0x00, 0x00, 0x00, 0x00, 0x00, 0x00, 0xff, 0xff, 0x7c,
    0x00, 0x00, 0x00, 0x00, 0xff, 0xff, 0x7c, 0x00, 0x00, 0x00, 0x00, 0x00, 0x00, 0x03, 0xff, 0xff,
    0x7c, 0x00, 0x00, 0x00, 0x00, 0xf5, 0xff, 0x94, 0x00, 0x00, 0x00, 0x00, 0x00, 0x00, 0x1e, 0xff,
    0xff, 0x7c, 0x00, 0x00, 0x00, 0x00, 0xdd, 0xff, 0xca, 0x00, 0x00, 0x00, 0x00, 0x00, 0x00, 0x6f,
    0xff, 0xff, 0x7c, 0x00, 0x00, 0x00, 0x00, 0xa1, 0xff, 0xff, 0x5a, 0x00, 0x00, 0x00, 0x00, 0x29,
    0xef, 0xff, 0xff, 0x7c, 0x00, 0x00, 0x00, 0x00, 0x3b, 0xfe, 0xff, 0xfb, 0x99, 0x54, 0x54, 0x8c,
    0xf3, 0xc1, 0xff, 0xff, 0x7c, 0x00, 0x00, 0x00, 0x00, 0x00, 0x7d, 0xff, 0xff, 0xff, 0xff, 0xff,
    0xff, 0xe3, 0x20, 0xff, 0xff, 0x7c, 0x00, 0x00, 0x00, 0x00, 0x00, 0x00, 0x49, 0xb6, 0xea, 0xf6,
    0xd6, 0x84, 0x13, 0x00, 0xff, 0xff, 0x7c, 0x00, 0x00, 0x00, 0x00, 0x00, 0x00, 0x24, 0x73, 0x24,
    0x00, 0x00, 0x24, 0x73, 0x24, 0x00, 0x00, 0x00, 0x00, 0x00, 0x00, 0x00, 0x00, 0x00, 0xdc, 0xff,
    0xdc, 0x00, 0x00, 0xdc, 0xff, 0xdc, 0x00, 0x00, 0x00, 0x00, 0x00, 0x00, 0x00, 0x00, 0x00, 0xdc,
    0xff, 0xdb, 0x00, 0x00, 0xdc, 0xff, 0xdb, 0x00, 0x00, 0x00, 0x00, 0x00, 0x00, 0x00, 0x00, 0x00,
    0x24, 0x74, 0x24, 0x00, 0x00, 0x24, 0x74, 0x24, 0x00, 0x00, 0x00, 0x00, 0x00, 0x00, 0x00, 0x00,
    0x00, 0x00, 0x00, 0x00, 0x00, 0x00, 0x00, 0x00, 0x00, 0x00, 0x00, 0x00, 0x00, 0x00, 0x00, 0x00,
    0x00, 0x00, 0x00, 0x00, 0x00, 0x00, 0x00, 0x00, 0x00, 0x00, 0x00, 0x00, 0x00, 0x00, 0x00, 0x00,
    0x00, 0xff, 0xff, 0x7c, 0x00, 0x00, 0x00, 0x00, 0x00, 0x00, 0x00, 0xff, 0xff, 0x7c, 0x00, 0x00,
    0x00, 0x00, 0xff, 0xff, 0x7c, 0x00, 0x00, 0x00, 0x00, 0x00, 0x00, 0x00, 0xff, 0xff, 0x7c, 0x00,
    0x00, 0x00, 0x00, 0xff, 0xff, 0x7c, 0x00, 0x00, 0x00, 0x00, 0x00, 0x00, 0x00, 0xff, 0xff, 0x7c,
    0x00, 0x00, 0x00, 0x00, 0xff, 0xff, 0x7c, 0x00, 0x00, 0x00, 0x00, 0x00, 0x00, 0x00, 0xff, 0xff,
    0x7c, 0x00, 0x00, 0x00, 0x00, 0xff, 0xff, 0x7c, 0x00, 0x00, 0x00, 0x00, 0x00, 0x00, 0x00, 0xff,
    0xff, 0x7c, 0x00, 0x00, 0x00, 0x00, 0xff, 0xff, 0x7c, 0x00, 0x00, 0x00, 0x00, 0x00, 0x00, 0x00,
    0xff, 0xff, 0x7c, 0x00, 0x00, 0x00, 0x00, 0xff, 0xff, 0x7c, 0x00, 0x00, 0x00, 0x00, 0x00, 0x00,
    0x00, 0xff, 0xff, 0x7c, 0x00, 0x00, 0x00, 0x00, 0xff, 0xff, 0x7c, 0x00, 0x00, 0x00, 0x00, 0x00,
    0x00, 0x00, 0xff, 0xff, 0x7c, 0x00, 0x00, 0x00, 0x00, 0xff, 0xff, 0x7c, 0x00, 0x00, 0x00, 0x00,
    0x00, 0x00, 0x00, 0xff, 0xff, 0x7c, 0x00, 0x00, 0x00, 0x00, 0xff, 0xff, 0x7c, 0x00, 0x00, 0x00,
    0x00, 0x00, 0x00, 0x03, 0xff, 0xff, 0x7c, 0x00, 0x00, 0x00, 0x00, 0xf5, 0xff, 0x94, 0x00, 0x00,
    0x00, 0x00, 0x00, 0x00, 0x1e, 0xff, 0xff, 0x7c, 0x00, 0x00, 0x00, 0x00, 0xdf, 0xff, 0xca, 0x00,
    0x00, 0x00, 0x00, 0x00, 0x00, 0x6f, 0xff, 0xff, 0x7c, 0x00, 0x00, 0x00, 0x00, 0xa5, 0xff, 0xff,
    0x5a, 0x00, 0x00, 0x00, 0x00, 0x29, 0xbe, 0xff, 0xff, 0x7c, 0x00, 0x00, 0x00, 0x00, 0x42, 0xff,
    0xff, 0xfb, 0x99, 0x54, 0x54, 0x8c, 0xf3, 0x5c, 0xff, 0xff, 0x7c, 0x00, 0x00, 0x00, 0x00, 0x00,
    0x8d, 0xff, 0xff, 0xff, 0xff, 0xff, 0xff, 0xa7, 0x00, 0xff, 0xff, 0x7c, 0x00, 0x00, 0x00, 0x00,
    0x00, 0x00, 0x56, 0xc1, 0xef, 0xf0, 0xc7, 0x5e, 0x02, 0x00, 0xff, 0xff, 0x7c, 0x00, 0x00, 0x00,
    0x00, 0x4b, 0xe4, 0xe4, 0x49, 0x00, 0x00, 0x00, 0x00, 0x4c, 0xe5, 0xe3, 0x49, 0x00, 0x00, 0x00,
    0x00, 0x4b, 0xe4, 0xe4, 0x49, 0x00, 0x00, 0x00, 0x00, 0xe5, 0xff, 0xff, 0xe4, 0x00, 0x00, 0x00,
    0x00, 0xe5, 0xff, 0xff, 0xe4, 0x00, 0x00, 0x00, 0x00, 0xe5, 0xff, 0xff, 0xe4, 0x00, 0x00, 0x00,
    0x00, 0xe4, 0xff, 0xff, 0xe2, 0x00, 0x00, 0x00, 0x00, 0xe4, 0xff, 0xff, 0xe2, 0x00, 0x00, 0x00,
    0x00, 0xe4, 0xff, 0xff, 0xe2, 0x00, 0x00, 0x00, 0x00, 0x49, 0xe4, 0xe3, 0x47, 0x00, 0x00, 0x00,
    0x00, 0x49, 0xe4, 0xe3, 0x47, 0x00, 0x00, 0x00, 0x00, 0x49, 0xe4, 0xe3, 0x47, 0x00, 0x00, 0x00,
    0x00, 0xf0, 0xff, 0xc4, 0x00, 0x00, 0x07, 0xff, 0xff, 0x8d, 0x00, 0x00, 0x1e, 0xff, 0xff, 0x57,
    0x00, 0x00, 0x35, 0xff, 0xff, 0x20, 0x00, 0x00, 0x4c, 0xff, 0xea, 0x00, 0x00, 0x00, 0x63, 0xff,
    0xb3, 0x00, 0x00, 0x00, 0x7a, 0xff, 0x7d, 0x00, 0x00, 0x00, 0x91, 0xff, 0x47, 0x00, 0x00, 0x00,
    0x00, 0x00, 0x00, 0x00, 0x00, 0x00, 0x00, 0x00, 0x00, 0x00, 0x00, 0x00, 0x00, 0x00, 0x00, 0x00,
    0x00, 0x00, 0x00, 0x00, 0x00, 0x00, 0x00, 0x00, 0x00, 0x00, 0x00, 0x00, 0x00, 0x00, 0x00, 0x00,
    0x00, 0x00, 0x00, 0x00, 0x00, 0x00, 0x00, 0x00, 0x00, 0x00, 0x00, 0x00, 0x00, 0x00, 0x00, 0x00,
    0x00, 0x00, 0x00, 0x00, 0x00, 0x00, 0x00, 0x00, 0x00, 0x00, 0x00, 0x00, 0x00, 0x00, 0x00, 0x00,
    0x00, 0x00, 0x00, 0x00, 0x00, 0x00, 0x00, 0x00, 0x00, 0x00, 0x00, 0x00, 0x00, 0x00, 0x00, 0xf0,
    0xff, 0xc4, 0x00, 0x00, 0x00, 0xc8, 0xff, 0xe8, 0x00, 0x00, 0x07, 0xff, 0xff, 0x8d, 0x00, 0x00,
    0x00, 0xdf, 0xff, 0xb2, 0x00, 0x00, 0x1e, 0xff, 0xff, 0x57, 0x00, 0x00, 0x00, 0xf5, 0xff, 0x7c,
    0x00, 0x00, 0x35, 0xff, 0xff, 0x20, 0x00, 0x00, 0x0d, 0xff, 0xff, 0x46, 0x00, 0x00, 0x4c, 0xff,
    0xea, 0x00, 0x00, 0x00, 0x24, 0xff, 0xfe, 0x11, 0x00, 0x00, 0x63, 0xff, 0xb3, 0x00, 0x00, 0x00,
    0x3b, 0xff, 0xda, 0x00, 0x00, 0x00, 0x7a, 0xff, 0x7d, 0x00, 0x00, 0x00, 0x52, 0xff, 0xa4, 0x00,
    0x00, 0x00, 0x91, 0xff, 0x47, 0x00, 0x00, 0x00, 0x69, 0xff, 0x6e, 0x00, 0x00, 0x00, 0x00, 0x00,
    0x00, 0x00, 0x00, 0x00, 0x00, 0x00, 0x00, 0x00, 0x00, 0x00, 0x00, 0x00, 0x00, 0x00, 0x00, 0x00,
    0x00, 0x00, 0x00, 0x00, 0x00, 0x00, 0x00, 0x00, 0x00, 0x00, 0x00, 0x00, 0x00, 0x00, 0x00, 0x00,
    0x00, 0x00, 0x00, 0x00, 0x00, 0x00, 0x00, 0x00, 0x00, 0x00, 0x00, 0x00, 0x00, 0x00, 0x00, 0x00,
    0x00, 0x00, 0x00, 0x00, 0x00, 0x00, 0x00, 0x00, 0x00, 0x00, 0x00, 0x00, 0x00, 0x00, 0x00, 0x00,
    0x00, 0x00, 0x00, 0x00, 0x00, 0x00, 0x00, 0x00, 0x00, 0x00, 0x00, 0x00, 0x00, 0x00, 0x00, 0x00,
    0x00, 0x00, 0x00, 0x00, 0x00, 0x00, 0x00, 0x00, 0x00, 0x00, 0x00, 0x00, 0x00, 0x00, 0x00, 0x00,
    0x00, 0x00, 0x00, 0x00, 0x00, 0x00, 0x00, 0x00, 0x00, 0x00, 0x00, 0x00, 0x00, 0x00, 0x00, 0x00,
    0x00, 0x00, 0x00, 0x00, 0x00, 0x00, 0x00, 0x00, 0x00, 0x00, 0x00, 0x00, 0x00, 0x00, 0x00, 0x00,
    0x00, 0x00, 0x00, 0x00, 0x00, 0x00, 0x00, 0x00, 0x00, 0x00, 0x00, 0x00, 0x00, 0x00, 0x00, 0x00,
    0x00, 0x00, 0x00, 0x00, 0x00, 0x00, 0x00, 0x00, 0x00,
};

const wind_font_asset_t wind_font_inter_28 = {
    28, 28, 7, wind_font_inter_28_glyphs,
    sizeof(wind_font_inter_28_glyphs) / sizeof(wind_font_inter_28_glyphs[0]),
    31, wind_font_inter_28_bitmap,
};
